"spotify_id","name","deezer_id","deezer_name","match","matched_on","last_checked","sp_last_checked"
"5RzauMZQELIuit9D6Y2KKd","‘Jesus Christ Superstar’ 1996 London Cast",,,"not_found","2026-10-05",,
"1ZwdS5xdxEREPySFridCfh","2Pac",,,"not_found","2026-10-05",,
"41Q0HrwWBtuUkJc7C1Rp6K","311",,,"not_found","2026-10-05",,
"3vn7rk7VNMfDhuZNB9sDYP","360",,,"not_found","2026-10-05",,
"31W5EY0aAly4Qieq6OFu6I","A Boogie Wit da Hoodie",,,"not_found","2026-10-05",,
"2jzc5TC5TVFLXQlBNiIUzE","a-ha",,,"not_found","2026-10-05",,
"13ubrt8QOOCPljQ2FL1Kca","A$AP Rocky",,,"not_found","2026-10-05",,
"6vuVYXtXvcNwD51ajwvMks","Aamir",,,"not_found","2026-10-05",,
"5Nm4sZeWDNd1sOs5HcxAbl","Aaron Smith",,,"not_found","2026-10-05",,
"0LcJLqbBmaGUft1e9Mm8HV","ABBA",,,"not_found","2026-10-05",,
"7kVavslIGCmfm0zt4veXQL","Abner Nevarez",,,"not_found","2026-10-05",,
"5avsOgAM85HMGDMlzHtNPp","AC",,,"not_found","2026-10-05",,
"0zMQZ4UYUvPdkb3nlhHFqq","Acrobasis",,,"not_found","2026-10-05",,
"72kqSqk124Vnl1wtT6q9Fh","Adassa",,,"not_found","2026-10-05",,
"4dpARuHxo51G3z768sgnrY","Adele",,,"not_found","2026-10-05",,
"2O8CMGDnzYHpcZOSNVoLdQ","ADONA",,,"not_found","2026-10-05",,
"1PzQflIFK6E2MGyfGfuhYQ","ADORA",,,"not_found","2026-10-05",,
"70IRyiXZdU8eIY56M0sBta","AG",,,"not_found","2026-10-05",,
"6SsTlCsuCYleNza6xGwynu","Agnes",,,"not_found","2026-10-05",,
"08Uextujt6ZT2iQmSYAJfH","AHI",,,"not_found","2026-10-05",,
"6Lu4e8FvAWcp1S5BVoDLjJ","Aiba",,,"not_found","2026-10-05",,
"1P6U1dCeHxPui5pIrGmndZ","Air",,,"not_found","2026-10-05",,
"6s22t5Y3prQHyaHWUN1R1C","AJR",,,"not_found","2026-10-05",,
"76VCxGTvlNLm0YOn7f9BIf","Akira",,,"not_found","2026-10-05",,
"0z4gvV4rjIZ9wHck67ucSV","Akon",,,"not_found","2026-10-05",,
"4mxWe1mtYIYfP040G38yvS","Alan Jackson",,,"not_found","2026-10-05",,
"46OrDzPTlnqoO0uq2lRyLr","Alex Aldi",,,"not_found","2026-10-05",,
"1mJucMwGjnCatEdVk9eedj","Alex Alexander",,,"not_found","2026-10-05",,
"6QEAuf6FEo9WJ3sm2vpJ5m","Alex Band",,,"not_found","2026-10-05",,
"6SraGCznFUAZ3zb4zVe3DM","Alex Boyé",,,"not_found","2026-10-05",,
"3DiDSECUqqY1AuBP8qtaIa","Alicia Keys",,,"not_found","2026-10-05",,
"61ipISvUVa5LkJlKZnm3Oo","Alle Farben",,,"not_found","2026-10-05",,
"31flvtVAoseCXwcvWaF0Ee","Allstars",,,"not_found","2026-10-05",,
"0NGAZxHanS9e0iNHpR8f2W","Alok",,,"not_found","2026-10-05",,
"3NOLGndGHL48IB3YFdA36r","Alon",,,"not_found","2026-10-05",,
"2t7THYoDAV1wXEmsp7HNH1","AMADEUS",,,"not_found","2026-10-05",,
"4aTfhUG1TgzhNG6pzCsu51","Ameerah",,,"not_found","2026-10-05",,
"6rl53MP8HSoiugpqzA50Zh","Amir",,,"not_found","2026-10-05",,
"2siHvYaxjaW5rKVRiIrMYH","Anastacia",,,"not_found","2026-10-05",,
"3KO2BnAsUJjjAVyPH2F8uK","Anderson",,,"not_found","2026-10-05",,
"5IYKy7KrPnt0B843Oi7b3V","André Hustoft Nesheim",,,"not_found","2026-10-05",,
"2WDyVWhRhGWexG3ZheOLvO","Andrew Maxman",,,"not_found","2026-10-05",,
"6xfqnpe2HnLVUaYXs2F8YS","Anna Kendrick",,,"not_found","2026-10-05",,
"4zR2t8bagib4ozydVgb93l","Annabel",,,"not_found","2026-10-05",,
"1zNqDE7qDGCsyzJwohVaoX","Anne-Marie",,,"not_found","2026-10-05",,
"4wfMyaoM1U8nnEvdI8BZnC","ANTH",,,"not_found","2026-10-05",,
"4nhVPRChv24WG40x4H0eaG","Antonio D",,,"not_found","2026-10-05",,
"2EpEo5cgrVpjbLIVlwyyQf","Aodhán King",,,"not_found","2026-10-05",,
"5nhwZTZri5arEhPjYJVtfe","Archer",,,"not_found","2026-10-05",,
"0c09mxGbMHuFLpPJMY6JdA","Arion",,,"not_found","2026-10-05",,
"4IKVDbCSBTxBeAsMKjAuTs","Armaan Malik",,,"not_found","2026-10-05",,
"7MQDJNvGqaOmxVZ9NIMre1","Artists AgainstIHedleyISimple PlanIKardinal OffishallILightsIAlyssa ReidIFefe DobsonIWalk Off The Earth",,,"not_found","2026-10-05",,
"3uiqR9wcReLReSwjXFdTv7","Astrid",,,"not_found","2026-10-05",,
"74ZHOTPP0eWWe9kLt8jHbP","ATC",,,"not_found","2026-10-05",,
"3K075m0ezXFrAdGtZUawkB","Atli",,,"not_found","2026-10-05",,
"7pEVNuJRlpDXlsrcq32yHp","Atlus",,,"not_found","2026-10-05",,
"2XVvpzlWqk7Dmj8BgKx4k1","atom",,,"not_found","2026-10-05",,
"40WIa01eubnEVkxUHeDZyF","Au5",,,"not_found","2026-10-05",,
"0E92sZIifY5BwrEDL4thua","Auric Veil",,,"not_found","2026-10-05",,
"6N8vbhxZ0CYJHd8WGJ9Snf","AVEC",,,"not_found","2026-10-05",,
"4gcU7SCknj9zNp6MrqOsl5","AWIN",,,"not_found","2026-10-05",,
"2XnBwblw31dfGnspMIwgWz","Axwell /\ Ingrosso",,,"not_found","2026-10-05",,
"5ndkK3dpZLKtBklKjxNQwT","B.o.B",,,"not_found","2026-10-05",,
"11NuoW8o09v2cvnCAhKpbq","baard",,,"not_found","2026-10-05",,
"3YqFSZLBUbSMeBM749iW7M","BACALL",,,"not_found","2026-10-05",,
"4qWnlmXWuGv2TtuxtIWlJX","BANNERS",,,"not_found","2026-10-05",,
"3mKqIEF3Coa2rNT4ojEh8Q","Barcelona",,,"not_found","2026-10-05",,
"6PY7bFVtegPvXlyuKxUDsE","Basti Schmidt",,,"not_found","2026-10-05",,
"6SDkocG9wTPzVk5RdOTKoX","Becca",,,"not_found","2026-10-05",,
"4obzFoKoKRHIphyHzJ35G3","Becky G",,,"not_found","2026-10-05",,
"06y1hH4hu3rcTUXHJevPCf","Ben Lee",,,"not_found","2026-10-05",,
"4krYRNHjKcETSEY2Ghf9Mo","Bendik",,,"not_found","2026-10-05",,
"1TUO8DpCpHhmB4gYdLqLOF","Benji",,,"not_found","2026-10-05",,
"0eS2ZGOnJi5Cp4ASTy4aBc","Benne",,,"not_found","2026-10-05",,
"4Ws2otunReOa6BbwxxpCt6","Benny Benassi",,,"not_found","2026-10-05",,
"7vkBnXHIvNilYcrqt9RJLD","Bergen Philharmonic Orchestra",,,"not_found","2026-10-05",,
"0Tazr7cok0ZIzVWH27sqeY","Beth",,,"not_found","2026-10-05",,
"6vWDO969PvNqNYHIOW5v0m","Beyoncé",,,"not_found","2026-10-05",,
"0c173mlxpT3dSFRgMO8XPh","Big Sean",,,"not_found","2026-10-05",,
"6zFYqv1mOsgBRQbae3JJ9e","Billy Joel",,,"not_found","2026-10-05",,
"2cFrymmkijnjDg9SS92EPM","blackbear",,,"not_found","2026-10-05",,
"5DVn0SRL5VGDnxam2338gg","Blake Michael",,,"not_found","2026-10-05",,
"3cqjRMFHyTEbY3Gq1P7sAl","Blakey",,,"not_found","2026-10-05",,
"0GMSpOzEVXA4kboHiyvddO","Blanca",,,"not_found","2026-10-05",,
"7geo7fjTQyp13Wf2ALTZCF","Blanks",,,"not_found","2026-10-05",,
"2yEkZBBjhzKzt6LF5XMaFi","Blue",,,"not_found","2026-10-05",,
"0gemmZ2Ruimn75T84xdjlq","BLUTH",,,"not_found","2026-10-05",,
"74ASZWbe4lXaubB36ztrGX","Bob Dylan",,,"not_found","2026-10-05",,
"485uL27bPomh29R4JmQehQ","Bob Seger",,,"not_found","2026-10-05",,
"208NpeNmmOZK5NLoCCNYLX","Bobby G",,,"not_found","2026-10-05",,
"38NhRjiIQAbSBQwzjC2Idp","Bodin",,,"not_found","2026-10-05",,
"08p782h5VznNEQMM4wAEp9","Boehm",,,"not_found","2026-10-05",,
"7y73UWza7rolywdtTdYJV4","BOI",,,"not_found","2026-10-05",,
"0m2Wc2gfNUWaAuBK7URPIJ","Bono",,,"not_found","2026-10-05",,
"1KP6TWI40m7p3QBTU6u2xo","BØRNS",,,"not_found","2026-10-05",,
"2gorlgsMUJH6TSfTPhaCdW","BOY SODA",,,"not_found","2026-10-05",,
"5uEeqYFuIChoWKy34jp8xE","Brando",,,"not_found","2026-10-05",,
"6FShVH7NfiowNaNumqeBhZ","Brandt",,,"not_found","2026-10-05",,
"5AA9zA65g5X5KzMmv88VGS","BRANT",,,"not_found","2026-10-05",,
"0C86lmpnwiyLDUiyo4d0P1","BRELAND",,,"not_found","2026-10-05",,
"4K2VQvyBnfU7La65rShI0v","Brendan Peyper",,,"not_found","2026-10-05",,
"26dSoYclwsYLMAKD3tpOr4","Britney Spears",,,"not_found","2026-10-05",,
"3xpoOiUQYO66hhkFTwoCvr","Brolly",,,"not_found","2026-10-05",,
"3nPLiBV2dZFVjp9y883zME","Brooke Beitzel",,,"not_found","2026-10-05",,
"4mHAu7NX2UNsnGXjviBD9e","Brooks",,,"not_found","2026-10-05",,
"7q8ZVPuRHnOHmkTdtELNmm","Brophy",,,"not_found","2026-10-05",,
"39NR3AUhpbbqKM33vWn2fp","Brothers Osborne",,,"not_found","2026-10-05",,
"3eqjTLE0HfPfh78zjh6TqT","Bruce Springsteen",,,"not_found","2026-10-05",,
"0du5cEVh5yTK9QJze8zA0C","Bruno Mars",,,"not_found","2026-10-05",,
"3Nrfpe0tUJi4K4DXYWgMUX","BTS",,,"not_found","2026-10-05",,
"5vBrKGOjN10BMwB0cJADj4","bülow",,,"not_found","2026-10-05",,
"2CpLIMBoE2ZzyY3ZBCRZ7j","BUNT.",,,"not_found","2026-10-05",,
"3wcj11K77LjEY1PkEazffa","Burna Boy",,,"not_found","2026-10-05",,
"06a0KPufkYNdb0mZ9CcSho","BYRNE",,,"not_found","2026-10-05",,
"77Y0VaGhTLxtpZ0nLbD2oD","C. James",,,"not_found","2026-10-05",,
"4VmI5ZXt5FnlYIA8xHCLGH","CAL",,,"not_found","2026-10-05",,
"3E61SnNA9oqKP7hI0K3vZv","CALVO",,,"not_found","2026-10-05",,
"5WRElKaZsn1tGnrgmJVAeO","Cam",,,"not_found","2026-10-05",,
"4nDoRrQiYLoBzwC5BhVJzF","Camila Cabello",,,"not_found","2026-10-05",,
"28gNT5KBp7IjEOQoevXf9N","Camilo",,,"not_found","2026-10-05",,
"30qCQViXV1L8C7Ilb5z2GC","Camino",,,"not_found","2026-10-05",,
"4kYSro6naA4h99UJvo89HB","Cardi B",,,"not_found","2026-10-05",,
"1R63tl9PnzXpuUgr8MNnmg","Carl",,,"not_found","2026-10-05",,
"1LOB7jTeEV14pHai6EXSzF","Cash Cash",,,"not_found","2026-10-05",,
"4sf3QZW8a3xZ14IGsOAzoy","Cassius",,,"not_found","2026-10-05",,
"2WZPrti55A8C0rkTh2H53u","CASTLE",,,"not_found","2026-10-05",,
"1qXuwKQR0iK6HBmJO3n0SZ","Castro",,,"not_found","2026-10-05",,
"7D25zMq1tDmT0nfh6ieYph","Cate",,,"not_found","2026-10-05",,
"3qfrrrSO7utFdJkM2tvMRb","CeCe Winans",,,"not_found","2026-10-05",,
"5ZheOSzgxKh55R5LlDApTq","Celine",,,"not_found","2026-10-05",,
"6y7frW1RUq3XBBXbYowVpk","Chandler Moore",,,"not_found","2026-10-05",,
"4FRgokXij5IuiufM05094s","Chanin",,,"not_found","2026-10-05",,
"5jum8G9CQDNNd4ZtgM6KT7","CHAPPY",,,"not_found","2026-10-05",,
"6jksmzWtCW0wD3pD0z47ua","Charles William",,,"not_found","2026-10-05",,
"054xTptvdBhGqiTOHvgUaQ","CHARLS",,,"not_found","2026-10-05",,
"7DMveApC7UnC2NPfPvlHSU","Cheat Codes",,,"not_found","2026-10-05",,
"7Mf94AcOpWMFGguqquZc2G","Cheree Price",,,"not_found","2026-10-05",,
"2EbKQZugGWFrU6z2p8mDDQ","Chim",,,"not_found","2026-10-05",,
"0H6slz0xCeit42HAFGZdwa","Chloé Hétier",,,"not_found","2026-10-05",,
"2pcnjWM5RnErAs9RPe3G2N","Chorded Threads",,,"not_found","2026-10-05",,
"1PU4kQGbRVMSyvawEYEjFp","Chris James",,,"not_found","2026-10-05",,
"4BYxqVkZyFjtik7crYLg5Q","Chris Young",,,"not_found","2026-10-05",,
"0AVwVUxhRdEKiuLNGAxmtu","Christia Visser",,,"not_found","2026-10-05",,
"3c3KO9pZEbCboisRozAqJs","Christiane",,,"not_found","2026-10-05",,
"3zDRCqOhJXJfS2YWOEwGMC","Christopher",,,"not_found","2026-10-05",,
"3erSNWh3pdqh3Hn7zb3ibt","Christopher Collier",,,"not_found","2026-10-05",,
"2NdeV5rLm47xAvogXrYhJX","Ciara",,,"not_found","2026-10-05",,
"7bSq8V5IGFa89VPDIvzehw","CIRE",,,"not_found","2026-10-05",,
"7t6GsqGAwrj1kwYbvNX0hN","Classified",,,"not_found","2026-10-05",,
"4fuZypKGg7klMEF10KTuAN","Cobi",,,"not_found","2026-10-05",,
"6zLBxLdl60ekBLpawtT63I","Cody Johnson",,,"not_found","2026-10-05",,
"0ZxZlO7oWCSYMXhehpyMvE","COIN",,,"not_found","2026-10-05",,
"2GHclqNVjqGuiE5mA7BEoc","Common",,,"not_found","2026-10-05",,
"5oG2EMrSn6KA6HIwykWfmo","Companion",,,"not_found","2026-10-05",,
"4nDnG46ApUfIhdWFjZNUk3","Concept",,,"not_found","2026-10-05",,
"1oyUjl52ohRrCv3EL1UdpM","Confetti",,,"not_found","2026-10-05",,
"3N7z79Am2V9dxOxd8K2HVo","Council",,,"not_found","2026-10-05",,
"3GrVzvy9sNlUSaocuRrifW","Cozmic",,,"not_found","2026-10-05",,
"43sZBwHjahUvgbx1WNIkIz","Creed",,,"not_found","2026-10-05",,
"09uw68tTAf3gYSPAktJa7f","Cross Worship",,,"not_found","2026-10-05",,
"39xmI59WrIMyyJjSDq6WCu","Crowder",,,"not_found","2026-10-05",,
"0lPhSdyfILTWuDUWJRyAk7","Cyn",,,"not_found","2026-10-05",,
"3NEjtYe7MmIGeWoBn305TC","Cyrus Reynolds,Gregg Lehrman",,,"not_found","2026-10-05",,
"4TLCPR1sMYoNU1jA7O4uww","D.O.E.",,,"not_found","2026-10-05",,
"4tZwfgrHOc3mvqYlEYSvVi","Daft Punk",,,"not_found","2026-10-05",,
"2v9KnUyRW5IW6dWZtptQdU","Dahl",,,"not_found","2026-10-05",,
"2zzpznMuhKlKlqh1ma7Sms","Dakota",,,"not_found","2026-10-05",,
"2CHbZTbZdKGVLSJZwnVO8f","Dan Frampton",,,"not_found","2026-10-05",,
"0Vu4A064M7J86SoMA0nrJH","Dan Talevski",,,"not_found","2026-10-05",,
"1tlNtqr5jF7Z8pR9i4RWsa","Daniel Robinson",,,"not_found","2026-10-05",,
"2Odxyy1NhJ9p76tvpxULmA","Daniela DeRobbio",,,"not_found","2026-10-05",,
"3Lk8ifX8dLKXls1ZCZAHgc","DANNA",,,"not_found","2026-10-05",,
"7kLGnEtSPGyr29DLSzvxG3","DARI",,,"not_found","2026-10-05",,
"1rKFeRryEci6cxNkdvHzNr","Darin",,,"not_found","2026-10-05",,
"48q2mPVwlKnlSaCx07i6Ta","Datsik",,,"not_found","2026-10-05",,
"5P5FTygHyx2G57oszR3Wot","Daughtry",,,"not_found","2026-10-05",,
"0xZvYTiM5QT94j1abOm0nC","Davai",,,"not_found","2026-10-05",,
"7j6jhTE9IqEgfosaebMdMB","David Allen",,,"not_found","2026-10-05",,
"0oSGxfWSnnOXhD2fKuz2Gy","David Bowie",,,"not_found","2026-10-05",,
"0SgQK24WzZf2pXBXYqHJYF","David Foster",,,"not_found","2026-10-05",,
"1yOPhRMWrKLa3eUq42PzJg","David Francisco",,,"not_found","2026-10-05",,
"3PO1jRVb0lsv2140VTXOQo","David J",,,"not_found","2026-10-05",,
"4gHYwyqJOALI9pJO1QCzq8","Davies.",,,"not_found","2026-10-05",,
"6Dd3NScHWwnW6obMFbl1BH","Daya",,,"not_found","2026-10-05",,
"3QSQFmccmX81fWCUSPTS7y","Dean Lewis",,,"not_found","2026-10-05",,
"5Sk2rH9I4RxkclerSaHA2r","Dean Robert",,,"not_found","2026-10-05",,
"3dg9yDheqCxT2R159pxwxn","Declan",,,"not_found","2026-10-05",,
"568ZhdwyaiCyOGJRtNYhWf","Deep Purple",,,"not_found","2026-10-05",,
"4nCzT3o7lMgCWBcmdwCMsT","Default",,,"not_found","2026-10-05",,
"5w2ZZrN4yX50qOLk9I8aI2","Devan",,,"not_found","2026-10-05",,
"2mpeljBig2IXLXRAFO9AAs","Dido",,,"not_found","2026-10-05",,
"6CWK2Lp7F1UClqeKVnLHVa","Differentiator",,,"not_found","2026-10-05",,
"5fMUXHkw8R8eOP2RNVYEZX","Diplo",,,"not_found","2026-10-05",,
"3xvaSlT4xsyk6lY1ESOspO","Disney",,,"not_found","2026-10-05",,
"6XhR7UoRyqdjauw1nFY6AO","DITA",,,"not_found","2026-10-05",,
"3DKkhRCGOG4e8IUPYFPfWs","Dixie",,,"not_found","2026-10-05",,
"6r20qOqY7qDWI0PPTxVMlC","DJ Fresh",,,"not_found","2026-10-05",,
"0yWaaL6vXvg8aBjH0FUwvg","DJ Min One",,,"not_found","2026-10-05",,
"32vWCbZh0xZ4o9gkz4PsEU","Dolly Parton",,,"not_found","2026-10-05",,
"2eogQKWWoohI3BSnoG7E2U","Donna Summer",,,"not_found","2026-10-05",,
"2apptOdNLv2GNsOUx0LGI7","Dorel",,,"not_found","2026-10-05",,
"6IOvhXyk5edbA2DVaeP9Up","Dorothy",,,"not_found","2026-10-05",,
"5CPsScBTPYY11Lv4Eb7k4t","Dotter",,,"not_found","2026-10-05",,
"3FpTHH0pkdBxBdGvbVUo6f","dreamr.",,,"not_found","2026-10-05",,
"7igkSEzzo4gyA5Bsah0ZdF","Driftwood Choir",,,"not_found","2026-10-05",,
"6M2wZ9GZgrQXHCFfjv46we","Dua Lipa",,,"not_found","2026-10-05",,
"0lZoBs4Pzo7R89JM9lxwoT","Duran Duran",,,"not_found","2026-10-05",,
"0K4V9JMEHWYzC8zPUzvVtO","Dustin Bushnell",,,"not_found","2026-10-05",,
"4LOM7NzyrZvlGSYPFDsnTk","Dylan",,,"not_found","2026-10-05",,
"6d0ZjIp5L7Ygy2l02HskRX","Dylan Matthew",,,"not_found","2026-10-05",,
"0ECwFtbIWEVNwjlrfc6xoL","Eagles",,,"not_found","2026-10-05",,
"7D5S8dldpjXQmdWCDnBtOL","Easton",,,"not_found","2026-10-05",,
"6iDg6AKlmdFXFaGxtrU1PE","Easton",,,"not_found","2026-10-05",,
"6eUKZXaKkcviH0Ku9w2n3V","Ed Sheeran",,,"not_found","2026-10-05",,
"1WsYCXdezMjn0KoIrLvMmC","Ed Sheeran & Justin Bieber",,,"not_found","2026-10-05",,
"71JAhEGrtBb2Xcjq25TSk5","Edwin Klift",,,"not_found","2026-10-05",,
"1Xg5tMFTyvI9QTMVltBcjy","EFA",,,"not_found","2026-10-05",,
"4Rl5fXjUzKsp4dQQsvUYAw","ehren",,,"not_found","2026-10-05",,
"0d7jzRhjOifL8X9hxNvbEn","El Micha",,,"not_found","2026-10-05",,
"4cvjsDyt0ZEIn15xINwIwE","eliane",,,"not_found","2026-10-05",,
"4K9OTkRXEFL6NDXFTqVmq9","Elina",,,"not_found","2026-10-05",,
"2ARH58Hit3yC6ziGdhma23","Elisa",,,"not_found","2026-10-05",,
"67MNhiAICFY6Pwc2YxCO0K","Elley Duhé",,,"not_found","2026-10-05",,
"00CYRdkMnA0mwfy1VQPA7X","ellis",,,"not_found","2026-10-05",,
"2C491y3A9qYcsNP6gf65vO","Elms District",,,"not_found","2026-10-05",,
"3PhoLpVuITZKcymswpck5b","Elton John",,,"not_found","2026-10-05",,
"3AlnY6JafbuFhod8D3Lo8l","Emila",,,"not_found","2026-10-05",,
"0gzwXezN4IUHAwLufA6YcX","Emma",,,"not_found","2026-10-05",,
"5s6TJEuHTr9GR894wc6VfP","Emmylou Harris",,,"not_found","2026-10-05",,
"2QVjqiBxxmJRYCYFOjBP7O","En Espíritu Y En Verdad",,,"not_found","2026-10-05",,
"7qG3b048QCHVRO5Pv1T5lw","Enrique Iglesias",,,"not_found","2026-10-05",,
"1V9ATttwgV5rW765gKwzO8","Epidemic Sound",,,"not_found","2026-10-05",,
"4YctQpJB8K4FYJwM03A6e5","Eric Lee",,,"not_found","2026-10-05",,
"6z859pa51KJ0XxDcpLCNaR","Erich Lee",,,"not_found","2026-10-05",,
"3mkANE8kTZpm5SXJWCmihm","Erlandsson",,,"not_found","2026-10-05",,
"5ovBCDCRU118CMxJ1KpAOw","Essential Worship",,,"not_found","2026-10-05",,
"1LEZ2w7TG8q9UsihNxgizY","Evergreen",,,"not_found","2026-10-05",,
"4vZCTOIZhGr9PIzBTBhxr7","Ewig",,,"not_found","2026-10-05",,
"6Q6wl4T5osps79OPDuLjNJ","Extreme Music",,,"not_found","2026-10-05",,
"4UrBx51BxpnYXrT4VMEUcW","Eyre",,,"not_found","2026-10-05",,
"1GUjxtOEHWzcLju2zUw0Pu","Ezzy",,,"not_found","2026-10-05",,
"26HhAGEjD8E9u9EFsVzbvy","Fairview",,,"not_found","2026-10-05",,
"5v6CYScuXE6A8BGVp5bRqW","FAITHFUL",,,"not_found","2026-10-05",,
"6HUm6AHJE0oisACMN6NNJ5","Faul & Wad",,,"not_found","2026-10-05",,
"2Z0x0iKRerLMaQfdbBfyqA","Fee",,,"not_found","2026-10-05",,
"7y34gMxWOTBjzUi7Y6ZMj7","Feels Like...",,,"not_found","2026-10-05",,
"6qB6x62zRpdLob5GTdEeU3","Fein",,,"not_found","2026-10-05",,
"58xkl87fmUiE7iA9jPcge8","FELA",,,"not_found","2026-10-05",,
"54piSANQOPhhndGWqqc1DV","Felicity",,,"not_found","2026-10-05",,
"3r17AfJCCUqC9Lf0OAc73G","Fergie",,,"not_found","2026-10-05",,
"3ZajykUFFll0Xwgal0fQfO","Ferras",,,"not_found","2026-10-05",,
"41WN1nz3GcBqnMZEwJCViG","FILIPPA",,,"not_found","2026-10-05",,
"7FgfVur1vT0yQyKIi0feNB","FITZ",,,"not_found","2026-10-05",,
"5qa31A9HySw3T7MKWI9bGg","FLETCHER",,,"not_found","2026-10-05",,
"0jnsk9HBra6NMjO2oANoPY","Flo Rida",,,"not_found","2026-10-05",,
"4yxeyorUKkW9fOOBeguEC9","Flynn",,,"not_found","2026-10-05",,
"2SMCntXBVNoIP9UiMPDjSb","Fm Radio",,,"not_found","2026-10-05",,
"0wVM7wzVUwZRmOeTfCAJV0","Folly and the Hunter",,,"not_found","2026-10-05",,
"6IRouO5mvvfcyxtPDKMYFN","Foreigner",,,"not_found","2026-10-05",,
"3d13oWvwmjcodRr3NzdArc","Forester",,,"not_found","2026-10-05",,
"1kr42p2I9EE3m0KFWDoKdd","Foster",,,"not_found","2026-10-05",,
"7qRll6DYV06u2VuRPAVqug","Foxes",,,"not_found","2026-10-05",,
"4m6VmvHDXWmVdIw6EJGQ86","Frances",,,"not_found","2026-10-05",,
"6rcE30MaP92XafelMNZ2Sq","Frank Walker",,,"not_found","2026-10-05",,
"1y5T3Prq30eW5RkpaUWNOQ","Frans",,,"not_found","2026-10-05",,
"0Ey8TMIVvT6OSYiblEuyMh","Frawley",,,"not_found","2026-10-05",,
"6vXTefBL93Dj5IqAWq6OTv","French Montana",,,"not_found","2026-10-05",,
"1nzhkCvUySFs0Fsj57qXYX","FRIDAY",,,"not_found","2026-10-05",,
"7ibSayHmOpaidZJPhgdWYb","Friends in Tokyo",,,"not_found","2026-10-05",,
"5nCi3BB41mBaMH9gfr6Su0","fun.",,,"not_found","2026-10-05",,
"02kJSzxNuaWGqwubyUba0Z","G-Eazy",,,"not_found","2026-10-05",,
"3Yl4nkmEa8BSuGWbwhdLDq","G.R.L.",,,"not_found","2026-10-05",,
"6xutNVv1t39GdpK8eImxPU","Gabriel Conte",,,"not_found","2026-10-05",,
"35uhwRZF1kfIjTXhFf6VUO","Gabriella",,,"not_found","2026-10-05",,
"4OovmAu23KrDlDQI2UbneL","Gabrielle",,,"not_found","2026-10-05",,
"0hprEC0nsWuQPSHag1O2Vi","Gareth Emery",,,"not_found","2026-10-05",,
"23wr9RJZg0PmYvVFyNkQ4j","Gary Moore",,,"not_found","2026-10-05",,
"2pQzh5cuuqpDErGZNaOULd","gavn!",,,"not_found","2026-10-05",,
"2xDPAyBBrzjOPC4kYKDHIE","GEM",,,"not_found","2026-10-05",,
"03yTfkoGBTXLAWAKw1XBL0","Good Vibes Combo",,,"not_found","2026-10-05",,
"71nQeNfgAuaapEkFCdYIJ6","Grand Theft Culture",,,"not_found","2026-10-05",,
"4R0EwsTKt1LIFcdezmuezM","Grandtheft",,,"not_found","2026-10-05",,
"2YGtkzzGjqsPkmTtdIYxW1","gray",,,"not_found","2026-10-05",,
"5cX0kPHJdLp4D9J2LnxzAQ","GRAY",,,"not_found","2026-10-05",,
"4lDBihdpMlOalxy1jkUbPl","Grey",,,"not_found","2026-10-05",,
"5RJFJWYgtgWktosLrUDzff","Griff",,,"not_found","2026-10-05",,
"3o4OtMGLmvvLSx19ZjtuSn","GUNNAR",,,"not_found","2026-10-05",,
"3SdiTECGpryAOC4TKsA2ij","GUS",,,"not_found","2026-10-05",,
"5PjekOABtfU2Kwo0AHVmci","Guy Sebastian",,,"not_found","2026-10-05",,
"26VFTg2z8YR0cCuwLzESi2","Halsey",,,"not_found","2026-10-05",,
"3mEBellHjdZS9ZgOATcwoT","Hana",,,"not_found","2026-10-05",,
"597GQ9dmhOQoBfqmfQINKB","Hannah Grace",,,"not_found","2026-10-05",,
"0YC192cP3KPCRWx8zr8MfZ","Hans Zimmer",,,"not_found","2026-10-05",,
"0SdiiPkr02EUdekHZJkt58","Hanson",,,"not_found","2026-10-05",,
"5IhLUelwBUDplmYiWEWzAX","Hardy",,,"not_found","2026-10-05",,
"5QNm7E7RU2m64l6Gliu8Oy","HARDY",,,"not_found","2026-10-05",,
"6tE3YSDrBq015UZTxh9Zki","Haris",,,"not_found","2026-10-05",,
"0y3WcDgIj03Vk37GLC0zEE","HARLOW",,,"not_found","2026-10-05",,
"6I4N3bPFH1lmy6XWVFscPS","HART",,,"not_found","2026-10-05",,
"3Dh3p9j6KhjyhVAUI9SIYR","Harvest",,,"not_found","2026-10-05",,
"7C7Di5WXLjMSxm0mFCbYxT","Harvest",,,"not_found","2026-10-05",,
"60Vo6QqGGmDzr6ZiwqNxxP","HAYES",,,"not_found","2026-10-05",,
"3rFhVqmS6XqZl4LcGLDzAu","Haywood",,,"not_found","2026-10-05",,
"0Qzc3Ed5B7zHksPgPt3KGI","Hedda Marie Bay",,,"not_found","2026-10-05",,
"2ZuweXv0TkfsidZOLZZoM2","HEDEGAARD",,,"not_found","2026-10-05",,
"39ifzrfeTurYJiQRoBaIm3","Helge Risa",,,"not_found","2026-10-05",,
"7osFcSwjlRPwxZdVALIOuC","Henrik",,,"not_found","2026-10-05",,
"0S8uQ51eNCAX6VpNeomT9O","Henry Casper",,,"not_found","2026-10-05",,
"6DHJWlb1yLUyCPCkMuhuJR","Henry Michael",,,"not_found","2026-10-05",,
"5sQqZtsAbXAoAnvA8iN9kN","High Valley",,,"not_found","2026-10-05",,
"7j8I1aIBA9Z9bMy7mTwWKk","Hoagy Carmichael",,,"not_found","2026-10-05",,
"2vOzV5WdvOYH3K1NJyt7wb","Horizon Blue",,,"not_found","2026-10-05",,
"11AckhNQEhNwfFhuNmCJWH","House Of David",,,"not_found","2026-10-05",,
"5PlfkPxwCpRRWQJBxCa0By","HUGEL",,,"not_found","2026-10-05",,
"72BTmmAO3QfETWlFjwjfJ1","Human Nature",,,"not_found","2026-10-05",,
"3w4VAlllkAWI6m0AV0Gn6a","Hurts",,,"not_found","2026-10-05",,
"24Lqq3mnesl7IljSVFEBEO","Hver gang vi møtes",,,"not_found","2026-10-05",,
"1VBflYyxBhnDc9uVib98rw","Icona Pop",,,"not_found","2026-10-05",,
"45eNHdiiabvmbp4erw26rg","ILLENIUM",,,"not_found","2026-10-05",,
"1bxTqI0yL9k3ym4ocvRDf9","Ima",,,"not_found","2026-10-05",,
"4ALawqTfUuUWNCPMoKKuxz","In Paradise",,,"not_found","2026-10-05",,
"3BdrVMEizhOoxjo2tWSiM6","Ingrid",,,"not_found","2026-10-05",,
"5LCyxnvZTTs3NQbF5bbJvE","Inside Cuts",,,"not_found","2026-10-05",,
"6mdiAmATAx73kdxrNrnlao","Iron Maiden",,,"not_found","2026-10-05",,
"67qyBVfFeW5bxhhM03hAxS","Isaac Meredith",,,"not_found","2026-10-05",,
"4EsPdQD7LDT8meZpX0MX4p","ISAAK",,,"not_found","2026-10-05",,
"4bOSK7fslWnqp8M4YQRBzm","ISHAN",,,"not_found","2026-10-05",,
"1vyhD5VmyZ7KMfW5gqLgo5","J Balvin",,,"not_found","2026-10-05",,
"0SDGEgp8DEGaudRPNxBttt","J-Dawg",,,"not_found","2026-10-05",,
"1INuLZXjjVbcJRyWvD1iSq","Jack & Jack",,,"not_found","2026-10-05",,
"3GBPw9NK25X1Wt2OUvOwY3","Jack Johnson",,,"not_found","2026-10-05",,
"6tCJN1fQNdFCEaOa8Da9Wf","JADED",,,"not_found","2026-10-05",,
"4IWBUUAFIplrNtaOHcJPRM","James Arthur",,,"not_found","2026-10-05",,
"7ii8QxDgfxRw5IrFTshwXq","James Fitzpatrick",,,"not_found","2026-10-05",,
"69HMYPrcstafeCTHI3Dcp1","James Johnston",,,"not_found","2026-10-05",,
"6YUl1dXJZhRNNwxlfH1gHU","James Price",,,"not_found","2026-10-05",,
"543ccHFPnZfJMD8tRGPtu7","James Smith",,,"not_found","2026-10-05",,
"4VnXJbjQNYzzFa2fhIh6sr","James Smith",,,"not_found","2026-10-05",,
"0vn7UBvSQECKJm2817Yf1P","James Taylor",,,"not_found","2026-10-05",,
"295MnT5Ig7OOOIiDSnrnMC","Jason Parris, Hero DeLano, Peter Barker",,,"not_found","2026-10-05",,
"7DQYAz99eM3Y5PkP9WtUew","Jax",,,"not_found","2026-10-05",,
"4pADjHPWyrlAF0FA7joK2H","Jay Sean",,,"not_found","2026-10-05",,
"3nFkdlSjzX9mRTtwJOzDYB","JAŸ-Z",,,"not_found","2026-10-05",,
"5mVsGiQSO7DdGOtsXtEzQR","JAYY",,,"not_found","2026-10-05",,
"7I0n0RZVBEZK5ruqlhlIDS","JEAN",,,"not_found","2026-10-05",,
"5MhLmv7GgyjbxGqiIGasvT","Jean-Michel Jarre",,,"not_found","2026-10-05",,
"19k8AgwwTSxeaxkOuCQEJs","Jelly Roll",,,"not_found","2026-10-05",,
"0vKWxtht5v5MoAu4DID0Ub","Jeremy Jordan",,,"not_found","2026-10-05",,
"3VRN72384YInhElptIozBJ","Jeremy Michael Lewis",,,"not_found","2026-10-05",,
"15oiQRdZa4LrpfMbJ2dwzK","Jethro",,,"not_found","2026-10-05",,
"6FbDoZnMBTdhhhLuJBOOqP","Jewel",,,"not_found","2026-10-05",,
"776Uo845nYHJpNaStv1Ds4","Jimi Hendrix",,,"not_found","2026-10-05",,
"6kJZsXfyREuc3TR39RtAk5","Jimmy Scott",,,"not_found","2026-10-05",,
"6sX2yxvJrLdPypnBEHapSY","Jinder",,,"not_found","2026-10-05",,
"0YwzHs9i6oBeTRtxVkU2gO","Joachim",,,"not_found","2026-10-05",,
"1Fmb52lZ6Jv7FMWXXTPO3K","Joan Jett & the Blackhearts",,,"not_found","2026-10-05",,
"73eAAfRkS2Vi4hx68oTJJE","John K",,,"not_found","2026-10-05",,
"5y2Xq6xcjJb2jVM54GHK3t","John Legend",,,"not_found","2026-10-05",,
"7iEy8zKFtlYIINaxxLIyBk","John Lucas",,,"not_found","2026-10-05",,
"2auikkNYqigWStoHWK1Grq","John Martin",,,"not_found","2026-10-05",,
"7FetIwKD9uIJFiUwdHfq6g","John Morgan",,,"not_found","2026-10-05",,
"0J5AcRTl5C6aBnxCxZKpf3","John Oliver",,,"not_found","2026-10-05",,
"6kACVPfCOnqzgfEF5ryl0x","Johnny Cash",,,"not_found","2026-10-05",,
"5xuNBZoM7z1Vv8IQ6uM0p6","JoJo",,,"not_found","2026-10-05",,
"4xYN0x0yL0vPGDcvQz1ES2","Jon Birgisson",,,"not_found","2026-10-05",,
"5HCypjplgh5uQezvBpOfXN","Jon D",,,"not_found","2026-10-05",,
"078rwq2SB2vKpADuOMTi24","Jonathan Lee",,,"not_found","2026-10-05",,
"0JRC3Oeuctn3CuCk49lA3N","Jörgen Elofsson",,,"not_found","2026-10-05",,
"7BKePXVmQRgnkbGcrFX1G4","JORIS",,,"not_found","2026-10-05",,
"23ksFgttA3vHJYqNrgkNNH","José Pasillas II",,,"not_found","2026-10-05",,
"3LAVYQ0EmJ94BGkf0XMSU2","Josefine Damtoft",,,"not_found","2026-10-05",,
"5xk0kRuXn1zToTHpHAqpui","Joseph Williams",,,"not_found","2026-10-05",,
"7bvcQXJHkFiN1ppIN3q4fi","Joss Stone",,,"not_found","2026-10-05",,
"0rvjqX7ttXeg3mTy8Xscbt","Journey",,,"not_found","2026-10-05",,
"5gCRApTajqwbnHHPbr2Fpi","Juicy J",,,"not_found","2026-10-05",,
"6oXWdxkwxZYCL4NjRz6e5O","JULIEN",,,"not_found","2026-10-05",,
"1OHba9a2SK2KcJmJgkGQZO","JUNG",,,"not_found","2026-10-05",,
"3Jy86CVPHDVN858HitaK1N","Junie",,,"not_found","2026-10-05",,
"1uNFoZAHBGtllmzznpCI3s","Justin Bieber",,,"not_found","2026-10-05",,
"1VfUR2Su5Ags5Im3mZGnPo","kalley",,,"not_found","2026-10-05",,
"2v3gpVjL6OOm6ssDZaJYnm","KAMARA",,,"not_found","2026-10-05",,
"59WNMskn4tSvgnWKXHXj61","Kamelen",,,"not_found","2026-10-05",,
"5K4W6rqBFWDnAN6FQUkS6x","Kanye West",,,"not_found","2026-10-05",,
"1x6N4tQft8TwRuhOfRUgWC","Karen Zoid",,,"not_found","2026-10-05",,
"1U9tVmBqCyiaP2gDSVwDIX","Karis",,,"not_found","2026-10-05",,
"4zFqfg8R6X9aUWIdYm3xTT","Karl Michael",,,"not_found","2026-10-05",,
"1PNieNk6cE3JzNhZioisnV","Karmakov",,,"not_found","2026-10-05",,
"5oWOx0BBDSMoFB8JDrjQre","Katharine McPhee",,,"not_found","2026-10-05",,
"77IKXFvO7SpWrq8hflrUXc","KB",,,"not_found","2026-10-05",,
"1Y2eFp5L0YHdho5WsGWSzU","Keels",,,"not_found","2026-10-05",,
"0cGUm45nv7Z6M6qdXYQGTX","Kehlani",,,"not_found","2026-10-05",,
"5mog8UXGImFVQPBF8B1NFW","Kellan and Kevin",,,"not_found","2026-10-05",,
"3BmGtnKgCSGYIUhmivXKWX","Kelly Clarkson",,,"not_found","2026-10-05",,
"3grHWM9bx2E9vwJCdlRv9O","Kenny Chesney",,,"not_found","2026-10-05",,
"69WQTuZb5HA8XwqLyRL28N","Kerala",,,"not_found","2026-10-05",,
"28ztjHIXceRRntmTUfnmUX","Khaled",,,"not_found","2026-10-05",,
"6LuN9FCkKOj5PcnpouEgny","Khalid",,,"not_found","2026-10-05",,
"5pXe6yFchq1oyYK3rq2A8i","KIDDO",,,"not_found","2026-10-05",,
"4x3CdMQ3YjnPn4Evhyni5y","Kierra Sheard",,,"not_found","2026-10-05",,
"6hk7Yq1DU9QcCCrz9uc0Ti","Kimbra",,,"not_found","2026-10-05",,
"4qIVPF0s71ZYW3qzhu5GkF","Kina",,,"not_found","2026-10-05",,
"4akybxRTGHJZ1DXjLhJ1qu","Kirk Franklin",,,"not_found","2026-10-05",,
"07XSN3sPlIlB2L2XNcTwJw","KISS",,,"not_found","2026-10-05",,
"3It8IfrTebhF9YGjR3JpNu","KLARA",,,"not_found","2026-10-05",,
"4sMdfFU2LPV51Bi2ngyl1W","Klondike",,,"not_found","2026-10-05",,
"61S5H9Lxn1PDUvu1TV0kCX","Knox",,,"not_found","2026-10-05",,
"46SHBwWsqBkxI7EeeBEQG7","Kodak Black",,,"not_found","2026-10-05",,
"3BETdCqKlraxPwjzH4JUIB","Koni",,,"not_found","2026-10-05",,
"7ItZtoe666YNPLyUx1AqIo","KONO",,,"not_found","2026-10-05",,
"3ETYLarLqOcdvtea9Cs2Sl","Kovic",,,"not_found","2026-10-05",,
"7oWGXJb3IEJW8tftK5ZTas","Kriss",,,"not_found","2026-10-05",,
"2BHswvFd8tMBizVWGcAMLm","Kurt Hugo Schneider",,,"not_found","2026-10-05",,
"23fqKkggKUBHNkbKtXEls4","Kygo",,,"not_found","2026-10-05",,
"6RJLQW7Ml1CM4mJDN2yaBE","Kylee",,,"not_found","2026-10-05",,
"4RVnAU35WRWra6OZ3CbbMA","Kylie Minogue",,,"not_found","2026-10-05",,
"4VFMlrDAmF0wwua3FVD8Qx","Kyndal",,,"not_found","2026-10-05",,
"2feDdbD5araYcm6JhFHHw7","Labrinth",,,"not_found","2026-10-05",,
"3Si7ybPIPiysBehl2YqZzd","Laced Cake",,,"not_found","2026-10-05",,
"0jrXDZPbZ53MWEkAR5Gghz","Lacey",,,"not_found","2026-10-05",,
"1HY2Jd0NmPuamShAr6KMms","Lady Gaga",,,"not_found","2026-10-05",,
"2WROyFfIOmKtRopsTrIL52","Landon Austin",,,"not_found","2026-10-05",,
"5urnoBZifR5YXG5YdCOj34","Lansdowne",,,"not_found","2026-10-05",,
"3HHfEn7yPOy3IiHS6CHG97","Last Heroes",,,"not_found","2026-10-05",,
"6qmJj6ANkRbykCYfDDKCTq","LAURA",,,"not_found","2026-10-05",,
"4qZZmptWMEONmmERCJIGAR","Laurel Taylor",,,"not_found","2026-10-05",,
"5JZ7CnR6gTvEMKX4g70Amv","Lauv",,,"not_found","2026-10-05",,
"210Gujn37NHDtnu2JlF54E","LAVIN",,,"not_found","2026-10-05",,
"2j7oey0TYvTzRLZ1iRit0g","Lawrence",,,"not_found","2026-10-05",,
"2Ah7S4oLgEBYRbz2V0cZzU","Lawson",,,"not_found","2026-10-05",,
"1AQ75osB6lFJwRWxdjLzIK","Le Bon",,,"not_found","2026-10-05",,
"5g3uG8zZZANGT6YOssgjfC","Lenka",,,"not_found","2026-10-05",,
"37fzXndf2fxVrk7qarhyo0","Leo Stannard",,,"not_found","2026-10-05",,
"4SqTiwOEdYrNayaGMkc7ia","LÉON",,,"not_found","2026-10-05",,
"6HCBnyTBSLdb3TFn2ayulY","Leto",,,"not_found","2026-10-05",,
"6itjssbXTQ3rvcM8nLkkHi","Lex",,,"not_found","2026-10-05",,
"54B6AYk5Vcn1Ajc3XaIuBH","Lexi",,,"not_found","2026-10-05",,
"1cxTaAQFOAPNMmcKn4YRPj","LIIV",,,"not_found","2026-10-05",,
"5f7VJjfbwm532GiveGC0ZK","Lil Baby",,,"not_found","2026-10-05",,
"55Aa2cqylxrFIXC767Z865","Lil Wayne",,,"not_found","2026-10-05",,
"1iRSAN1d2YuiQaOHvLMhwF","Liliana",,,"not_found","2026-10-05",,
"5J0dXmqEYctfFsmcakqZFH","Lisa Miskovsky",,,"not_found","2026-10-05",,
"2fPsJqR6zfoHatC1eFr0eQ","Livingston",,,"not_found","2026-10-05",,
"43jrP6BeSC3qjeXGE8BTxT","LND",,,"not_found","2026-10-05",,
"2ePplR6Jg5yrYZXYg8TYEl","LoG",,,"not_found","2026-10-05",,
"4xRYI6VqpkE3UwrDrAZL8L","Logic",,,"not_found","2026-10-05",,
"3LhSVeO5t8j6GsAr58oWVH","LOKE",,,"not_found","2026-10-05",,
"0H0OkFxp022WOyKlt3HmlA","LOLO",,,"not_found","2026-10-05",,
"5MjcGshMggPgIHinIUDaX0","LØLØ",,,"not_found","2026-10-05",,
"3qbnxnvUqR14MJ9g8QwZJK","Lonestar",,,"not_found","2026-10-05",,
"1pS3ir5bQSBiBYvOBjPWcm","LÒNIS",,,"not_found","2026-10-05",,
"2JXn03fudjyRkQ1Ye9f5rk","Los Del Rio",,,"not_found","2026-10-05",,
"4PRItSqasFLl62nmQVBq0C","Lost Boy",,,"not_found","2026-10-05",,
"7f5Zgnp2spUuuzKplmRkt7","Lost Frequencies",,,"not_found","2026-10-05",,
"3gqabzO7zvHVzAIT0Nxqa3","LOTTE",,,"not_found","2026-10-05",,
"1l2NYhptmHjo64MDOcej1x","LOVA",,,"not_found","2026-10-05",,
"03a5eVjzFyQlR4XyVSwt4t","Love and Theft",,,"not_found","2026-10-05",,
"0J7U24vlOOIeMpuaO6Q85A","LP",,,"not_found","2026-10-05",,
"5ShkaitLUorYdZgJMqTF5E","Lucky Rose",,,"not_found","2026-10-05",,
"4EdUsCGAVQWUtLwVMnwKru","Lucy",,,"not_found","2026-10-05",,
"3ipn9JLAPI5GUEo4y4jcoi","Ludacris",,,"not_found","2026-10-05",,
"01QTIT5P1pFP3QnnFSdsJf","Lupe Fiasco",,,"not_found","2026-10-05",,
"4MVyzYMgTwdP7Z49wAZHx0","Lynyrd Skynyrd",,,"not_found","2026-10-05",,
"2GP13sGseqPkIsTOZprGud","LYON",,,"not_found","2026-10-05",,
"4aOmGgPf6gsUxWLMm0D1jf","M.W",,,"not_found","2026-10-05",,
"7LbuenKfQNLPKzvi1rKPBG","Madden",,,"not_found","2026-10-05",,
"0NxhAEPOSeCg6vypFr7yjU","Madilyn Bailey",,,"not_found","2026-10-05",,
"6tbjWDEIzxoDsBA1FuhfPW","Madonna",,,"not_found","2026-10-05",,
"6MvRVq0CtpQQlwnIiszV8F","Magic System",,,"not_found","2026-10-05",,
"0DxeaLnv6SyYk2DOqkLO8c","MAGIC!",,,"not_found","2026-10-05",,
"5AmJt4db8N9S7VYbYNjY7W","Mainline",,,"not_found","2026-10-05",,
"1JvTUHnkJ8yiTQfOKDdArt","Majozi",,,"not_found","2026-10-05",,
"0Ye4nfYAA91T1X56gnlXAA","Mako",,,"not_found","2026-10-05",,
"4gKo3LXoxHriLS6CBKThAU","MALINDA",,,"not_found","2026-10-05",,
"3Fv735VHm9CTIHUClsVIcR","Malo",,,"not_found","2026-10-05",,
"7tRXG934ruoJ3SAKzCa5ap","MARC",,,"not_found","2026-10-05",,
"78feNY0oFXEC7GJBMhVwkO","Marco DeLeaf",,,"not_found","2026-10-05",,
"6Qda4oVRMWJl7Ri8ZTCgfq","MARI",,,"not_found","2026-10-05",,
"4iHNK0tOyZPYnBU7nGAgpQ","Mariah Carey",,,"not_found","2026-10-05",,
"76nW12AUcUVEiC8fwFoAns","Mariette",,,"not_found","2026-10-05",,
"6CwfuxIqcltXDGjfZsMd9A","MARINA",,,"not_found","2026-10-05",,
"7jnbFTMmtEZPT4ywFrvaMa","Mario Jose",,,"not_found","2026-10-05",,
"4SklVMGMsWTq7cJd9MixUx","Markéta Irglová",,,"not_found","2026-10-05",,
"6S3KljEiIOWoLMUyZrkQUc","Marnik",,,"not_found","2026-10-05",,
"3f5eDe7KfH3eTCc94eJCad","Marshall Marshall",,,"not_found","2026-10-05",,
"64KEffDW9EtZ1y2vBYgq8T","Marshmello",,,"not_found","2026-10-05",,
"60d24wfXkVzDSfLS6hyCjZ","Martin Garrix",,,"not_found","2026-10-05",,
"4ehtJnVumNf6xzSCDk8aLB","Martin Jensen",,,"not_found","2026-10-05",,
"6yrojWTGvsH1n32HaANi1l","Mary Lou",,,"not_found","2026-10-05",,
"1s8g8pcFxAOyuQwG4Tku0H","maryjo",,,"not_found","2026-10-05",,
"16k8EK8DpX6A3ju9TjH4EQ","Masetti",,,"not_found","2026-10-05",,
"1zzNS7MrgC2Dx8AHEE8m3w","Mathilda",,,"not_found","2026-10-05",,
"4F7wGFfIXuQUBFoxiZ9WFp","Matilda",,,"not_found","2026-10-05",,
"5076sRTVZcUEE1O7jnBpWF","Matteoni",,,"not_found","2026-10-05",,
"6He7uoCRRGgvmgJDqmF5oQ","Matthew Schwanke",,,"not_found","2026-10-05",,
"6e8OTLDQpaz1Tl2GEaxsNj","Matthew West",,,"not_found","2026-10-05",,
"1bqxdqvUtPWZri43cKHac8","MAX",,,"not_found","2026-10-05",,
"7r8xR0LmnaAM623MmRDn1V","Max Frost",,,"not_found","2026-10-05",,
"0wJDbxpqtwjA2FxfU6KI0E","Max Landry",,,"not_found","2026-10-05",,
"5dtGl462189xrrzzNRGRnz","MAXINE",,,"not_found","2026-10-05",,
"03N63H9bvlxWJUunz5Vc32","Maybe",,,"not_found","2026-10-05",,
"0cAZJcvDLxLxQo5Ar1EPvl","Mazi",,,"not_found","2026-10-05",,
"47izDDvtOxxz3FzHYuUptd","McFly",,,"not_found","2026-10-05",,
"7c7ZeiPKWHf2E1rsf1P4VF","Medina",,,"not_found","2026-10-05",,
"20sxb77xiYeusSH8cVdatc","Meek Mill",,,"not_found","2026-10-05",,
"5aOHioMa7ZiS7gqyp8z3oc","Meeks",,,"not_found","2026-10-05",,
"45xGatk4AWq9yzqOfolEWg","MEGA",,,"not_found","2026-10-05",,
"6ydDkyUSRpQpnItw4DIUnT","Melina",,,"not_found","2026-10-05",,
"12nEr6QOfSKkiTXjEp8tBB","MELON",,,"not_found","2026-10-05",,
"5kLvMAFanr3jQ7iuciSCuM","Menna",,,"not_found","2026-10-05",,
"0RViEWnZO2VhmY4oI0PhF9","Mesto",,,"not_found","2026-10-05",,
"6TIYQ3jFPwQSRmorSezPxX","mgk",,,"not_found","2026-10-05",,
"0SwO7SWeDHJijQ3XNS7xEE","MGMT",,,"not_found","2026-10-05",,
"2HiHcLp7og0vnMDlfNKV1I","Mia Francke",,,"not_found","2026-10-05",,
"3fMbdgg4jU18AjLCKBhRSm","Michael Jackson",,,"not_found","2026-10-05",,
"5wj4XrBg5aOXB5fLsSDK8O","Michele Mc Grath",,,"not_found","2026-10-05",,
"6QYd4joWXUMK3IXE77QHa2","Micky",,,"not_found","2026-10-05",,
"360IAlyVv4PCEVjgyMZrxK","Miguel",,,"not_found","2026-10-05",,
"1GJKMYNEIsLbRfS3AyS4YV","Mihali",,,"not_found","2026-10-05",,
"5MmVJVhhYKQ86izuGHzJYA","MIKA",,,"not_found","2026-10-05",,
"2KsP6tYLJlTBvSUxnwlVWa","Mike Posner",,,"not_found","2026-10-05",,
"66ym6Q5UmSxAuHsnsKLhWe","Miracle",,,"not_found","2026-10-05",,
"2wIVse2owClT7go1WT98tk","Missy Elliott",,,"not_found","2026-10-05",,
"1AW9mFcwWTfglCcPelVsrD","Moana",,,"not_found","2026-10-05",,
"3OsRAKCvk37zwYcnzRf5XF","Moby",,,"not_found","2026-10-05",,
"3UPSoplnaQkpSANzpyMQLz","Moen",,,"not_found","2026-10-05",,
"0wRlAhO51HZww7XLSX6IzY","moi",,,"not_found","2026-10-05",,
"7axEazQlDDxu7KBQyFTfoC","Moncrieff",,,"not_found","2026-10-05",,
"2ozPCkyHfA8kLDghkVwGrq","Mondays",,,"not_found","2026-10-05",,
"5ZY4M2aGiTaZQEP6HfqeJc","Montez",,,"not_found","2026-10-05",,
"4R3ICrB5yS12s7F3wWOq8A","Morgan Stapleton",,,"not_found","2026-10-05",,
"3EaDukxGx5viO0MTLW1a5X","Morgan Sulele",,,"not_found","2026-10-05",,
"1w0QYx2G0ywsCClH84FcAv","MŌRIAH",,,"not_found","2026-10-05",,
"5yHx5IUWn7p8cOjFQTdknJ","Mørland",,,"not_found","2026-10-05",,
"19HFRWmRCl27kTk6LeqAO8","MORTEN",,,"not_found","2026-10-05",,
"5YNQmG169xeUycRBDFVRyq","Mosaic",,,"not_found","2026-10-05",,
"0e86yPdC41PGRkLp2Q1Bph","Mother Mother",,,"not_found","2026-10-05",,
"4TAoP0f9OuWZUesao43xUW","Mr Eazi",,,"not_found","2026-10-05",,
"6O9aKbKTJuBc6J6oCNYgka","Mr. Me Me",,,"not_found","2026-10-05",,
"12Chz98pHFMPJEknJQMWvI","Muse",,,"not_found","2026-10-05",,
"1TTP6vJbLEjFnjflpE4ahI","Nall",,,"not_found","2026-10-05",,
"31KYx1uzK5WCWuCqhpdfjI","NAMO",,,"not_found","2026-10-05",,
"2L3s59LnK5tRQRvzwHfwCz","Nanna Mueck",,,"not_found","2026-10-05",,
"1Oa0bMld0A3u5OTYfMzp5h","Nate Dogg",,,"not_found","2026-10-05",,
"4aFR0fLa70IWrzOkBLmgQo","Nathan Carter",,,"not_found","2026-10-05",,
"4Ww02MqPOCYw0CufxePGkC","Neev",,,"not_found","2026-10-05",,
"2gBjLmx6zQnFGQJCAQpRgw","Nelly",,,"not_found","2026-10-05",,
"2UQ6mFkiLYy5VHRJnajQYT","Neon Dreams",,,"not_found","2026-10-05",,
"1Ng8jGC4dL0gkkuh77pbpX","Newsong",,,"not_found","2026-10-05",,
"0hCNtLu0JehylgoiP8L4Gh","Nicki Minaj",,,"not_found","2026-10-05",,
"1qhcP0Cfa1bJtE8JmbQ4Ea","Nickless",,,"not_found","2026-10-05",,
"5ChF3i92IPZHduM7jN3dpg","Nicky Romero",,,"not_found","2026-10-05",,
"5xmfXwTbTxL1CAWPIO5owA","Nico D",,,"not_found","2026-10-05",,
"5m5Fh8zrb0uHM85qwkIkVT","Nielson",,,"not_found","2026-10-05",,
"3yDIp0kaq9EFKe07X1X2rz","Nile Rodgers",,,"not_found","2026-10-05",,
"6olE6TJLqED3rqDCT0FyPh","Nirvana",,,"not_found","2026-10-05",,
"0cQbJU1aAzvbEmTuljWLlF","No Doubt",,,"not_found","2026-10-05",,
"1M0dufGcezQSWNroSSQcK5","NOAH",,,"not_found","2026-10-05",,
"55fhWPvDiMpLnE4ZzNXZyW","Noah Cyrus",,,"not_found","2026-10-05",,
"15JdzpiJMd44n9p7TbFI9p","NOEL",,,"not_found","2026-10-05",,
"4hWbAbIriodLDXyIvPeJMO","NOLL",,,"not_found","2026-10-05",,
"01vQk79rXdOzx0XCBFToVR","nomad",,,"not_found","2026-10-05",,
"2Kx7MNY7cI1ENniW7vT30N","Norah Jones",,,"not_found","2026-10-05",,
"71c9ORC5hHt0J1TGCa5nxN","Nordman",,,"not_found","2026-10-05",,
"49mwswwUB1kiuYIgLtQOET","Novelle",,,"not_found","2026-10-05",,
"1Cq0LAHFfvUTBEtMPXUidI","O.A.R.",,,"not_found","2026-10-05",,
"2DaxqgrOhkeH0fpeiQq2f4","Oasis",,,"not_found","2026-10-05",,
"7xtlNrmdLZS2sqIkgWewi1","Odessa",,,"not_found","2026-10-05",,
"58lCCoCMBRBl0xvcTaD4U4","OKEY",,,"not_found","2026-10-05",,
"5Z7ieWTfU3i06MVBgT6Cow","Oklahoma",,,"not_found","2026-10-05",,
"0m34JtkojthW5WYugFm0e3","Olen",,,"not_found","2026-10-05",,
"5YBSzuCs7WaFKNr7Bky0Uf","Olivia",,,"not_found","2026-10-05",,
"0f5nVCcR06GX8Qikz0COtT","Omarion",,,"not_found","2026-10-05",,
"5MouCg6ta7zAxsfMEbc1uh","OMI",,,"not_found","2026-10-05",,
"5rGxZBCi6gAMB7YXXTBL4B","One Voice Children",,,"not_found","2026-10-05",,
"6VE6JfnuBT9F6qWauWEC73","Orri Dyrason",,,"not_found","2026-10-05",,
"4aT85lix0NSNB6w9Ozzksq","OSKA",,,"not_found","2026-10-05",,
"1KCSPY1glIKqW2TotWuXOR","P!nk",,,"not_found","2026-10-05",,
"5ZSOXLTnZcSjdVCIdjnq03","PAMÉ",,,"not_found","2026-10-05",,
"2PCUhxD40qlMqsKHjTZD2e","Parachute",,,"not_found","2026-10-05",,
"6piIAIurGAryW5h1rqQC16","Passion",,,"not_found","2026-10-05",,
"2TFgq6bfYqFO0UgSumClOm","PATRICIA",,,"not_found","2026-10-05",,
"02rbtsxmzmlWKtEZ4DLZr8","Patrick James",,,"not_found","2026-10-05",,
"7wU1naftD3lNq7rNsiDvOR","Paul van Dyk",,,"not_found","2026-10-05",,
"0PawCXgs6AjSrw2AftdRes","Payne",,,"not_found","2026-10-05",,
"19YzhgBR0lApAqTpaHLzMZ","Pedro Santos",,,"not_found","2026-10-05",,
"6Jl5aPUnvKIHTvwlz75CcO","Pelé",,,"not_found","2026-10-05",,
"5W3s4beu23rOlseCbVOp4l","Peter Maffay",,,"not_found","2026-10-05",,
"5A0Bu9azuFEnud3q7t0V2r","Petter",,,"not_found","2026-10-05",,
"7jLSEPYCYQ5ssWU3BICqrW","Picture This",,,"not_found","2026-10-05",,
"0k17h0D3J5VfsdmQ1iZtE9","Pink Floyd",,,"not_found","2026-10-05",,
"0TnOYISbd1XYRBk9myaseg","Pitbull",,,"not_found","2026-10-05",,
"4vxaQs6vK54nK89J1VtLex","PUBLIC",,,"not_found","2026-10-05",,
"0tOb7YdJq5M6WRuthQuYZx","Purpose",,,"not_found","2026-10-05",,
"0VRj0yCOv2FXJNP47XQnx5","Quavo",,,"not_found","2026-10-05",,
"1dfeR4HaWDbWqFHLkxsg1d","Queen",,,"not_found","2026-10-05",,
"0niNDaOM66GksxVuVe2k54","R. Cushnan",,,"not_found","2026-10-05",,
"0Ol3Jol2T3lZZVLNNzWPhj","R.I.O.",,,"not_found","2026-10-05",,
"30IgI1X3LgzrsTBCdEaJMU","Rae",,,"not_found","2026-10-05",,
"1PiAhtDO04aDUU9VKEi1j7","RAHEL",,,"not_found","2026-10-05",,
"73UIfNKSNFqBeVTh1Kx76k","RAMIREZ KBM",,,"not_found","2026-10-05",,
"6Wtp8eb5AKP0zJ0M7EVs3i","Ramón",,,"not_found","2026-10-05",,
"7sOe0BpnYTaGhBB6V6DAmo","Ramzi",,,"not_found","2026-10-05",,
"4tWoA7JxH2OmNjkvhI7Z3t","Rasmussen",,,"not_found","2026-10-05",,
"5KKpBU5eC2tJDzf0wmlRp2","RAYE",,,"not_found","2026-10-05",,
"3srupAODFNn7Dx4ZUg4uqM","Raynes",,,"not_found","2026-10-05",,
"5QLFLaoAQdcYkAt9HokA0V","REAVES",,,"not_found","2026-10-05",,
"7eFa5ZzDWxhQK2WKIBF6AF","Red Hot Chilli Pipers",,,"not_found","2026-10-05",,
"7xN5TloUu8nvkXNLMCG3mP","Redefined",,,"not_found","2026-10-05",,
"7tIsf2CtmTtj0UGJshHIyB","Reën",,,"not_found","2026-10-05",,
"4ofCBoyEiGSePFAG500xev","Regard",,,"not_found","2026-10-05",,
"77ehFS1P2bU6Bfcs1qu6Jd","Regi",,,"not_found","2026-10-05",,
"46pWGuE3dSwY3bMMXGBvVS","Rema",,,"not_found","2026-10-05",,
"2yqHVMUJy2Wxl7HVsp4Se5","remme",,,"not_found","2026-10-05",,
"22wa94PJF9zyFJMTp2BYus","ReN",,,"not_found","2026-10-05",,
"2Dn9aXHuWCbnFpwOdKc9nP","René Le Feuvre",,,"not_found","2026-10-05",,
"5VJN4jB6PqqEg4kJiAj6Eu","Renée Elise Goldsberry",,,"not_found","2026-10-05",,
"3ugooUd78TnvgRw7GMp00c","Rex",,,"not_found","2026-10-05",,
"07FfkbljNIdl45Ijlh1aXS","RHODES",,,"not_found","2026-10-05",,
"7aijVRJ1wOqmLs6NucdtB7","Riaan Benadé",,,"not_found","2026-10-05",,
"1DGm9DpMlUDYqSYAbvfpqm","Rich McFeather",,,"not_found","2026-10-05",,
"7lzGACpAVRkDKL3etV543e","Richard Knowels",,,"not_found","2026-10-05",,
"6ZHVKMmzb36icwR90jPXZt","Right Right",,,"not_found","2026-10-05",,
"5pKCCKE2ajJHZ9KAiaK11H","Rihanna",,,"not_found","2026-10-05",,
"3RP50pmG8Wz1mhNCidQj68","RITUAL",,,"not_found","2026-10-05",,
"1569hvm0IW3DHOfruYP2lM","Robbie Rosen",,,"not_found","2026-10-05",,
"4oVQ29Th4dFDiYHU1JlLth","Rollercoaster",,,"not_found","2026-10-05",,
"0n8Tw6tFO2hKvVl4KdzOa6","roman",,,"not_found","2026-10-05",,
"7oMPjPqGdMpnekaaCR9CyF","Rookie",,,"not_found","2026-10-05",,
"0JvtoI1m1MFbXukBpztHK8","ROOKIES",,,"not_found","2026-10-05",,
"2bp65KnFOIsIosBoqPzvNL","ROSIE",,,"not_found","2026-10-05",,
"0MvSBMGRQJY3mRwIbJsqF1","Royal Philharmonic Orchestra",,,"not_found","2026-10-05",,
"6jsjhAEteAlY0vCiLvMLBA","ROZES",,,"not_found","2026-10-05",,
"0x3PXj1WnuW7YsBxQK57xM","Ruben",,,"not_found","2026-10-05",,
"2J7fV70rlTvUy0DHuBFdWB","Ruben",,,"not_found","2026-10-05",,
"5tIkXJTex4JY7cv9mmgAZx","Ruelle",,,"not_found","2026-10-05",,
"1HoOm6OAl4F6WNtBYF7fUE","Rumour",,,"not_found","2026-10-05",,
"30DD5AJzzg79O7GR9rE2lt","Rust Lantern",,,"not_found","2026-10-05",,
"31sZDQNGf3OIxvyijTyWP1","Rut Hwiz",,,"not_found","2026-10-05",,
"5vEF8mTmWCzjvmUVZ4hD3q","Ryan S. Lewis",,,"not_found","2026-10-05",,
"6lUWb46h9Y8H8cqpW3i0pc","Rymez",,,"not_found","2026-10-05",,
"3tB8VKd0rtEnc9x8l78ymo","Sabi",,,"not_found","2026-10-05",,
"20gsENnposVs2I4rQ5kvrf","Sam Feldt",,,"not_found","2026-10-05",,
"6L1XC7NrmgWRlwAeLJvVtA","Sam Fischer",,,"not_found","2026-10-05",,
"7nJHqz9YAB4YKa3sN0jWSx","Samu Aleksi Haber",,,"not_found","2026-10-05",,
"6FGabq9BadMf8xsUd2ZGVm","Samuellerith",,,"not_found","2026-10-05",,
"2Sqr0DXoaYABbjBo9HaMkM","Sara Bareilles",,,"not_found","2026-10-05",,
"3AEWlJFvOdu2TNBDjoe9wW","Satellites",,,"not_found","2026-10-05",,
"4h4m2mupDc2yIAXDOAgzvx","Savs",,,"not_found","2026-10-05",,
"38Ossiv8wRq0xaFY5kwCVv","Schwarzweiß",,,"not_found","2026-10-05",,
"1ryJB2bhfYjjIt8kqy4BoG","Seaforth",,,"not_found","2026-10-05",,
"3Isy6kedDrgPYoTS1dazA9","Sean Paul",,,"not_found","2026-10-05",,
"3X7NZ2Z357FRJxw7Plc8sZ","Selwyn",,,"not_found","2026-10-05",,
"3rdJD72bitczKtW5yNgAA4","Seph Schlueter",,,"not_found","2026-10-05",,
"3Anj5rCWtYTgRvV7pdq6GE","SERA",,,"not_found","2026-10-05",,
"0EmeFodog0BfCgMzAIvKQp","Shakira",,,"not_found","2026-10-05",,
"2LFbgsbEhfilNpQYW7mied","Shane & Shane",,,"not_found","2026-10-05",,
"3pFKSMMqkzjDwgItmaWbY2","SHAYNA",,,"not_found","2026-10-05",,
"4CDXbURs9NxZWRLVZ2HHto","Sheffield",,,"not_found","2026-10-05",,
"6CW4Y9xzNQisI51pRRFpMV","Shelby Harris",,,"not_found","2026-10-05",,
"36eTeLNx8ErucrEyRm6JOo","Shenandoah",,,"not_found","2026-10-05",,
"6VxCmtR7S3yz4vnzsJqhSV","Sheppard",,,"not_found","2026-10-05",,
"2TcGJdSOiOvITBzhvfX8XB","Shouse",,,"not_found","2026-10-05",,
"5WUlDfRSoLAfcVSX1WnrxN","Sia",,,"not_found","2026-10-05",,
"1IueXOQyABrMOprrzwQJWN","Sigala",,,"not_found","2026-10-05",,
"01pKrlgPJhm5dB4lneYAqS","Sigma",,,"not_found","2026-10-05",,
"4TrraAsitQKl821DQY42cZ","Sigrid",,,"not_found","2026-10-05",,
"3lpVtJYZ57FvUVDzECu4UY","Silverberg",,,"not_found","2026-10-05",,
"2VwL2Rd0ZIA3xUP8umvWqC","SINDRI",,,"not_found","2026-10-05",,
"0LEch4X78rVaUKOyLtVKNN","Sivert Høyem And The Volunteers",,,"not_found","2026-10-05",,
"1VbWMsap5Ex2erHPlmndr0","SIX",,,"not_found","2026-10-05",,
"4NwacAakrdNGNinNP54KTQ","SKAAR",,,"not_found","2026-10-05",,
"49bzE5vRBRIota4qeHtQM8","Skillet",,,"not_found","2026-10-05",,
"5he5w2lnU9x7JFhnwcekXX","Skrillex",,,"not_found","2026-10-05",,
"0JSCWkJNFGt7o4YbYcplQ7","slater",,,"not_found","2026-10-05",,
"0ww8IaAVVNJMhBmXhZIZCf","Sloane",,,"not_found","2026-10-05",,
"0j7Pe3GLHvK20hPcYbEuHT","Smile",,,"not_found","2026-10-05",,
"7bCRnTi1yDFfLbDFkMqvaS","SMYLES",,,"not_found","2026-10-05",,
"7hJcb9fa4alzcOq3EaNPoG","Snoop Dogg",,,"not_found","2026-10-05",,
"0haZhu4fFKt0Ag94kZDiz2","Sofía Reyes",,,"not_found","2026-10-05",,
"76TvRLbqtgOcAoIsBplbfz","Soft Faith",,,"not_found","2026-10-05",,
"4D0LmDFAUshuFCPeFXBc2J","Somber",,,"not_found","2026-10-05",,
"4nGNf0VR9cA4lexGEflHwf","Song House",,,"not_found","2026-10-05",,
"4dI2I5YRyIvaVQksYnx9Zd","Sophia",,,"not_found","2026-10-05",,
"45wdSLZd70phdDkxlA5D3v","SOPHIA",,,"not_found","2026-10-05",,
"2RJBv9wXbW6m539q9NOfW1","Soprano",,,"not_found","2026-10-05",,
"04mSgmkYxSJMrZeqBoGOvc","Sri",,,"not_found","2026-10-05",,
"2IurRWNZ9BQrdaQAmpBvcL","Stan Frazier",,,"not_found","2026-10-05",,
"5J10DHSs5nFktP4DNYncwj","Staysman",,,"not_found","2026-10-05",,
"2c8fiGKmjB47jxCxXqVajl","Steelfeather",,,"not_found","2026-10-05",,
"0SzZQUkmQ2VPihJ7P64IGq","Stellan Skarsgård",,,"not_found","2026-10-05",,
"77AiFEVeAVj2ORpC85QVJs","Steve Aoki",,,"not_found","2026-10-05",,
"7guDJrEfX3qb6FEbdPA5qi","Stevie Wonder",,,"not_found","2026-10-05",,
"2piHSX9fKmsCD8tbfX1cJg","Stress",,,"not_found","2026-10-05",,
"6DaF5M1QxZ84PIZqbr0zCA","Stringer",,,"not_found","2026-10-05",,
"4J3dQNqgZPN5yHHEGfgB4S","Stz",,,"not_found","2026-10-05",,
"0EdvGhlC1FkGItLOWQzG4J","Sublime",,,"not_found","2026-10-05",,
"0PAAsgLKmFX9PFn3HMb7pW","SYLVE",,,"not_found","2026-10-05",,
"3aQeKQSyrW4qWr35idm0cy","T-Pain",,,"not_found","2026-10-05",,
"4zyntan2S3jPOURz496Z6W","T. Léon",,,"not_found","2026-10-05",,
"0Xyx4KS1ZYxarWF8Em7cVt","Tabb And Sound`N`Grace",,,"not_found","2026-10-05",,
"33JfM2NgTRFT9wMoQvcv6T","Talent",,,"not_found","2026-10-05",,
"6mx5dgNlLjrDDMyFsgrW87","TALK",,,"not_found","2026-10-05",,
"6SYaP2XI3Z4nEIsQiShBYd","Taps",,,"not_found","2026-10-05",,
"06HL4z0CvFAxyc27GXpf02","Taylor Swift",,,"not_found","2026-10-05",,
"2Iyxo030DdKWKmhhEaS22p","Tedy",,,"not_found","2026-10-05",,
"7CBFhITveKYjWXNBg5SM9S","Tedy Swims",,,"not_found","2026-10-05",,
"2YrmP8ksRyeEVkzYp5to25","TEMITOPE",,,"not_found","2026-10-05",,
"0x5ASP6g2DakfdP4Z88hO7","Terje Vinterstø",,,"not_found","2026-10-05",,
"19TPpTWkgX13Qc2stbqVoP","Terrian",,,"not_found","2026-10-05",,
"1Q9nxD19emMUTTWtFi7jZc","The Afters",,,"not_found","2026-10-05",,
"77zrvBORXcnTyysjjKRfBU","The Art Of Noise",,,"not_found","2026-10-05",,
"6xqpdCiMM646Q6nAD5n3vO","The Beach",,,"not_found","2026-10-05",,
"2C2sVVXanbOpymYBMpsi89","The Cab",,,"not_found","2026-10-05",,
"5aMmmNxw4vgpc5XC6hK0zp","The Calling",,,"not_found","2026-10-05",,
"69GGBxA162lTqCwzJG5jLp","The Chainsmokers",,,"not_found","2026-10-05",,
"7H0Xu2MYJxHCRNGLfZkvAY","The Chase",,,"not_found","2026-10-05",,
"34ZMg5ojlqNAPlWyeYxqcu","The Choir",,,"not_found","2026-10-05",,
"5Zrsjw80yCENGwI7YJaT4d","The Color",,,"not_found","2026-10-05",,
"2InxuNbggJRrU3sORD4Dzc","The Conspirators",,,"not_found","2026-10-05",,
"0zOcE3mg9nS6l3yxt1Y0bK","The Fray",,,"not_found","2026-10-05",,
"0fnrp32PaoZ4xOe53a5KSY","The Getaway",,,"not_found","2026-10-05",,
"5WdqBAQhGFCrZvBKXiPIu7","The Him",,,"not_found","2026-10-05",,
"2iE18Oxc8YSumAU232n4rW","The Jackson 5",,,"not_found","2026-10-05",,
"51D0R6qwxNJ8fo5xNnXfPp","The Kids",,,"not_found","2026-10-05",,
"5HUGPIHRwh79LbffYIUJeJ","The Mamas",,,"not_found","2026-10-05",,
"2cCUtGK9sDU2EoElnk0GNB","The National",,,"not_found","2026-10-05",,
"4jcPxHNUKTVOyD2AFPZdRQ","The Phantoms",,,"not_found","2026-10-05",,
"1Uz43qVkZhdPGAQPM2TSTX","The Royal",,,"not_found","2026-10-05",,
"3AQRLZ9PuTAozP28Skbq8V","The Script",,,"not_found","2026-10-05",,
"60FV7KyxIH9FH1uq7u8inP","The Shapeshifters",,,"not_found","2026-10-05",,
"6VB4TqEl0yfaF88LYHH4wj","The Strike",,,"not_found","2026-10-05",,
"0IuE3Ne32K4i3BZBbr610a","The Tenors",,,"not_found","2026-10-05",,
"1lU0gimJ6qZltg3VR3OQ8d","The Ugly Ones & Anso",,,"not_found","2026-10-05",,
"2NhdGz9EDv2FeUw6udu2g1","The Wanted",,,"not_found","2026-10-05",,
"1bMkQIx4MpNHLxoylvipdQ","The Worship Initiative",,,"not_found","2026-10-05",,
"6szSMqKKwkFqJoK3MxK3Hk","Thomas Daniel",,,"not_found","2026-10-05",,
"2o5jDhtHVPhrJdv3cEQ99Z","Tiësto",,,"not_found","2026-10-05",,
"2wNlZ2Vp23Sbv1DHgizbCb","Tiffany Alvord",,,"not_found","2026-10-05",,
"1qXr5A2EX9YI4MdBdF8p81","Tim Claxton",,,"not_found","2026-10-05",,
"5Y5TRrQiqgUO4S36tzjIRZ","Timbaland",,,"not_found","2026-10-05",,
"6CawoDDP1IZUSGl4wSJGC9","TIX",,,"not_found","2026-10-05",,
"0M08Mnp24QSDu6RdkANYF9","Tom Bear Productions",,,"not_found","2026-10-05",,
"2lolQgalUvZDfp5vvVtTYV","Tony Bennett",,,"not_found","2026-10-05",,
"5tCPpDoXfTKy5yTongtDAT","TOOMANYLEFTHANDS",,,"not_found","2026-10-05",,
"0u6GtibW46tFX7koQ6uNJZ","Topic",,,"not_found","2026-10-05",,
"3FUY2gzHeIiaesXtOAdB7A","Train",,,"not_found","2026-10-05",,
"4exLIFE8sISLr28sqG1qNX","Travis Barker",,,"not_found","2026-10-05",,
"0Y5tJX1MQlPlqiwlOH1tJY","Travis Scott",,,"not_found","2026-10-05",,
"7uaIm6Pw7xplS8Dy06V6pT","Trevor Daniel",,,"not_found","2026-10-05",,
"5b9N3srQrmyRhKr3jtelpM","Truls",,,"not_found","2026-10-05",,
"5QYpBlaFFA7AZhFYmlxL1g","TRVSTFALL",,,"not_found","2026-10-05",,
"4VsNVAxuPxZrJMWE2Tprtq","Tufts Beelzebubs",,,"not_found","2026-10-05",,
"44Ewva5aHOX00EwaX2D2mh","Two Friends",,,"not_found","2026-10-05",,
"7c0XG5cIJTrrAgEC3ULPiq","Ty Dolla $ign",,,"not_found","2026-10-05",,
"7tOUuyCplrFWLXCZuhE3C4","tyDi",,,"not_found","2026-10-05",,
"5LHRHt1k9lMyONurDHEdrp","Tyga",,,"not_found","2026-10-05",,
"3SozjO3Lat463tQICI9LcE","Tyla",,,"not_found","2026-10-05",,
"2h80HCyp4cSMJFmsBIWI7B","Tyler David",,,"not_found","2026-10-05",,
"3CLVmW8xRSlt22I2txD4Rx","Tyminski",,,"not_found","2026-10-05",,
"5kOdtYNbevIlgUOQkhASnk","Vamp",,,"not_found","2026-10-05",,
"6yJ0GEh8MflnyDkVyR7V58","VÂN SCOTT",,,"not_found","2026-10-05",,
"0LyfQWJT6nXafLPZqxe9Of","Various Artists",,,"not_found","2026-10-05",,
"6cQVcprcYDxGM79YmyCkcQ","VAX",,,"not_found","2026-10-05",,
"6jLRMWyhiplD5JDZEfL3ty","Veck",,,"not_found","2026-10-05",,
"4b3MWJACM6T1QwGKoFe7pp","Vegas Jones",,,"not_found","2026-10-05",,
"0hK1aI0UAC0cflUrMqsVjZ","VELVET MOON",,,"not_found","2026-10-05",,
"4Nrd0CtP8txoQhnnlRA6V6","Vianney",,,"not_found","2026-10-05",,
"33DYTSjYcxK2DzjeK7w539","Vide",,,"not_found","2026-10-05",,
"6hvYVDtoWdLHQKRSEyl7oq","VILDE",,,"not_found","2026-10-05",,
"6tRjFMVZCN4g8eiH1E6cco","Vincent Vega",,,"not_found","2026-10-05",,
"4B9njk5H0MezHq02ZrF6SA","Vinil",,,"not_found","2026-10-05",,
"2rvUlmaAfN7eKSVAcaRj9t","vinni",,,"not_found","2026-10-05",,
"6NnBBumbcMYsaPTHFhPtXD","VOILÀ",,,"not_found","2026-10-05",,
"7h4HArpklyAtomuXHf2HoR","Volunteer",,,"not_found","2026-10-05",,
"6dLcfMgkQt7FepDNsHXYHO","VSJ",,,"not_found","2026-10-05",,
"2naLLiIUfTp0IxAN6JM3hn","Wai",,,"not_found","2026-10-05",,
"0Zs5L8z6cWzmlcMjHNSij0","Walle",,,"not_found","2026-10-05",,
"0xBhUB0EfzvchYnaIWkdBw","Ward Thomas",,,"not_found","2026-10-05",,
"1NqwDETFk6RFV8iyI9u9NO","Warrick Lyn",,,"not_found","2026-10-05",,
"4olE3I5QU0dvSR7LIpqTXc","WATT",,,"not_found","2026-10-05",,
"5iuXjsXsTXs8lwmqzsF6dZ","Waylon",,,"not_found","2026-10-05",,
"1XYpi8swds1ve699iHIuXL","WESLEY",,,"not_found","2026-10-05",,
"6XpaIBNiVzIetEPCWDvAFP","Whitney Houston",,,"not_found","2026-10-05",,
"3gbaHBYDy62irTs0ZsHNmi","Wiktoria",,,"not_found","2026-10-05",,
"0jcaMhfyinUx3Pj8w4nmWZ","WILD",,,"not_found","2026-10-05",,
"5coLLXzZ7CNs9tKs0AbeJo","Wildflowers",,,"not_found","2026-10-05",,
"7dZa7l5PsnUBItVQFPp6ym","Wilfred",,,"not_found","2026-10-05",,
"4lWJityOQkWcLFiboQBvBq","Will Jay",,,"not_found","2026-10-05",,
"137W8MRPWKqSmrBGDBFSop","Wiz Khalifa",,,"not_found","2026-10-05",,
"3tVQdUvClmAT7URs9V3rsp","Wizkid",,,"not_found","2026-10-05",,
"134sCDSe1w2zPnfCG4hT0f","Wulf",,,"not_found","2026-10-05",,
"7aBzpmFXB4WWpPl2F7RjBe","Wyclef Jean",,,"not_found","2026-10-05",,
"3NC9z86LKq4XWgrkpGcgJy","Wylder",,,"not_found","2026-10-05",,
"4yiXkMbxDIZ3jgEG89NSC1","Wynonna",,,"not_found","2026-10-05",,
"5Dl3HXZjG6ZOWT5cV375lk","Yo-Yo Ma",,,"not_found","2026-10-05",,
"2TUFDVa7aZJ4O9U0qjrSJH","Yoav",,,"not_found","2026-10-05",,
"47opbYEKDjXnRk9uLscp11","Yolanda Adams",,,"not_found","2026-10-05",,
"50co4Is1HCEo8bhOyUWKpn","Young Thug",,,"not_found","2026-10-05",,
"51K48NCxjB11t9eqUWWoIq","Youth Group",,,"not_found","2026-10-05",,
"3xPXAe15gml6ZkVJrb2KCn","YUAN",,,"not_found","2026-10-05",,
"6g10GEtmIVqIQBhPZh4ScQ","Zach Williams",,,"not_found","2026-10-05",,
"1Xylc3o4UrD53lo9CvFvVg","Zara Larsson",,,"not_found","2026-10-05",,
"5ZsFI1h6hIdQRw2ti0hz81","ZAYN",,,"not_found","2026-10-05",,
"05QNFSNYfQhYxUJUoFtEEk","ZITA",,,"not_found","2026-10-05",,
"1RrZDKz5tA9AWiVzXGWEBY","Zorro",,,"not_found","2026-10-05",,
"1QBvX7NCz57Jj3QZ30FR3J","乐堡开躁",,,"not_found","2026-10-05",,
"2RTUTCvo6onsAnheUk3aL9","3 Doors Down","340","3 Doors Down","uncertain","2026-10-05",,
"0Je74SitssvJg1w4Ra2EK7","4 Non Blondes","1187","4 Non Blondes","uncertain","2026-10-05",,
"2NrCXGw4uIynFUPwNHXC6L","4OUR","118684062","4our","uncertain","2026-10-05",,
"5xKp3UyavIBUsGy3DQdXeF","A Great Big World","4043368","A Great Big World","uncertain","2026-10-05",,
"7hOGhpa8RMSuDOWntGIAJt","A R I Z O N A","8648524","A R I Z O N A","uncertain","2026-10-05",,
"6prmLEyn4LfHlD9NnXWlf7","Adam Lambert","247379","Adam Lambert","uncertain","2026-10-05",,
"4bYPcJP5jwMhSivRcqie2n","Adam Levine","4404332","Adam Levine","uncertain","2026-10-05",,
"33M0vL5kF0AMJqXYxeX7kF","ADMT","79651252","Admt","uncertain","2026-10-05",,
"6yhD1KjhLxIETFF7vIRf8B","Against The Current","5506820","Against The Current","uncertain","2026-10-05",,
"3JKrNnhjEv9h3fyKhQpylb","Aidan Martin","5168296","Aidan Martin","uncertain","2026-10-05",,
"2wUjUUtkb5lvLKcGKsKqsR","Alessia Cara","7890062","Alessia Cara","uncertain","2026-10-05",,
"4zbxWen6qKPZKHl82lXIVj","Alex Blue","1698654","Alex Blue","uncertain","2026-10-05",,
"2WWTUZ3LpcAAPhSEz3H0rg","Alex G","12115760","Alex G","uncertain","2026-10-05",,
"0fTSzq9jAh4c36UVb4V7CB","Alex Warren","541784","Alex Warren","uncertain","2026-10-05",,
"0Yb66lSgYL9MFYw6jUHCVD","Alexa Feser","6574069","Alexa Feser","uncertain","2026-10-05",,
"6QzMY3tnu0m56eKUnr4uCF","Alfie Templeman","12099282","Alfie Templeman","uncertain","2026-10-05",,
"4rTv3Ejc7hKMtmoBOK1B4T","Ali Gatie","12741929","Ali Gatie","uncertain","2026-10-05",,
"1kiq2kUV0cbLUhJsr7cpW0","Alida","113355612","Alida","uncertain","2026-10-05",,
"5bTp94uRj4N6iSyVo4sigW","Allan Scott","1643269","Allan Scott","uncertain","2026-10-05",,
"2KaW48xlLnXC2v8tvyhWsa","Amaranthe","807296","Amaranthe","uncertain","2026-10-05",,
"0MmnmsAuQKRFpo6vJElcaU","Amber Run","5303190","Amber Run","uncertain","2026-10-05",,
"6NFRBhq9SmNn1FAiRs9AEf","Amber Van Day","9733268","Amber Van Day","uncertain","2026-10-05",,
"0MlOPi3zIDMVrfA9R04Fe3","American Authors","4526180","American Authors","uncertain","2026-10-05",,
"3jK9MiCrA42lLAdMGUZpwa","Anderson .Paak","6474027","Anderson .Paak","uncertain","2026-10-05",,
"5kW2ng5av985BfqrOMRpk0","Andreas Moe","2381811","Andreas Moe","uncertain","2026-10-05",,
"1HYNk3B7EsRPIqAOACgjK1","Andrew Peterson","81440","Andrew Peterson","uncertain","2026-10-05",,
"6g4ZsQkAV0t8qDAYlB5QGr","angelbaby","205067927","Angelbaby","uncertain","2026-10-05",,
"51qUDJb5AtQX6jIL4VJx6M","Angelique Kidjo","413814841","Angelique Kidjo","uncertain","2026-10-05",,
"7tk53T02nvDYOvWz5T9qZL","Angie K","6361810","Angie K","uncertain","2026-10-05",,
"2y9j8qUwBMGPYPQJJxmYzD","Anna Clendening","6059096","Anna Clendening","uncertain","2026-10-05",,
"1mSJCvDX0W7Dn7S9C6vmvI","Anna of the North","5975270","Anna Of The North","uncertain","2026-10-05",,
"75JvBeqW4BJ4xgnbMAq6MN","Anne Wilson","130265612","Anne Wilson","uncertain","2026-10-05",,
"2jHp7gQArCQrlMvdrIVFCg","Anson Seabra","14598737","Anson Seabra","uncertain","2026-10-05",,
"7Kif1sqh6J226OZFwUgt8n","Antje Schomaker","11427860","Antje Schomaker","uncertain","2026-10-05",,
"2TwepUY7feaTuipStcyzLZ","Asaf Avidan & the Mojos","339231","Asaf Avidan & the Mojos","uncertain","2026-10-05",,
"0C8NsnDooTAThxA8DvlsCm","ASHBY","105213262","Ashby","uncertain","2026-10-05",,
"2qwXeRk8VBAegbUnf3xdyi","Ashley Cooke","5575534","Ashley Cooke","uncertain","2026-10-05",,
"5ct8AlcDgWMp4O25vbcjpC","Assassin's Creed","178092177","Assassin's Creed","uncertain","2026-10-05",,
"7gCcp3c8ht7vUk2xv3bwe0","Asto","119183352","Asto","uncertain","2026-10-05",,
"6C0JkmxU2cgkVzotHJgfW7","Athlete","165055467","Athlete","uncertain","2026-10-05",,
"6cpT40sKg2vCnQsHDLxrxk","Austin Brown","1282992","Austin Brown","uncertain","2026-10-05",,
"1vCWHaC5f2uS3yhpwWbIA6","Avicii","293585","Avicii","uncertain","2026-10-05",,
"4njdEjTnLfcGImKZu1iSrz","AWOLNATION","515697","AWOLNATION","uncertain","2026-10-05",,
"2Zx5UnYsOJTrLB7EerhsJh","Babet","14037","Babet","uncertain","2026-10-05",,
"725KKhVCSCQbYkZBptBTfg","Baby K","116201382","Baby K","uncertain","2026-10-05",,
"4C50EbCS11M0VbGyH3OfLt","Bahamas","10430638","Bahamas","uncertain","2026-10-05",,
"0OdUWJ0sBjDrqHygGUXeCF","Band of Horses","6089","Band of Horses","uncertain","2026-10-05",,
"0dEvJpkqhrcn64d3oI8v79","Barenaked Ladies","2432","Barenaked Ladies","uncertain","2026-10-05",,
"5tFRohaO5yEsuJxmMnlCO9","Barns Courtney","9074712","Barns Courtney","uncertain","2026-10-05",,
"35l9BRT7MXmM8bv2WDQiyB","beabadoobee","13499081","beabadoobee","uncertain","2026-10-05",,
"4EPJlUEBy49EX1wuFOvtjK","Becky Hill","2699221","Becky Hill","uncertain","2026-10-05",,
"7xkAwz0bQTGDSbkofyQt3U","Belinda Carlisle","6328","Belinda Carlisle","uncertain","2026-10-05",,
"7yNYyqPx2N4tCfE8omk9pZ","Ben Cocks","1016195","Ben Cocks","uncertain","2026-10-05",,
"45lorWzrKLxfKlWpV7r9CN","Ben Harper","249","Ben Harper","uncertain","2026-10-05",,
"2dJTa3mUidZAO9sKcY72tK","Ben L'Oncle Soul","317422","Ben L'oncle Soul","uncertain","2026-10-05",,
"6qGkLCMQkNGOJ079iEcC5k","Ben Platt","11474676","Ben Platt","uncertain","2026-10-05",,
"142VT1MtWzaD13CnOiKFDn","Ben Woodward","2252841","Ben Woodward","uncertain","2026-10-05",,
"5CiGnKThu5ctn9pBxv7DGa","benny blanco","1547598","Benny Blanco","uncertain","2026-10-05",,
"22wbnEMDvgVIAGdFeek6ET","Benson Boone","146543992","Benson Boone","uncertain","2026-10-05",,
"1ThoqLcyIYvZn7iWbj8fsj","Bill Withers","1118","Bill Withers","uncertain","2026-10-05",,
"1By9QBFnjZAoI83BZppHlt","Billy Currington","14317","Billy Currington","uncertain","2026-10-05",,
"60rpJ9SgigSd16DOAG7GSa","Billy Ray Cyrus","14440","Billy Ray Cyrus","uncertain","2026-10-05",,
"2WX2uTcsvV5OnS0inACecP","Birdy","107666","Birdy","uncertain","2026-10-05",,
"7wLyGTO9vUS7ndlq4BvBGe","Blake Rose","11240235","Blake Rose","uncertain","2026-10-05",,
"1UTPBmNbXNTittyMJrNkvw","Blake Shelton","8638","Blake Shelton","uncertain","2026-10-05",,
"6FBDaR13swtiWwGhX1WQsP","blink-182","409","blink-182","uncertain","2026-10-05",,
"3XV0lFzNs8BCTwhJTcMiBr","Blue Ivy","7072729","Blue Ivy","uncertain","2026-10-05",,
"2FjkZT851ez950cyPjeYid","Bobby McFerrin","3059","Bobby McFerrin","uncertain","2026-10-05",,
"6ObN9YNBliscJOImQp4UZO","Bow Anderson","88401452","Bow Anderson","uncertain","2026-10-05",,
"0xu4jAQQv7ZAqvFGdc9HgP","Boy In Space","48680431","Boy In Space","uncertain","2026-10-05",,
"2sG4zTOLvjKG1PSoOyf5Ej","Brandi Carlile","3904","Brandi Carlile","uncertain","2026-10-05",,
"7p2aOXY5bfHyjujI3fCWTu","Brandon Beal","4405469","Brandon Beal","uncertain","2026-10-05",,
"2aIPQyKrN3oVev1kHudiai","Brendan James","171070","Brendan James","uncertain","2026-10-05",,
"4Q82S0VzF8qlCb4PnSDurj","Brian Wilson","10696","Brian Wilson","uncertain","2026-10-05",,
"3836OTICMPjhTMMcpPw4EC","Broiler","5305037","Broiler","uncertain","2026-10-05",,
"47eA8knxvpD9CZsqHn4Mxz","Brooke Williams","4090079","Brooke Williams","uncertain","2026-10-05",,
"5veVxxPm1vzgi6pO2iVA8L","Bruno Martini","1545148","Bruno Martini","uncertain","2026-10-05",,
"4Op74YCRdZ77mVlXIDJcxP","Bryan Rice","242795","Bryan Rice","uncertain","2026-10-05",,
"7mWMzxN6IAIQ1tfFFtAiQv","Bryn Christopher","75640","Bryn Christopher","uncertain","2026-10-05",,
"7iWiAD5LLKyiox2grgfmUT","Bullet For My Valentine","327","Bullet for My Valentine","uncertain","2026-10-05",,
"7dJCdUO0l0K2WXzrzjYpmC","Caity Baser","124744742","Caity Baser","uncertain","2026-10-05",,
"0EiNdCUwM4B5GkTInLAyuj","Caleb Hearn","49071641","Caleb Hearn","uncertain","2026-10-05",,
"6ydoSd3N2mwgwBHtF6K7eX","Calum Scott","9811408","Calum Scott","uncertain","2026-10-05",,
"7CajNmpbOovFoOoasH2HaY","Calvin Harris","12178","Calvin Harris","uncertain","2026-10-05",,
"4gwpcMTbLWtBUlOijbVpuu","Capital Cities","432247","Capital Cities","uncertain","2026-10-05",,
"5Mbw0q0VWmUbNrqqmQrSN0","Casey Breves","4882053","Casey Breves","uncertain","2026-10-05",,
"6WFDpw4u23uSpon4BHvFRn","Cat Burns","11027622","Cat Burns","uncertain","2026-10-05",,
"6iWuBN32BqCJAeXW6o3nil","Cautious Clay","9425234","Cautious Clay","uncertain","2026-10-05",,
"5nLYd9ST4Cnwy6NHaCxbj8","CeeLo Green","1424265","CeeLo Green","uncertain","2026-10-05",,
"197faNV22JRdMv3xmmPz4p","Charleon","11809239","Charleon","uncertain","2026-10-05",,
"6VuMaDnrHyPL1p4EHjYLi7","Charlie Puth","1362735","Charlie Puth","uncertain","2026-10-05",,
"3CGzpCMqpqHnafmn2PFQd9","Charlie Simpson","1217791","Charlie Simpson","uncertain","2026-10-05",,
"5M6D2PqxdnZMVMCb1jNOTp","Chasing Grace","4372993","Chasing Grace","uncertain","2026-10-05",,
"5JMLG56F1X5mFmWNmS0iAp","Chelsea Cutler","10221952","Chelsea Cutler","uncertain","2026-10-05",,
"40giwFcTQtv9ezxW8yqxJU","Chiddy Bang","369407","Chiddy Bang","uncertain","2026-10-05",,
"6zlQA1XhUAeqMSs1hkSi9a","Chidima","5166109","Chidima","uncertain","2026-10-05",,
"39rKElzF7q6K4O2flycSEc","Chlara","5275810","Chlara","uncertain","2026-10-05",,
"7bXgB6jMjp9ATFy66eO08Z","Chris Brown","102","Chris Brown","uncertain","2026-10-05",,
"2uCmngYSlTEELzZXl1z1dV","Chris Medina","1218867","Chris Medina","uncertain","2026-10-05",,
"4Bikw36AHYxTvphOQCWykA","Chris Moreno","369310762","Chris Moreno","uncertain","2026-10-05",,
"5KEG7G8LDYlHgFDqZyEEs2","Chris Rea","1809","Chris Rea","uncertain","2026-10-05",,
"7pe9RADjXbcHXwxnCHaHRd","Christian Kane","5006","Christian Kane","uncertain","2026-10-05",,
"1KiDbdT8AHOwmlA0LwhpQc","Christian Lopez","2490361","Christian Lopez","uncertain","2026-10-05",,
"7H55rcKCfwqkyDFH9wpKM6","Christina Perri","996589","Christina Perri","uncertain","2026-10-05",,
"5GnRHCbhnGp57tp4whNvOo","Christina Stürmer","4884","Christina Stürmer","uncertain","2026-10-05",,
"6sLwRSXSUF5JTUnQaFenyj","Christopher Jackson","1154800","Christopher Jackson","uncertain","2026-10-05",,
"3CjlHNtplJyTf9npxaPl5w","CHVRCHES","4052518","CHVRCHES","uncertain","2026-10-05",,
"6RHKEd9dpzQ4c09x8Zdaxu","Clara Mae","8132866","Clara Mae","uncertain","2026-10-05",,
"7okSU80WTrn4LXlyXYbX3P","Clinton Kane","14505235","Clinton Kane","uncertain","2026-10-05",,
"7LiVklVR1325BIOqD9kykr","CLMD","1684532","Clmd","uncertain","2026-10-05",,
"5sBBS3CQNPDzmuTJjYwnpa","Cloudy June","65193152","Cloudy June","uncertain","2026-10-05",,
"2aYJ5LAta2ScCdfLhKgZOY","Cobra Starship","12108","Cobra Starship","uncertain","2026-10-05",,
"6aZyMrc4doVtZyKNilOmwu","Colbie Caillat","14894","Colbie Caillat","uncertain","2026-10-05",,
"2Ia6l1oSkQazPGlu5AF8CT","Coral Reef","1249134","Coral Reef","uncertain","2026-10-05",,
"6xt9sJmmyYwWkJv8A6ssiU","Cory Wong","8607980","Cory Wong","uncertain","2026-10-05",,
"23rK0hajv5ix2yPM4IIgOo","D Smoke","167360337","D Smoke","uncertain","2026-10-05",,
"4r63FhuTkUYltbVAg5TQnk","DaBaby","11363014","DaBaby","uncertain","2026-10-05",,
"6Paz0vXJJ9bCPf0fEm3qzg","Dagny","114361552","Dagny","uncertain","2026-10-05",,
"3QJzdZJYIAcoET1GcfpNGi","Damian Marley","254","Damian Marley","uncertain","2026-10-05",,
"2dBj3prW7gP9bCCOIQeDUf","Danger Mouse","9305","Danger Mouse","uncertain","2026-10-05",,
"20wkVLutqVOYrc0kxFs7rA","Daniel Caesar","5245183","Daniel Caesar","uncertain","2026-10-05",,
"0BPT9SFoQzi6Pfk387jLE8","Daniel Donato","6552117","Daniel Donato","uncertain","2026-10-05",,
"7xTcuBOIAAIGDOSvwYFPzk","Daniel Powter","312","Daniel Powter","uncertain","2026-10-05",,
"3ytwXQ80jtpvShWpla6pje","Daniel Shaw","805868","Daniel Shaw","uncertain","2026-10-05",,
"1w67D3PakcxjYGt6xPnnke","Darius & Finlay","284922","Darius & Finlay","uncertain","2026-10-05",,
"7FY5V3XMwlNBPitEjXowHQ","Darius Rucker","243201","Darius Rucker","uncertain","2026-10-05",,
"2TI7qyDE0QfyOlnbtfDo7L","Dave Matthews Band","245","Dave Matthews Band","uncertain","2026-10-05",,
"7J2lZBANizgPNfUzux31PV","David Gray","1475","David Gray","uncertain","2026-10-05",,
"3TIFVwubt0Qv3UBDRHEpda","David Michael Frank","1179083","David Michael Frank","uncertain","2026-10-05",,
"3sva1UjOJOx6cGISZOpItl","David Wimbish & The Collection","532103","David Wimbish & The Collection","uncertain","2026-10-05",,
"2yE07LwAY4zsU1FOFxp2Dk","DAYVID","12062282","Dayvid","uncertain","2026-10-05",,
"1Z8ODXyhEBi3WynYw0Rya6","De La Soul","1312","De La Soul","uncertain","2026-10-05",,
"3eii93RK8M9F3wEJDe7YJG","Decco","117037402","Decco","uncertain","2026-10-05",,
"6jA6tytXRjUrcWbw4ZMvx9","Decla","109136532","Decla","uncertain","2026-10-05",,
"6bh228LGC3eAzbplPWV02r","Declan J Donovan","12002184","Declan J Donovan","uncertain","2026-10-05",,
"3fuxStOqQv8TiytHeuGiE8","Delaney Jane","6604402","Delaney Jane","uncertain","2026-10-05",,
"2PVHjhJWIKgb2yfBTmQerg","Delara","112580622","DeLara","uncertain","2026-10-05",,
"3EOEK57CV77D4ovYVcmiyt","Dennis Lloyd","1678285","Dennis Lloyd","uncertain","2026-10-05",,
"73ZPfpfg1LBVvDEArK4l5B","Des'ree","311","Des'ree","uncertain","2026-10-05",,
"79BUGg8I39oq0mSeIetvob","DIKKA","8977906","Dikka","uncertain","2026-10-05",,
"0WwSkZ7LtFUFjGjMZBMt6T","Dire Straits","176","Dire Straits","uncertain","2026-10-05",,
"3TOqt5oJwL9BE2NG9MEwDa","Disturbed","10754144","Disturbed","uncertain","2026-10-05",,
"14dmbYen0AciYxu5n4Fkpd","DJ BoBo","1453","DJ BoBo","uncertain","2026-10-05",,
"0DR4z5jMA1eqx0CmHBUpkr","DJ Ötzi","1083","DJ Ötzi","uncertain","2026-10-05",,
"6T5tfhQCknKG4UnH90qGnz","DNCE","8898108","DNCE","uncertain","2026-10-05",,
"4E2rKHVDssGJm2SCDOMMJB","Doechii","51965252","Doechii","uncertain","2026-10-05",,
"1l2ekx5skC4gJH8djERwh1","Don Diablo","100810","Don Diablo","uncertain","2026-10-05",,
"5dbuFbrHa1SJlQhQX9OUJ2","Don Henley","12205","Don Henley","uncertain","2026-10-05",,
"1gRNBaI4yn6wCCTvRhGWh8","Don McLean","2224","Don McLean","uncertain","2026-10-05",,
"3klZnJvYGIbWritVwQD434","Duncan Laurence","60859742","Duncan Laurence","uncertain","2026-10-05",,
"1dID9zgn0OV0Y8ud7Mh2tS","Dustin Lynch","1570549","Dustin Lynch","uncertain","2026-10-05",,
"69Lf9TlJ7qID862aDGbZx1","Dylan Brady","11200440","Dylan Brady","uncertain","2026-10-05",,
"2cMDCP6zOLaPPbOXMD4193","Ea Kaya","11866943","Ea Kaya","uncertain","2026-10-05",,
"3ngKsDXZAssmljeXCvEgOe","Eagle-Eye Cherry","1193","Eagle-Eye Cherry","uncertain","2026-10-05",,
"0h9IuyuhaLBJWOpebvgTk5","Earl St. Clair","9091216","Earl St. Clair","uncertain","2026-10-05",,
"1PbBg2aYjWLKRk84zJK15x","Echosmith","2487301","Echosmith","uncertain","2026-10-05",,
"66TrUkUZ3RM29dqeDQRgyA","Ella Eyre","4799777","Ella Eyre","uncertain","2026-10-05",,
"7nDsS0l5ZAzMedVRKPP8F1","Ella Henderson","5425093","Ella Henderson","uncertain","2026-10-05",,
"7LkNpfFX2XpGAO0Amhtfhl","Elle Winter","4069988","Elle Winter","uncertain","2026-10-05",,
"7sfgqEdoeBTjd8lQsPT3Cy","Emeli Sandé","563882","Emeli Sandé","uncertain","2026-10-05",,
"4RbjejrQkdyJK5XUyvnSDU","Emily Hall","4521785","Emily Hall","uncertain","2026-10-05",,
"7FxEy78P0oIVEVxdaL9npy","Emily James","10708605","Emily James","uncertain","2026-10-05",,
"3RBqLTttwN1orqQozYfmJo","Emily Roberts","7575046","Emily Roberts","uncertain","2026-10-05",,
"7hbsjraQ0ce8UcmoWVoIe8","Emma Klein","5360187","Emma Klein","uncertain","2026-10-05",,
"3GIadM69XShFZNB3gP67Td","Emma Steinbakken","53984132","Emma Steinbakken","uncertain","2026-10-05",,
"2IvkS5MXK0vPGnwyJsrEyV","Eric Church","243606","Eric Church","uncertain","2026-10-05",,
"5vPqlDBYNZiF5SrHGS6Cyt","Erin Bloomer","13873767","Erin Bloomer","uncertain","2026-10-05",,
"7F1l2kTBvOPGd8sF8nBEtv","Eurielle","5132201","Eurielle","uncertain","2026-10-05",,
"7zsin6IgVsR1rqSRCNYDwq","Family of the Year","389827","Family of the Year","uncertain","2026-10-05",,
"5NhgsV7qPWHZqYEMKzbYvo","Faouzia","1054948","Faouzia","uncertain","2026-10-05",,
"5v7efr4mqt3RQxkT0Mmh5g","Faydee","1858431","Faydee","uncertain","2026-10-05",,
"6lc0muqqPZVQsaTsNCyuRa","Feb","1078411","feb","uncertain","2026-10-05",,
"4bL2B6hmLlMWnUEZnorEtG","felix jaehn","5068032","Felix Jaehn","uncertain","2026-10-05",,
"1oSgjdbgLYULVmEBojPRw8","Fernando & Sorocaba","1264687","Fernando & Sorocaba","uncertain","2026-10-05",,
"3g2kUQ6tHLLbmkV7T4GPtL","Fiona Apple","422","Fiona Apple","uncertain","2026-10-05",,
"7FgMLbnZVrEnir95O0YujA","Five For Fighting","2138","Five for Fighting","uncertain","2026-10-05",,
"6GpcBKNmZDIrRzYkPJu7Wd","flora cash","4845966","flora cash","uncertain","2026-10-05",,
"1moxjboGR7GNWYIMWsRjgG","Florence + The Machine","183716","Florence + The Machine","uncertain","2026-10-05",,
"3b8QkneNDz4JHKKKlLgYZg","Florida Georgia Line","2144511","Florida Georgia Line","uncertain","2026-10-05",,
"7jy3rLJdDQY21OgRLCZ9sD","Foo Fighters","566","Foo Fighters","uncertain","2026-10-05",,
"7q7IUe2AqtifSZ2q52kHFc","Forest Blakk","13346517","Forest Blakk","uncertain","2026-10-05",,
"1scVfBymTr3CeZ4imMj1QJ","Forrest Frank","51554562","Forrest Frank","uncertain","2026-10-05",,
"4bUqnkrDrb4f7rqmDR9yDu","Foy Vance","74334","Foy Vance","uncertain","2026-10-05",,
"5X1JzPIIonP3u9lA580pPT","Francesco Yates","6574087","Francesco Yates","uncertain","2026-10-05",,
"1mZu3rO7qSD09GdDpePHhY","Frankie Goes To Hollywood","1145","Frankie Goes to Hollywood","uncertain","2026-10-05",,
"2WKdxPFRD7IqZvlIAvhMgY","Fugees","629","Fugees","uncertain","2026-10-05",,
"5ETTRSAa5g5uIMNOgqnJPB","Gabriel Guedes de Almeida","8659952","Gabriel Guedes de Almeida","uncertain","2026-10-05",,
"3w6zswp5THsSKYLICUbDTZ","Gabrielle Aplin","516830","Gabrielle Aplin","uncertain","2026-10-05",,
"4sTQVOfp9vEMCemLw50sbu","Galantis","3265001","Galantis","uncertain","2026-10-05",,
"5DYAABs8rkY9VhwtENoQCz","Gavin DeGraw","153","Gavin DeGraw","uncertain","2026-10-05",,
"3fS4QS786qoMZ1CV6VjaX1","Gemelle","62280952","Gemelle","uncertain","2026-10-05",,
"2ysnwxxNtSgbb9t1m2Ur4j","George Ezra","5241932","George Ezra","uncertain","2026-10-05",,
"4fxd5Ee7UefO4CUXgwJ7IP","GIVĒON","48995601","GIVĒON","uncertain","2026-10-05",,
"0SCbttzoZTnLFebDYmAWCm","Glee Cast","445137","Glee Cast","uncertain","2026-10-05",,
"6V6WCgi7waF55bJmylC4H5","Gloria Gaynor","303","Gloria Gaynor","uncertain","2026-10-05",,
"6gZq1Q6bdOxsUPUG1TaFbF","Godsmack","534","Godsmack","uncertain","2026-10-05",,
"1dIS2M2CNnqd2ks8Okqi7A","Gone West","5606835","Gone West","uncertain","2026-10-05",,
"2AsusXITU8P25dlRNhcAbG","Gotye","159449","Gotye","uncertain","2026-10-05",,
"55VbVrjmAWcvCknVFfPzvK","Grace Davies","8094811","Grace Davies","uncertain","2026-10-05",,
"06nevPmNVfWUXyZkccahL8","Gregory Porter","1035779","Gregory Porter","uncertain","2026-10-05",,
"4IJczjB0fJ04gs4uvP0Fli","Gym Class Heroes","5576","Gym Class Heroes","uncertain","2026-10-05",,
"5p7f24Rk5HkUZsaS3BLG5F","Hailee Steinfeld","5961630","Hailee Steinfeld","uncertain","2026-10-05",,
"6KImCVD70vtIoJWnq6nGn3","Harry Styles","5313805","Harry Styles","uncertain","2026-10-05",,
"6yFbpXlBH8XHVQGjUPUvKU","He Is We","430072","He Is We","uncertain","2026-10-05",,
"707cnVfI3ISM4j5uzfTc7J","Hidden Citizens","7963036","Hidden Citizens","uncertain","2026-10-05",,
"5awQWdBpLqN2KFVRN8w56T","Highasakite","1672002","Highasakite","uncertain","2026-10-05",,
"4dM6NDYSfLcspt8GLoT5aE","Hippie Sabotage","4913080","Hippie Sabotage","uncertain","2026-10-05",,
"2MSlGNpwXDScUdspOK6TS7","Home Free","1070617","Home Free","uncertain","2026-10-05",,
"3iN9k8uvm4WrgdlOigOH8D","Hook N Sling","201327","Hook n Sling","uncertain","2026-10-05",,
"2FXC3k01G6Gw61bmprjgqS","Hozier","5062414","Hozier","uncertain","2026-10-05",,
"7H6dkUChT5EoOQtUVMg4cN","Hunter Hayes","802470","Hunter Hayes","uncertain","2026-10-05",,
"5KNwR0B4tskwLbpfPtt1LG","Ian Harrison","3013681","Ian Harrison","uncertain","2026-10-05",,
"73Np75Wv2tju61Eo9Zw4IR","Idina Menzel","7023","Idina Menzel","uncertain","2026-10-05",,
"3nqS8jzqmsPKFJTp0BOIel","Ikky","109920862","IKKY","uncertain","2026-10-05",,
"6mzs66iVW15C5iLt0JLt41","ILIRA","9332752","ILIRA","uncertain","2026-10-05",,
"3aGFCoR8xGN6DKwvdzeSja","ILOVEMAKONNEN","412369821","ILoveMakonnen","uncertain","2026-10-05",,
"3FTKP1k9VbOng3m1rgnsqx","Ilse DeLange","190","Ilse DeLange","uncertain","2026-10-05",,
"5rGrDvrLOV2VV8SCFVGWlj","Imanbek","73101792","Imanbek","uncertain","2026-10-05",,
"3YcBF2ttyueytpXtEzn1Za","Incubus","10930572","Incubus","uncertain","2026-10-05",,
"2vm8GdHyrJh2O2MfbQFYG0","Ingrid Michaelson","16797","Ingrid Michaelson","uncertain","2026-10-05",,
"5os0Ltvz8Q8BvXOPOd1frx","Inner Circle","210468037","Inner Circle","uncertain","2026-10-05",,
"4M5nCE77Qaxayuhp3fVn4V","Iron & Wine","1653","Iron & Wine","uncertain","2026-10-05",,
"5lXfVoQxVgC5fpjkVqvNYn","Isaiah Firebrace","12905933","Isaiah Firebrace","uncertain","2026-10-05",,
"5ie2SvXgvXlTpyqkwLtSd7","Isak Danielson","4046251","Isak Danielson","uncertain","2026-10-05",,
"5nkYRuiIHg2xXHFC8bfosJ","ItaloBrothers","169850","ItaloBrothers","uncertain","2026-10-05",,
"1J2VVASYAamtQ3Bt8wGgA6","Ja Rule","138","Ja Rule","uncertain","2026-10-05",,
"7nC05zmJukRGYObQeRgg3x","Jack Savoretti","16853","Jack Savoretti","uncertain","2026-10-05",,
"1HxJeLhIuegM3KgvPn8sTa","Jack Ü","6699381","Jack Ü","uncertain","2026-10-05",,
"0AepkoQhYvkjEzzwIcGxdV","Jacob Banks","4562106","Jacob Banks","uncertain","2026-10-05",,
"0QWrMNukfcVOmgEU0FEDyD","Jacob Collier","6563333","Jacob Collier","uncertain","2026-10-05",,
"0nfU2YxUfRQxknJWo3mQit","Jadelyn","64714122","Jadelyn","uncertain","2026-10-05",,
"1n2pb9Tsfe4SwAjmUac6YT","Jake Owen","173113","Jake Owen","uncertain","2026-10-05",,
"0DxPHf2flBAcV2SnZPg3SV","Jake Scott","5760774","Jake Scott","uncertain","2026-10-05",,
"4VwPxNL7TSSRsKbxe3HWXS","Jake Scott","5760774","Jake Scott","uncertain","2026-10-05",,
"4EzkuveR9pLvDVFNx6foYD","James Bay","4732999","James Bay","uncertain","2026-10-05",,
"7FDlvgcodNfC0IBdWevl4u","James Vincent McMorrow","146333","James Vincent McMorrow","uncertain","2026-10-05",,
"4w1ZBtHF0HxrGqQdB7i1it","Jamestown Revival","1092152","Jamestown Revival","uncertain","2026-10-05",,
"1jhdZdzOd4TJLAHqQdkUND","Jamie Lawson","1197556","Jamie Lawson","uncertain","2026-10-05",,
"2LkkwxA19J8C52wPQl5bG6","Jamie Miller","4722798","Jamie Miller","uncertain","2026-10-05",,
"2FsZnS8gQ8jG1HGnPYNlm9","Jamie N Commons","391029","Jamie N Commons","uncertain","2026-10-05",,
"6ueGR6SWhUJfvEhqkvMsVs","Janelle Monáe","131935","Janelle Monáe","uncertain","2026-10-05",,
"2GDNbg4B7fHn1PqHlEdtd1","Janet Devlin","5315235","Janet Devlin","uncertain","2026-10-05",,
"2TL8gYTNgD6nXkyuUdDrMg","Jasmine Thompson","5021724","Jasmine Thompson","uncertain","2026-10-05",,
"3FfvYsEGaIb52QPXhg4DcH","Jason Aldean","7830","Jason Aldean","uncertain","2026-10-05",,
"4phGZZrJZRo4ElhRtViYdl","Jason Mraz","4011","Jason Mraz","uncertain","2026-10-05",,
"3XBxSfCwYIMBzWmJL7ZJ4U","Jason Walker","11435558","Jason Walker","uncertain","2026-10-05",,
"14cxUg2t2XDDqd2iOwXGW1","Jay Smith","120525402","Jay Smith","uncertain","2026-10-05",,
"6QrQ7OrISRYIfS5mtacaw2","Jaymes Young","5100975","Jaymes Young","uncertain","2026-10-05",,
"0cuW2lF0YWb9VUyHOnvnsO","Jenn Johnson","1032620","Jenn Johnson","uncertain","2026-10-05",,
"0Dct2Gu0qEbgGRjfaxew8g","Jeremy Loops","5079421","Jeremy Loops","uncertain","2026-10-05",,
"6DdbeAeBlrYj8bNToZv4TY","JESSIA","13890561","JESSIA","uncertain","2026-10-05",,
"3KedxarmBCyFBevnqQHy3P","Jessie Reyez","9262400","Jessie Reyez","uncertain","2026-10-05",,
"3Ayl7mCk0nScecqOzvNp6s","Jimmy Eat World","346","Jimmy Eat World","uncertain","2026-10-05",,
"7Dx7RhX0mFuXhCOUgB01uM","JJ Lin","1572610","JJ Lin","uncertain","2026-10-05",,
"6Z8D437D8u4IdirS4Jc58d","Joe Brooks","387857","Joe Brooks","uncertain","2026-10-05",,
"7uuTT33JCupBqe9tB9CZUM","Joel Sundkvist","53174112","Joel Sundkvist","uncertain","2026-10-05",,
"4WilUzPdhmLAiX67CZ9xTi","Joel Taylor","1081764","Joel Taylor","uncertain","2026-10-05",,
"5dID7TuTjqElOjVuFYCJ9o","John Buckley","887039","John Buckley","uncertain","2026-10-05",,
"3lPQ2Fk5JOwGWAF3ORFCqH","John Mellencamp","5734","John Mellencamp","uncertain","2026-10-05",,
"0eRbECAGCLLiTyVXPBRexU","Jon Batiste","1059460","Jon Batiste","uncertain","2026-10-05",,
"6h2bWHWTJL38N8dqocVaif","Jon Bon Jovi","144474","Jon Bon Jovi","uncertain","2026-10-05",,
"6cpVjPOo5Ozn28hUfYBXqm","Jonah Baker","7159218","Jonah Baker","uncertain","2026-10-05",,
"7cVcIR2MuwJy2y6biq8ouU","Jonah Dean","196442727","Jonah Dean","uncertain","2026-10-05",,
"1HBjj22wzbscIZ9sEb5dyf","Jonas Blue","5306539","Jonas Blue","uncertain","2026-10-05",,
"7gOdHgIoIKoe4i9Tta6qdD","Jonas Brothers","15888","Jonas Brothers","uncertain","2026-10-05",,
"3khg8RDB6nMuw34w1IHS6Y","Jónsi","364126","Jónsi","uncertain","2026-10-05",,
"60wslYioiBcxSTInM4nIy2","Jordan Fisher","4924358","Jordan Fisher","uncertain","2026-10-05",,
"6TV0LZ3BaEun0OQEh96elP","Jordan Smith","116092732","Jordan Smith","uncertain","2026-10-05",,
"2AQjGvtT0pFYfxR3neFcvz","Jordin Sparks","17198","Jordin Sparks","uncertain","2026-10-05",,
"2a2d2tEf1DleP1l10YZutF","Josh Daniel","10108490","Josh Daniel","uncertain","2026-10-05",,
"5IF68hkV9cR8Jnyc2sahZ4","Josh Logan","1140224","Josh Logan","uncertain","2026-10-05",,
"1ZGTSMjK1D2HrpPTOh916U","Josh Ross","14281589","Josh Ross","uncertain","2026-10-05",,
"7vCtweS8UVAXTyau2j0rDT","Josh Turner","13957","Josh Turner","uncertain","2026-10-05",,
"2ezBCz6kkE2zjl04mecpUM","Joshua Smith","1089411","Joshua Smith","uncertain","2026-10-05",,
"4kYGAK2zu9EAomwj3hXkXy","JP Cooper","1641705","JP Cooper","uncertain","2026-10-05",,
"48rpE75ZIsnfNFyojfYene","Julia Cole","5739741","Julia Cole","uncertain","2026-10-05",,
"0ZED1XzwlLHW4ZaG4lOT6m","Julia Michaels","2110321","Julia Michaels","uncertain","2026-10-05",,
"164Uj4eKjl6zTBKfJLFKKK","JVKE","14486481","Jvke","uncertain","2026-10-05",,
"5bgfj5zUoWpyeVatGDjn6H","K CAMP","2063721","K Camp","uncertain","2026-10-05",,
"0f2YkMXwFNJNSX7MymevKE","Kaash Paige","54518272","Kaash Paige","uncertain","2026-10-05",,
"70kkdajctXSbqSMJbQO424","Kacey Musgraves","399990","Kacey Musgraves","uncertain","2026-10-05",,
"7jdFEYD2LTYjfwxOdlVjmc","KALEO","1138351","KALEO","uncertain","2026-10-05",,
"1U1el3k54VvEUzo3ybLPlM","Kali Uchis","6043160","Kali Uchis","uncertain","2026-10-05",,
"6zcWVbyNT0z94MBffsTJGP","KAMRAD","11053448","KAMRAD","uncertain","2026-10-05",,
"6DARBhWbfcS9E4yJzcliqQ","Karan Aujla","6555107","Karan Aujla","uncertain","2026-10-05",,
"0THdxk7bYWo6wciF1gInBK","Kat Cunning","12492472","Kat Cunning","uncertain","2026-10-05",,
"4rPZIJpeNz7GBm2t8YhR7j","Kat Graham","1136994","Kat Graham","uncertain","2026-10-05",,
"2TzHIUhVpeeDxyJPpQfnV3","Katrina & The Waves","183587","Katrina & The Waves","uncertain","2026-10-05",,
"7HV2RI2qNug4EcQqLbCAKS","Keala Settle","256269","Keala Settle","uncertain","2026-10-05",,
"2YOYjcNXjBJSW1STwwhE74","Keir","1136031","Keir","uncertain","2026-10-05",,
"3RqBeV12Tt7A8xH3zBDDUF","Kelsea Ballerini","6004814","Kelsea Ballerini","uncertain","2026-10-05",,
"2t1vHqFELDwweQWM6JYxHG","Kelvin Jones","5570740","Kelvin Jones","uncertain","2026-10-05",,
"5hHcAWKNV84BEbkRnbQ6A7","Kensington","122871782","Kensington","uncertain","2026-10-05",,
"7udzSgwVGJxs3AyFnBD41K","Kestra","5335204","Kestra","uncertain","2026-10-05",,
"4hYGeW38YmmFqdCv4dLMjB","Kevin Griffin","1134983","Kevin Griffin","uncertain","2026-10-05",,
"3HTHz4rj84gMMV8T3u81op","Kevin Quinn","129803632","Kevin Quinn","uncertain","2026-10-05",,
"0Chxmm4XMM87mJOHvyiUzL","Kevin Rudolf","133173","Kevin Rudolf","uncertain","2026-10-05",,
"3ZmFADbNrWQvkouwpbCCeT","Kevin Walker","1092142","Kevin Walker","uncertain","2026-10-05",,
"5n9E5vGRtLsPzqk39eA29T","Keywest","408952","Keywest","uncertain","2026-10-05",,
"2mVVjNmdjXZZDvhgQWiakk","Khruangbin","5328540","Khruangbin","uncertain","2026-10-05",,
"4zxvC7CRGvggq9EWXOpwAo","Kiesza","1321900","Kiesza","uncertain","2026-10-05",,
"4u5smJBskI6Adzv08PuiUP","Kiiara","9108984","Kiiara","uncertain","2026-10-05",,
"2qk9voo8llSGYcZ6xrBzKx","Kings of Leon","385","Kings of Leon","uncertain","2026-10-05",,
"4BxCuXFJrSWGi1KHcVqaU4","Kodaline","3803881","Kodaline","uncertain","2026-10-05",,
"2zwHaEmXxX6DTv4i8ajNCM","Kris Allen","247378","Kris Allen","uncertain","2026-10-05",,
"6KcmUwBzfwLaYxdfIboqcp","Kyla La Grange","402712","Kyla La Grange","uncertain","2026-10-05",,
"7mog8g5ixRhdaeCgIsiYtN","Kyle Clark","10279240","Kyle Clark","uncertain","2026-10-05",,
"3K2zB87GZv1krx031en5VA","La Roux","152788","La Roux","uncertain","2026-10-05",,
"62QZPjYQMoo5g56FP9Webq","Laleh","16638","Laleh","uncertain","2026-10-05",,
"49tQo2QULno7gxHutgccqF","LANY","11703521","Lany","uncertain","2026-10-05",,
"21mgsWjJ4TmBxsUKexjJPT","Laura Marano","4041867","Laura Marano","uncertain","2026-10-05",,
"1Zz6NBe8UIZjm88TvehFtx","Le Youth","876189","LE YOUTH","uncertain","2026-10-05",,
"18tR4JqMqRMeIQsexVMLHz","Lea Heart","111083512","Lea Heart","uncertain","2026-10-05",,
"16rJDrSGCHMXjPUuKwQcvp","Lea Michele","329863","Lea Michele","uncertain","2026-10-05",,
"2d3VHzlOEwXvmBdS4pzOPL","LeAnn Rimes","1624","LeAnn Rimes","uncertain","2026-10-05",,
"4zWFlKgU4j7ryWg5nsOmU6","Lenier","5643053","Lenier","uncertain","2026-10-05",,
"5lKZWd6HiSCLfnDGrq9RAm","Leona Lewis","13639","Leona Lewis","uncertain","2026-10-05",,
"3cR4rhS2hBWqI7rJEBacvN","Leslie Odom Jr.","4194807","Leslie Odom Jr.","uncertain","2026-10-05",,
"5pUo3fmmHT8bhCyHE52hA6","Liam Payne","4794268","Liam Payne","uncertain","2026-10-05",,
"13saZpZnCDWOI9D4IJhp1f","Lily Allen","4607","Lily Allen","uncertain","2026-10-05",,
"1f2q4venkA2pATVTmWhS6Z","Lily Williams","12199874","Lily Williams","uncertain","2026-10-05",,
"4aXXDj9aZnlshx7mzj3W1N","Lin-Manuel Miranda","1545788","Lin-Manuel Miranda","uncertain","2026-10-05",,
"378dH6EszOLFShpRzAQkVM","Lindsey Stirling","3779331","Lindsey Stirling","uncertain","2026-10-05",,
"0zXBmdI89VgmryLWqZnGb5","Linus Karlsson","14788191","Linus Karlsson","uncertain","2026-10-05",,
"3gMaNLQm7D9MornNILzdSl","Lionel Richie","3445","Lionel Richie","uncertain","2026-10-05",,
"3j4FHbC5zwmYGJ7r0ZgaMt","Lissie","216079955","Lissie","uncertain","2026-10-05",,
"3CygdxquGHurS7f9LjNLkv","Little Big Town","7796","Little Big Town","uncertain","2026-10-05",,
"3e7awlrlDSwF3iM0WBjGMp","Little Mix","1538640","Little Mix","uncertain","2026-10-05",,
"6eXZu6O7nAUA5z6vLV8NKI","Little Simz","4578590","Little Simz","uncertain","2026-10-05",,
"00TKPo9MxwZ0j4ooveIxWZ","Loote","11312264","Loote","uncertain","2026-10-05",,
"49aaHxvAJ0tCh0F15OnwIl","Loreen","1199771","Loreen","uncertain","2026-10-05",,
"6dU7gPN2BhEPfO5QHLt7es","Lorne Balfe","1199471","Lorne Balfe","uncertain","2026-10-05",,
"57WHJIHrjOE3iAxpihhMnp","Louis Tomlinson","4794265","Louis Tomlinson","uncertain","2026-10-05",,
"4KJ6jujcNPzOyhdNoiNftp","lovelytheband","12208704","lovelytheband","uncertain","2026-10-05",,
"1WrqUPWlHN5FXCRcQgrkas","Lucius","108906302","Lucius","uncertain","2026-10-05",,
"5Vuvs6Py2JRU7WiFDVsI7J","Lucky Daye","10318770","Lucky Daye","uncertain","2026-10-05",,
"3QLPy7F0m9XgChp2Lk9B3N","Lucy Spraggan","4021920","Lucy Spraggan","uncertain","2026-10-05",,
"3UPNxAiBdkwToKKuGTQ9Tc","Lucy Thomas","55829482","Lucy Thomas","uncertain","2026-10-05",,
"25u4wHJWxCA9vO0CzxAbK7","Lukas Graham","1563138","Lukas Graham","uncertain","2026-10-05",,
"718COspgdWOnwOFpJHRZHS","Luke Combs","9626504","Luke Combs","uncertain","2026-10-05",,
"0MO42HJhUFrv078qALxpPQ","Luke Evans","1217558","Luke Evans","uncertain","2026-10-05",,
"0jK9PPFgDYVApnxl0ncUpy","Luke Silva","58110602","Luke Silva","uncertain","2026-10-05",,
"3b8jXMWK6VSV8FlQ4hbVkd","LULLANAS","9842932","LULLANAS","uncertain","2026-10-05",,
"2iUbk5KhZYZt4CRvWbwb7S","LunchMoney Lewis","7177292","LunchMoney Lewis","uncertain","2026-10-05",,
"3JhNCzhSMTxs9WLGJJxWOY","Macklemore","152291","Macklemore","uncertain","2026-10-05",,
"5UUdxfBMwm0hLlLgnZtBFv","Madism","5167511","Madism","uncertain","2026-10-05",,
"1BEUkE2CSUgHTLSBMZdnFB","Mae Muller","13432195","Mae Muller","uncertain","2026-10-05",,
"2RVvqRBon9NgaGXKfywDSs","Maisie Peters","13022633","Maisie Peters","uncertain","2026-10-05",,
"7B6Uk58O2DVfg1xZPKEp4n","Malik Harris","48912271","Malik Harris","uncertain","2026-10-05",,
"4OSArit7O2Jaj4mgf3YN7A","Mallrat","9324742","Mallrat","uncertain","2026-10-05",,
"5wFXmYsg3KFJ8BDsQudJ4f","Manchester Orchestra","173740","Manchester Orchestra","uncertain","2026-10-05",,
"6ObeGN1qTsep95QRNOfNc3","Mangoo","2221931","Mangoo","uncertain","2026-10-05",,
"3N4FiTxpPQRsrihmTMN349","Marcus & Martinus","3697701","Marcus & Martinus","uncertain","2026-10-05",,
"0FeWKiZSwBRdGzqeCdlH1a","Marcus King","169265077","Marcus King","uncertain","2026-10-05",,
"6WY7D3jk8zTrHtmkqqo5GI","Maren Morris","393541","Maren Morris","uncertain","2026-10-05",,
"3rTRHzFfbTk5GL3LpYZGHR","Maria Mena","114128152","Maria Mena","uncertain","2026-10-05",,
"0KKUc4amZyvswV2YL6WTar","Mariah Angeliq","100314362","Mariah Angeliq","uncertain","2026-10-05",,
"2xotqeudHAi6eXva57U5nK","Mark Wilkinson","261889","Mark Wilkinson","uncertain","2026-10-05",,
"04gDigrS5kc9YWfZHwBETP","Maroon 5","1188","Maroon 5","uncertain","2026-10-05",,
"523y9KSneKh6APd1hKxLuF","Master KG","15216967","Master KG","uncertain","2026-10-05",,
"4YXycRbyyAE0wozTk7QMEq","Matoma","6557769","Matoma","uncertain","2026-10-05",,
"3p6my89rn8STAqtZohziRM","Matt Cooper","479385","Matt Cooper","uncertain","2026-10-05",,
"7CIW23FQUXPc1zebnO1TDG","Matt Corby","406204","Matt Corby","uncertain","2026-10-05",,
"7HXBbxW6YwU8lvgBew2p2A","Matt Johnson","124530912","Matt Johnson","uncertain","2026-10-05",,
"7gHscNMDI8FF8pcgrV8eIn","Matt Maeson","10525685","Matt Maeson","uncertain","2026-10-05",,
"1g0fXhQMHAxlRyIBkCbuE7","Matt Simons","412332","Matt Simons","uncertain","2026-10-05",,
"2JLqTvFXmC87BksiCsBezV","Matt Terry","4826208","Matt Terry","uncertain","2026-10-05",,
"00eBZtIQVnVtZHOW1qDDDn","Matthew Nolan","6829241","Matthew Nolan","uncertain","2026-10-05",,
"3bmFPbLMiLxtR9tFrTcKcP","Matthew Wilder","363214","Matthew Wilder","uncertain","2026-10-05",,
"0ukgrNYk51TkMQr0f2Br4Q","Maverick Sabre","471045","Maverick Sabre","uncertain","2026-10-05",,
"2J5ZG3xD6VTCBOXnpn8r2B","McKenna Faith","9169128","McKenna Faith","uncertain","2026-10-05",,
"09kCHZp9iFO2FJNb9lR6G5","Megan Davies","5645135","Megan Davies","uncertain","2026-10-05",,
"181bsRPaVXVlUKXrxwZfHK","Megan Thee Stallion","12816021","Megan Thee Stallion","uncertain","2026-10-05",,
"5FCdZItP2SRoMCb3QNVFIl","Megan Woods","267905572","Megan Woods","uncertain","2026-10-05",,
"63yrD80RY3RNEM2YDpUpO8","Melanie Martinez","5518450","Melanie Martinez","uncertain","2026-10-05",,
"0f3EsoviYnRKTkmayI3cux","Men At Work","8486","Men at Work","uncertain","2026-10-05",,
"1GxkXlMwML1oSg5eLPiAz3","Michael Bublé","1478","Michael Bublé","uncertain","2026-10-05",,
"4CuipEvwcoQggmCV8jpKF9","Michael Calfan","131668","Michael Calfan","uncertain","2026-10-05",,
"0bzfPKdbXL5ezYW2z3UGQj","Michael Kiwanuka","459578","Michael Kiwanuka","uncertain","2026-10-05",,
"4j96cMcT8GRi11qbvo1cLQ","Michael Marcagi","102060542","Michael Marcagi","uncertain","2026-10-05",,
"21aa4pj9BvbFB2iT8kRpnq","Michael Schulte","817849","Michael Schulte","uncertain","2026-10-05",,
"1DTZRmlVZBxx2wRQBtx6yi","Midland","12750457","Midland","uncertain","2026-10-05",,
"0h3YCmvRJ2jqt4jFiR6nGL","MIIA","119312362","Miia","uncertain","2026-10-05",,
"2yTUYhIf8fxptTIy3KLuJD","Mike + The Mechanics","1492883","Mike + The Mechanics","uncertain","2026-10-05",,
"6lB8vOoI4DRrrVxXwuV19c","Mike Perry","1009000","Mike Perry","uncertain","2026-10-05",,
"6mo0UbyIvIePdXNyLwQlk5","Milow","110377002","Milow","uncertain","2026-10-05",,
"3GxKJzJK4LpsYGXQrw77wz","Mimi Webb","13418135","Mimi Webb","uncertain","2026-10-05",,
"66lH4jAE7pqPlOlzUKbwA0","Miranda Lambert","5057","Miranda Lambert","uncertain","2026-10-05",,
"1p6CdzJRoicjRcSdWoB9Qc","Mitchell Tenpenny","7137853","Mitchell Tenpenny","uncertain","2026-10-05",,
"2l35CQqtYRh3d8ZIiBep4v","MKTO","4214491","MKTO","uncertain","2026-10-05",,
"7uMh23xWiuR7zsNkuNcm2G","MNEK","1454125","MNEK","uncertain","2026-10-05",,
"3u2R8st1bb6zfBqNWceRXG","MOD SUN","559229","Mod Sun","uncertain","2026-10-05",,
"3sKeaby6GMSJWgYueZaSjE","Mokita","8863276","Mokita","uncertain","2026-10-05",,
"5DK8eK7fjvRsziXzyr3sFA","Moon Taxi","390329","Moon Taxi","uncertain","2026-10-05",,
"6fzQ81ouajOEFqCIB9VwrS","Morgan Evans","1564010","Morgan Evans","uncertain","2026-10-05",,
"4oUHIQIBe0LHzYfvXNW4QM","Morgan Wallen","7188840","Morgan Wallen","uncertain","2026-10-05",,
"7Bah8E0kCETqEpAHI6CPzQ","Mr. Mister","108593202","Mr. Mister","uncertain","2026-10-05",,
"33W1pnW9zScZtYTnAoWnOT","Mr. Probz","2137231","Mr. Probz","uncertain","2026-10-05",,
"2Mu5NfyYm8n5iTomuKAEHl","Ms. Lauryn Hill","1117","Ms. Lauryn Hill","uncertain","2026-10-05",,
"3gd8FJtBJtkRxdfbTu19U2","Mumford & Sons","288092","Mumford & Sons","uncertain","2026-10-05",,
"3cKS6z9VNfN9u5ZyNiph4l","Munn","103630112","Munn","uncertain","2026-10-05",,
"7FBcuc1gsnv6Y1nwFtNRCb","My Chemical Romance","599","My Chemical Romance","uncertain","2026-10-05",,
"1EhPRkK8hf1SzrDhzPlaMw","Myle","129005452","Myle","uncertain","2026-10-05",,
"3bO19AOone0ubCsfDXDtYt","Myles Smith","12641355","Myles Smith","uncertain","2026-10-05",,
"4MKfFnhGNxVnw0dgpgCBeQ","Nahra","60384792","Nahra","uncertain","2026-10-05",,
"35SNnBQdgAu11JxXMJAKa6","Namté","94231962","Namté","uncertain","2026-10-05",,
"2Zi3RrdQqk63Xj0914STkS","Naomi Scott","1219587","Naomi Scott","uncertain","2026-10-05",,
"6KVnMm856M8CHHBCw53Ihh","Natalie Grant","16652","Natalie Grant","uncertain","2026-10-05",,
"0dlOr0VIysztGWvU1dpjmP","Natalie Imbruglia","625","Natalie Imbruglia","uncertain","2026-10-05",,
"2WxjxdeF7GGdcCK276qViY","Natalie Taylor","4680970","Natalie Taylor","uncertain","2026-10-05",,
"7o95ZoZt5ZYn31e9z1Hc0a","Natasha Bedingfield","1489","Natasha Bedingfield","uncertain","2026-10-05",,
"5a1CkvrJSjRH8ZzWTMRsCd","Nathan Ball","1228260","Nathan Ball","uncertain","2026-10-05",,
"6j9I1Come6vRJA5BfPXlEo","Nathan Johnson","1110491","Nathan Johnson","uncertain","2026-10-05",,
"4qKpLkR911SUlnd4HAtF79","Nathaniel Rateliff","401644","Nathaniel Rateliff","uncertain","2026-10-05",,
"1bT7m67vi78r2oqvxrP3X5","Naughty Boy","1494500","Naughty Boy","uncertain","2026-10-05",,
"5H6xmHXjsq98NLbEjuE29f","NEIKED","9146132","NEIKED","uncertain","2026-10-05",,
"2jw70GZXlAI8QzWeY2bgRc","Nelly Furtado","133","Nelly Furtado","uncertain","2026-10-05",,
"3JxCEqL9zjKnDJgUhRuRJD","Neneh Cherry","2680","Neneh Cherry","uncertain","2026-10-05",,
"0RpddSzUHfncUWNJXKOsjy","Neon Trees","361398","Neon Trees","uncertain","2026-10-05",,
"2kE8IGeVPqfCUkVoKyCotA","Nessi","1111754","Nessi","uncertain","2026-10-05",,
"2WuKU0SYZOQyY3MmE4vtez","New Hope Club","12400712","New Hope Club","uncertain","2026-10-05",,
"0Grjlu7ncIuCaSYvCs9fcd","New Radicals","2489","New Radicals","uncertain","2026-10-05",,
"75ois9nn8xMuOgVk2oCN1C","New Rules","6045630","New Rules","uncertain","2026-10-05",,
"1Hsdzj7Dlq2I7tHP7501T4","Niall Horan","4794264","Niall Horan","uncertain","2026-10-05",,
"1bt89NFwMycNfDN6TtuUFz","Nicholas Wells","804879","Nicholas Wells","uncertain","2026-10-05",,
"4Rxn7Im3LGfyRkY2FlHhWi","Nick Jonas","614386","Nick Jonas","uncertain","2026-10-05",,
"6deZN1bslXzeGvOLaLMOIF","Nickelback","338","Nickelback","uncertain","2026-10-05",,
"7qmpXeNz2ojlMl2EEfkeLs","Nicky Youre","95585462","Nicky Youre","uncertain","2026-10-05",,
"0awl5piYwO0CDTHEkCjUhn","Nico & Vinz","5466281","Nico & Vinz","uncertain","2026-10-05",,
"40xbWSB4JPdOkRyuTDy1oP","Nicole Scherzinger","16891","Nicole Scherzinger","uncertain","2026-10-05",,
"25PzS3ToWjTF5cznfaYpFq","Niila","1544776","Niila","uncertain","2026-10-05",,
"6Rw7DRa1dzChBvxGPCpOxU","Niko Moon","6785473","Niko Moon","uncertain","2026-10-05",,
"1XplrA4Q9dPFcayYbJqX6K","nilu","115640282","Nilu","uncertain","2026-10-05",,
"2RQXRUsr4IW1f3mKyKsy4B","Noah Kahan","11819131","Noah Kahan","uncertain","2026-10-05",,
"0h3ltaoCYAfisEeddUYDZT","Noah Reid","4650446","Noah Reid","uncertain","2026-10-05",,
"20bAxKr0YrCvceZeLqs37e","Nomy","280465","Nomy","uncertain","2026-10-05",,
"513t0jZUP0K98C4h7KHtEb","NONONO","4314928","NONONO","uncertain","2026-10-05",,
"1kDGbuxWknIKx4FlgWxiSp","Nothing But Thieves","2210161","Nothing But Thieves","uncertain","2026-10-05",,
"0rZp7G3gIH6WkyeXbrZnGi","Novo Amor","5549375","Novo Amor","uncertain","2026-10-05",,
"5M5PjPSiKeXynM6Ohu350r","O-Zone","22","O-Zone","uncertain","2026-10-05",,
"4AKwRarlmsUlLjIwt38NLw","Ofenbach","6032634","Ofenbach","uncertain","2026-10-05",,
"5cIc3SBFuBLVxJz58W2tU9","Oh Wonder","7215914","Oh Wonder","uncertain","2026-10-05",,
"6y8XlgIV8BLlIg1tT1R10i","Old Dominion","2018491","Old Dominion","uncertain","2026-10-05",,
"0ZHM1itNJyOZWENkb40aHd","Olivia Luna","79852692","Olivia Luna","uncertain","2026-10-05",,
"1QRj3hoop9Mv5VvHQkwPEp","Olivia O'Brien","8589578","Olivia O'Brien","uncertain","2026-10-05",,
"1McMsnEElThX1knmY4oliG","Olivia Rodrigo","11152580","Olivia Rodrigo","uncertain","2026-10-05",,
"3whuHq0yGx60atvA2RCVRW","Olly Murs","399881","Olly Murs","uncertain","2026-10-05",,
"4AK6F7OLvEQ5QYCBNiQWHq","One Direction","1007876","One Direction","uncertain","2026-10-05",,
"6R6DXuHYxkMv159D9OaS3C","One Voice Children's Choir","5553996","One Voice Children's Choir","uncertain","2026-10-05",,
"5Pwc4xIPtQLFEnJriah9YJ","OneRepublic","74398","OneRepublic","uncertain","2026-10-05",,
"4PR77KtW5drJXCsqcyfuzJ","OSTON","55826432","OSTON","uncertain","2026-10-05",,
"1OVyBGCKn7vObVIVPXcmLa","Otherwise","216053875","Otherwise","uncertain","2026-10-05",,
"4fwuXg6XQHfdlOdmw36OHa","Paloma Faith","259131","Paloma Faith","uncertain","2026-10-05",,
"20JZFwl6HVl6yg8a4H3ZqK","Panic! At The Disco","402","Panic! At the Disco","uncertain","2026-10-05",,
"0Z8XVUAOBPM4x12wKnFHEQ","Parker McCollum","6780317","Parker McCollum","uncertain","2026-10-05",,
"48sLioddyaXkuhyHXSkpsB","Parson James","7569564","Parson James","uncertain","2026-10-05",,
"0gadJ2b9A4SKsB1RFkBb66","Passenger","111335902","Passenger","uncertain","2026-10-05",,
"0LAVVn8b5gNlWQsWEm3Wf5","Paul Freeman","134161","Paul Freeman","uncertain","2026-10-05",,
"26VoPCfOpSe5L7kpskenXy","Paul McDonald","1105511","Paul McDonald","uncertain","2026-10-05",,
"4zoRNhOhsGX3w8yBAnFSQ8","Paul Russell","1101356","Paul Russell","uncertain","2026-10-05",,
"6FURqZvM3rB4wseEAcrkoh","Pearce Joza","85479352","Pearce Joza","uncertain","2026-10-05",,
"26AHtbjWKiwYzsoGoUZq53","Pentatonix","1534419","Pentatonix","uncertain","2026-10-05",,
"7EIbKyiLnEJ1Y074UIUyZJ","Peter Hollens","1179853","Peter Hollens","uncertain","2026-10-05",,
"1hII0FUxBvpT7bnuS7TQ6q","Philip Strand","5471220","Philip Strand","uncertain","2026-10-05",,
"6p5JxpTc7USNnBnLzctyd4","Phillip Phillips","2690681","Phillip Phillips","uncertain","2026-10-05",,
"2OEGI2wrCVmvavKEOMlccy","Phillipa Soo","8910686","Phillipa Soo","uncertain","2026-10-05",,
"1r1uxoy19fzMxunt3ONAkG","Phoebe Bridgers","1058631","Phoebe Bridgers","uncertain","2026-10-05",,
"1BhWF9W2PngtPSyobKg0rP","Pia Mia","2724281","Pia Mia","uncertain","2026-10-05",,
"3EBRANWwnViQuBrImN61Z1","Pixie Lott","272225","Pixie Lott","uncertain","2026-10-05",,
"1AZ30JnvQU1pbX6sbRE0Yn","Poets of the Fall","1817","Poets of the Fall","uncertain","2026-10-05",,
"6goK4KMSdP4A8lw8jk4ADk","Pokémon","11125","Pokémon","uncertain","2026-10-05",,
"4kI8Ie27vjvonwaB2ePh8T","Portugal. The Man","181878","Portugal. The Man","uncertain","2026-10-05",,
"6lay1nwbE6hTx1jivysUAL","Princess Nokia","5899243","Princess Nokia","uncertain","2026-10-05",,
"6cEuCEZu7PAE9ZSzLLc2oQ","R3HAB","1353625","R3HAB","uncertain","2026-10-05",,
"4cSYNpczcvTUpnPMFDLsIc","Raaban","1324384","Raaban","uncertain","2026-10-05",,
"0yqCOSZ1i0c49UUbE8AzbQ","Rasmus Seebach","484594","Rasmus Seebach","uncertain","2026-10-05",,
"6VSMAVF00xwG8Adoqnbqy6","Rat City","10115330","Rat City","uncertain","2026-10-05",,
"4e0nWw2r4BoQSKPQ2zpU13","Ray Dalton","4868195","Ray Dalton","uncertain","2026-10-05",,
"6DoH7ywD5BcQvjloe9OcIj","Ray LaMontagne","5271","Ray LaMontagne","uncertain","2026-10-05",,
"2XIafvZ6L2kVmiKukmcRIB","Rayla","10749188","Rayla","uncertain","2026-10-05",,
"01ZtptlLUxoAbJDrS9fTqX","Red Sun Rising","442981","Red Sun Rising","uncertain","2026-10-05",,
"3JxNeLgMuJI0DEmDt9dLzc","Remady","310264","Remady","uncertain","2026-10-05",,
"6ngF3kF5I0prOoapltjAps","René Miller","11146084","René Miller","uncertain","2026-10-05",,
"1EI0NtLHoh9KBziYCeN1vM","Rhiannon Giddens","4625888","Rhiannon Giddens","uncertain","2026-10-05",,
"4T2k9bgIoC8bbqjqiEl9vZ","Rhys Lewis","5622207","Rhys Lewis","uncertain","2026-10-05",,
"0grdhNhiRLFBaFVyybqsj6","Richard Marx","495","Richard Marx","uncertain","2026-10-05",,
"0gxyHStUsqpMadRV0Di1Qt","Rick Astley","6160","Rick Astley","uncertain","2026-10-05",,
"5CCwRZC6euC8Odo6y9X8jr","Rita Ora","1678249","Rita Ora","uncertain","2026-10-05",,
"3aBkeBhwadnWMWoVJ2CxJC","Rob Thomas","1761","Rob Thomas","uncertain","2026-10-05",,
"2HcwFjNelS49kFbfvMxQYw","Robbie Williams","212","Robbie Williams","uncertain","2026-10-05",,
"4JMY9dX6C0SYxm1YEGAEky","Rodell Duff","52610582","Rodell Duff","uncertain","2026-10-05",,
"7vX3cMVyW8gtDA4y855ynF","Rodrigo y Gabriela","15794","Rodrigo y Gabriela","uncertain","2026-10-05",,
"3nFw6mPGG5Uj2YS7IyaGEF","Roman Müller","7873032","Roman Müller","uncertain","2026-10-05",,
"6CmXhyslohOFRJMtPpRm4O","Ron Pope","298609","Ron Pope","uncertain","2026-10-05",,
"3nlHsNqwCSvT988ZfSW1Yh","Ronan Keating","2226","Ronan Keating","uncertain","2026-10-05",,
"46xBNx0j6cwY6sD9LgMTm1","Rosa Linn","142015162","Rosa Linn","uncertain","2026-10-05",,
"4UxLFBvSr4xMDpHe1lrLrH","Ross Lynch","3150221","Ross Lynch","uncertain","2026-10-05",,
"2if6ie7e7mxSq9pnTTEGOs","Rowan Pierce","14933431","Rowan Pierce","uncertain","2026-10-05",,
"2S5hlvw4CMtMGswFtfdK15","Royal Blood","1035806","Royal Blood","uncertain","2026-10-05",,
"4c4aEmXU6Hx95REbIZ3S82","Rozzi","13010881","Rozzi","uncertain","2026-10-05",,
"2w9h2YcsBNLxX9o6wrTOkO","Rubs","170843","Rubs","uncertain","2026-10-05",,
"5xkAtLTf309LAGZTbvULBn","Ruel","1099652","Ruel","uncertain","2026-10-05",,
"1E2AEtxaFaJtH0lO7kgNKw","Russell Dickerson","8643164","Russell Dickerson","uncertain","2026-10-05",,
"1STiTeuda0CtQf1DDh7F8P","Ruxley","210305717","Ruxley","uncertain","2026-10-05",,
"2qc41rNTtdLK0tV3mJn2Pm","Ryan Adams","1225","Ryan Adams","uncertain","2026-10-05",,
"1UBkGXc7Wlf8uvZNc7Z94A","Ryan Burns","437667","Ryan Burns","uncertain","2026-10-05",,
"4myTppRgh0rojLxx8RycOp","Ryan Lewis","262089241","Ryan Lewis","uncertain","2026-10-05",,
"1rxhmvc4pue9A2fEXnLT97","Ryan Stevenson","1003385","Ryan Stevenson","uncertain","2026-10-05",,
"254yIdSLC8faW2tI6oX5pL","Ryan Vasquez","52578352","Ryan Vasquez","uncertain","2026-10-05",,
"74KM79TiuVKeVCqs8QtB0B","Sabrina Carpenter","1176900","Sabrina Carpenter","uncertain","2026-10-05",,
"1Tdg7NIdyWx9icE2GNZzxk","SAINT PHNX","10552643","Saint PHNX","uncertain","2026-10-05",,
"1rvnJJghrxl1xakJZct08m","Sam Ryder","9857934","Sam Ryder","uncertain","2026-10-05",,
"2wY79sveU1sp5g7SokKOiI","Sam Smith","1097709","Sam Smith","uncertain","2026-10-05",,
"70TsVY28EcEUYSGG5Yw7mp","Sam Tinnesz","4644285","Sam Tinnesz","uncertain","2026-10-05",,
"7lPWuLostTtlIShgm4wpf0","Sam Tsui","5345286","Sam Tsui","uncertain","2026-10-05",,
"2WoVwexZuODvclzULjPQtm","Sampha","525619","SAMPHA","uncertain","2026-10-05",,
"6Jrxnp0JgqmeUX1veU591p","Santigold","170008","Santigold","uncertain","2026-10-05",,
"4NgNsOXSwIzXlUIJcpnNUp","Sarah McLachlan","1344","Sarah McLachlan","uncertain","2026-10-05",,
"4xnihxcoXWK3UqryOSnbw5","Sasha Alex Sloan","140005292","Sasha Alex Sloan","uncertain","2026-10-05",,
"6y5amJcTjeDgLXIjtQLMst","SAYGRACE","76030882","SAYGRACE","uncertain","2026-10-05",,
"2KAaJOwfu8n93byx6YPRPa","Scarlett Johansson","71030","Scarlett Johansson","uncertain","2026-10-05",,
"2wpJOPmf1TIOzrB9mzHifd","Scouting For Girls","16939","Scouting for Girls","uncertain","2026-10-05",,
"1EfwyuCzDQpCslZc8C9gkG","SDP","267273362","Sdp","uncertain","2026-10-05",,
"4Ly0KABsxlx4fNj63zJTrF","Seafret","6533751","Seafret","uncertain","2026-10-05",,
"06bDwgCHeMAwhgI8il4Y5k","Set It Off","472399","Set It Off","uncertain","2026-10-05",,
"3y2cIKLjiOlp1Np37WiUdH","Shaboozey","6853437","Shaboozey","uncertain","2026-10-05",,
"3Q2ya2vGeOhQ9CaF9wWNP6","Shane Filan","5053980","Shane Filan","uncertain","2026-10-05",,
"7eCmccnRwPmRnWPw61x6jM","shy martin","9420538","Shy Martin","uncertain","2026-10-05",,
"6PvvGcCY2XtUcSRld1Wilr","Silk Sonic","125094672","Silk Sonic","uncertain","2026-10-05",,
"2bYthPlpd5yCkP4EWX0vn2","Silver Pines","562482","Silver Pines","uncertain","2026-10-05",,
"2p4FqHnazRucYQHyDCdBrJ","Simple Plan","87","Simple Plan","uncertain","2026-10-05",,
"0D9ORVel9TRLozk84pLUuR","Sitrus","53728472","Sitrus","uncertain","2026-10-05",,
"4ryoUS0W8qXokfMxrlJt6O","Skip Marley","8847716","Skip Marley","uncertain","2026-10-05",,
"01y8iBZYk8aeNfPsuTVrAt","Sody","1089097","Sody","uncertain","2026-10-05",,
"7bp2lSdh12wcA8LyB1srfJ","Sofia Carson","8425170","Sofia Carson","uncertain","2026-10-05",,
"3lNLsfeVJSiSyjk2tXnPAp","Sophia Scott","9742314","Sophia Scott","uncertain","2026-10-05",,
"4R6OJTttKBCUvl6GGaZHfp","Spencer Jordan","14586285","Spencer Jordan","uncertain","2026-10-05",,
"5KDIH2gF0VpelTqyQS7udb","Staind","373","Staind","uncertain","2026-10-05",,
"2ExGrw6XpbtUAJHTLtUXUD","Stefflon Don","3972081","Stefflon Don","uncertain","2026-10-05",,
"3vDpQbGnzRbRVirXlfQagB","Sturgill Simpson","4044591","Sturgill Simpson","uncertain","2026-10-05",,
"57LYzLEk2LcFghVwuWbcuS","Summer Walker","14482665","Summer Walker","uncertain","2026-10-05",,
"1osZFzamKEXNoYk7HzWbDe","Sunrise Avenue","9080","Sunrise Avenue","uncertain","2026-10-05",,
"4ETSs924pXMzjIeD6E9b4u","Surfaces","863868","Surfaces","uncertain","2026-10-05",,
"77IW5ZK1smDQYYKDCQugXh","Suzan & Freek","7703592","Suzan & Freek","uncertain","2026-10-05",,
"1h6Cn3P4NGzXbaXidqURXs","Swedish House Mafia","407188","Swedish House Mafia","uncertain","2026-10-05",,
"6S58b0fr8TkWrEHOH4tRVu","Switchfoot","1186","Switchfoot","uncertain","2026-10-05",,
"6AyATGg7mDgBlZ4N5uNog0","SYML","9755580","SYML","uncertain","2026-10-05",,
"2kCO8LXN1usaOPL3iEE28I","Tai Verdes","96346832","Tai Verdes","uncertain","2026-10-05",,
"6MF9fzBmfXghAz953czmBC","Taio Cruz","12243","Taio Cruz","uncertain","2026-10-05",,
"5xKVALj2MSqOHmQhburCM8","Tanner Adell","52343612","Tanner Adell","uncertain","2026-10-05",,
"07cbHkh8aPS0DalFX97zdR","Taylor Lakes","355857942","Taylor Lakes","uncertain","2026-10-05",,
"4bthk9UfsYUYdcFyqxmSUU","Tears For Fears","1192","Tears for Fears","uncertain","2026-10-05",,
"33qOK5uJ8AR2xuQQAhHump","Teddy Swims","64927672","Teddy Swims","uncertain","2026-10-05",,
"5cBeFQv3kBVP8o15CmPTKb","Tez Cadey","1199170","Tez Cadey","uncertain","2026-10-05",,
"2WiwdaLA8veei8WOyyFBqA","The Acoustic Room","160829992","The Acoustic Room","uncertain","2026-10-05",,
"3Ek1EdkcbRFvSDJj9j5JXQ","The Baseballs","251064","The Baseballs","uncertain","2026-10-05",,
"5iB5AWIa7qreioi0AF3Bxa","The Bellamy Brothers","7740","The Bellamy Brothers","uncertain","2026-10-05",,
"1zpo5nF4ALcZ22YB8JOigX","The Dramatics","6447","The Dramatics","uncertain","2026-10-05",,
"2bBTnfGpjGCTRozyAodDa3","The Elovaters","11723379","The Elovaters","uncertain","2026-10-05",,
"63nv0hWWDob56Rk8GlNpN8","The Greatest Showman Ensemble","13437651","The Greatest Showman Ensemble","uncertain","2026-10-05",,
"0n94vC3S9c3mb2HyNAOcjg","The Head And The Heart","1065098","The Head And The Heart","uncertain","2026-10-05",,
"2n1XDJJ6HBSQvn4essanna","The Hollow Men","9703436","The Hollow Men","uncertain","2026-10-05",,
"2ND76XrIKlvo3w0cHsy66L","The Imaginaries","53804872","The Imaginaries","uncertain","2026-10-05",,
"53QzNeFpzAaXYnrDBbDrIp","The Isley Brothers","732","The Isley Brothers","uncertain","2026-10-05",,
"5KU4DdFlZy6aiI5u6nhywP","The Kelly Family","2308","The Kelly Family","uncertain","2026-10-05",,
"0Nn9YwJzcaeuU1jJL06e3r","The Knack","4660","The Knack","uncertain","2026-10-05",,
"5e6KN1XMdBpyWXF4KrSdrx","The Monroes","1214963","The Monroes","uncertain","2026-10-05",,
"0oeUpvxWsC8bWS6SnpU8b9","The Naked And Famous","812093","The Naked And Famous","uncertain","2026-10-05",,
"5me0Irg2ANcsgc93uaYrpb","The Notorious B.I.G.","2519","The Notorious B.I.G.","uncertain","2026-10-05",,
"6dXTZkBBwA1WOLD6OSuA0x","The Overtones","874057","The Overtones","uncertain","2026-10-05",,
"0jW6R8CVyVohuUJVcuweDI","The Piano Guys","1616371","The Piano Guys","uncertain","2026-10-05",,
"2R57sY41L9XvGPiIgHOaYq","The Pretty Reckless","370519","The Pretty Reckless","uncertain","2026-10-05",,
"22bE4uQ6baNwSHPVcDxLCe","The Rolling Stones","11","The Rolling Stones","uncertain","2026-10-05",,
"15qI5w4XJFLRMwOp2VrlD5","The Saturdays","110714","The Saturdays","uncertain","2026-10-05",,
"6ujr1NkqbZpYOhquczUUfl","The Strumbellas","1596266","The Strumbellas","uncertain","2026-10-05",,
"7gAppWoH7pcYmphCVTXkzs","The Vamps","5171069","The Vamps","uncertain","2026-10-05",,
"1Xyo4u8uXC1ZmMpatF05PJ","The Weeknd","4050205","The Weeknd","uncertain","2026-10-05",,
"20q3NJtmeKSi3BTnmUFK16","The Wellermen","121018292","The Wellermen","uncertain","2026-10-05",,
"4F84IBURUo98rz4r61KF70","The White Stripes","636","The White Stripes","uncertain","2026-10-05",,
"6t9tbRO9Lv6Oq6xtVwfdrn","Theresa Rex","51191932","Theresa Rex","uncertain","2026-10-05",,
"7uWXomGkKtIq9B4XgA3gch","Third Day","4001","Third Day","uncertain","2026-10-05",,
"0RqtSIYZmd4fiBKVFqyIqD","Thirty Seconds To Mars","390183","Thirty Seconds to Mars","uncertain","2026-10-05",,
"5TwUXL3I6RaLckHy8le2Hq","Thomas Day","5306800","Thomas Day","uncertain","2026-10-05",,
"6GfiCQDFYANz5wUkSmb3Dr","Thousand Foot Krutch","5722","Thousand Foot Krutch","uncertain","2026-10-05",,
"2xiIXseIJcq3nG7C8fHeBj","Three Days Grace","2978","Three Days Grace","uncertain","2026-10-05",,
"7eGlkTSrit8XlsDZkE2BmP","Tianda","187254227","Tianda","uncertain","2026-10-05",,
"7vXDAI8JwjW531ouMGbfcp","TINI","10294406","TINI","uncertain","2026-10-05",,
"0Tob4H0FLtEONHU1MjpUEp","Tinie Tempah","369408","Tinie Tempah","uncertain","2026-10-05",,
"6pcxIOhQCNb7DX2iuEXgxL","Tobtok","1655320","Tobtok","uncertain","2026-10-05",,
"6Rmg5JiRphFMlhkwGNl9Fu","Tom Gregory","4072825","Tom Gregory","uncertain","2026-10-05",,
"3wmFlsEi0UJSvM8vwbO9oT","Tom King","1076354","Tom King","uncertain","2026-10-05",,
"6vrVGkC0yApJHtA66iXyTs","Tom River","13697701","Tom River","uncertain","2026-10-05",,
"7z2avKuuiMAT4XZJFv8Rvh","Tom Walker","14516403","Tom Walker","uncertain","2026-10-05",,
"0ghlgldX5Dd6720Q3qFyQB","TOMORROW X TOGETHER","60552072","TOMORROW X TOGETHER","uncertain","2026-10-05",,
"2NjfBq1NflQcKSeiDooVjY","Tones And I","59070642","Tones and I","uncertain","2026-10-05",,
"6xeFne1rkxMhKSW3ipvkdV","Toploader","14803","Toploader","uncertain","2026-10-05",,
"79FMDwzZQxHgSkIYBl3ODU","Trace Adkins","12803","Trace Adkins","uncertain","2026-10-05",,
"7o9Nl7K1Al6NNAHX6jn6iG","Travie McCoy","390479","Travie McCoy","uncertain","2026-10-05",,
"1FeE27dT4UOntdjYV9uUgt","Trevor Martin","6414712","Trevor Martin","uncertain","2026-10-05",,
"49CE2ffZ6Z3zeYSDauSKck","Tungevaag","5363871","Tungevaag","uncertain","2026-10-05",,
"7b85ve82Sh36a3UAx74wut","Twisted Sister","3004","Twisted Sister","uncertain","2026-10-05",,
"721Thvnq29Or9LXUyfF75c","UNSECRET","10342464","UNSECRET","uncertain","2026-10-05",,
"3QGKsAfhZdldQCLuLjk6zl","Us The Duo","5825552","Us The Duo","uncertain","2026-10-05",,
"5BvJzeQpmsdsFp4HGUYUEx","Vampire Weekend","75781","Vampire Weekend","uncertain","2026-10-05",,
"10exVja0key0uqUkk6LJRT","Vance Joy","4768525","Vance Joy","uncertain","2026-10-05",,
"5ILrArfIV0tMURcHJN8Q07","Vanessa Carlton","456","Vanessa Carlton","uncertain","2026-10-05",,
"6G9bygHlCyPgNGxK2l3YdE","Vanessa Hudgens","203702","Vanessa Hudgens","uncertain","2026-10-05",,
"1B5hFHavCuWgywCwAXzW2B","Vera Klima","7750688","Vera Klima","uncertain","2026-10-05",,
"2OIWxN9xUhgUHkeUCWCaNs","Veronica Maggio","74439","Veronica Maggio","uncertain","2026-10-05",,
"1L5GuSYb4gktP74dqFkJpi","Vibe Chemistry","10935240","Vibe Chemistry","uncertain","2026-10-05",,
"2OTfr6S2kuHRYStjt1IkY6","Victoria Justice","471457","Victoria Justice","uncertain","2026-10-05",,
"6DIS6PRrLS3wbnZsf7vYic","WALK THE MOON","525307","Walk The Moon","uncertain","2026-10-05",,
"7kplJl06UmldxLKseURAYi","Warren Zeiders","117467152","Warren Zeiders","uncertain","2026-10-05",,
"5oYuKMBiaAc0W8Gt7FVIjb","We Three","112870","We Three","uncertain","2026-10-05",,
"2jnIB6XdLvnJUeNTy5A0J2","Why Don't We","11144828","Why Don't We","uncertain","2026-10-05",,
"26DytDdxKgr9N0tdrBSLs2","Wilder Woods","62801472","Wilder Woods","uncertain","2026-10-05",,
"1OVeEa105GKIVmpZebknKe","Will Brown","187723327","Will Brown","uncertain","2026-10-05",,
"0gAILSEru1PKMwP0tAqNLS","Willow Sage Hart","52973622","Willow Sage Hart","uncertain","2026-10-05",,
"2KPQ6PYAZapLEwMmkzbQxC","Win and Woo","8821650","Win and Woo","uncertain","2026-10-05",,
"44TGR1CzjKBxSHsSEy7bi9","Woodkid","1197801","Woodkid","uncertain","2026-10-05",,
"7r2uG6BlFXKcwmh9ItqlII","WRABEL","515052","WRABEL","uncertain","2026-10-05",,
"3NPpFNZtSTHheNBaWC82rB","X Ambassadors","4549214","X Ambassadors","uncertain","2026-10-05",,
"1ooV8YZC1KbpEcrmI8WH0F","Yebba","2830461","Yebba","uncertain","2026-10-05",,
"7fKO99ryLDo8VocdtVvwZW","Yemi Alade","4694728","Yemi Alade","uncertain","2026-10-05",,
"1kNQXvepPjaPgUfeDAF2h6","You Me At Six","257890","You Me At Six","uncertain","2026-10-05",,
"6Ad91Jof8Niiw0lGLLi3NW","YUNGBLUD","12133088","YUNGBLUD","uncertain","2026-10-05",,
"36BjLtXEXIifbRrfc1Rtqa","Yuno","102243192","Yuno","uncertain","2026-10-05",,
"6yJCxee7QumYr820xdIsjo","Zac Brown Band","210016","Zac Brown Band","uncertain","2026-10-05",,
"03d2mJXSMtuPI0nIvLnhoS","Zoe Wees","70217372","Zoe Wees","uncertain","2026-10-05",,
"0bMKf3lIYR9GaNTdFKkTOr","Zonderling","1662884","Zonderling","uncertain","2026-10-05",,
"6Ff53KvcvAj5U7Z1vojB5o","*NSYNC","413107631","*NSYNC","name","2026-10-05",,
"7xZpdQeDioEzZuAfpJ8RyJ","100Worship","62871022","100Worship","name","2026-10-05",,
"6wEuQ6YxQqySp78RhpWjRs","33Miles","149542","33Miles","name","2026-10-05",,
"31wYkGM3nm2rOm2wTt2Pgi","3FOR3","7999030","3FOR3","name","2026-10-05",,
"1QRgIFTK1ANgtgyFxo5Qbj","3PM","2040061","3PM","name","2026-10-05",,
"0Im6nZsuvL1W8yJg39xROA","3Quency","333670411","3Quency","name","2026-10-05",,
"6dJD1NvQt2vrSJToCz3auf","4 Door Theatre","7139655","4 Door Theatre","name","2026-10-05",,
"0wkTNkmBPmC5E2GITtqwAn","40 Fingers","1336535","40 Fingers","name","2026-10-05",,
"5EDsYfsqCEMiGojCS6UNic","5 Alarm","9017982","5 Alarm","name","2026-10-05",,
"5Rl15oVamLq7FbSb0NNBNy","5 Seconds of Summer","4103408","5 Seconds Of Summer","name","2026-10-05",,
"2rL3Ti0arcsCHVEZRDE4YK","7 Days In Alaska","7398502","7 Days In Alaska","name","2026-10-05",,
"0UCzjO1IZ1PW2l5Z0Gmifr","76th Street","6458431","76th Street","name","2026-10-05",,
"15JWT0b1GY8dOBjVtrHaca","7eventh Time Down","390468","7EVENTH TIME DOWN","name","2026-10-05",,
"2FNefsUIddQsI81cmIJhta","A Firm Handshake","4451181","A Firm Handshake","name","2026-10-05",,
"4kGi1QaVrlxt8zZ2YWE8aK","A N X","14597307","A N X","name","2026-10-05",,
"6BlKaswFaIAH5mtOZj7bdN","A. Fuentes","5325589","A. Fuentes","name","2026-10-05",,
"7MGBJxM8ew32CYTXDjRNaI","A'ANGELI","11618883","A'ANGELI","name","2026-10-05",,
"2aInR6g8otK9hxZIhb41Gj","AamityMae","9909476","AamityMae","name","2026-10-05",,
"012IYp3Wm00izN8OagA1qY","Aaron Pierre","58284912","Aaron Pierre","name","2026-10-05",,
"0oM8RWZXhJYSnzGdepP7fM","Aaron Shust","174519","Aaron Shust","name","2026-10-05",,
"68h2f0WXn4zEctSgNYozXx","Aaron Tveit","480952","Aaron Tveit","name","2026-10-05",,
"0zQfrM0viDe91dAEBuDjGt","AB De Villiers","5581286","AB De Villiers","name","2026-10-05",,
"1N53jg6KZxBoFI9oWNchct","Abbey Cone","4615197","Abbey Cone","name","2026-10-05",,
"0WicR9iYAPd0Bi7i3bz9MB","Abby Anderson","1232039","Abby Anderson","name","2026-10-05",,
"5BlKoQLYxv24MSV5AD6i6q","Abby Gundersen","14652535","Abby Gundersen","name","2026-10-05",,
"5V61WloeXM3XLslOqJ8RES","Abe Parker","1609151","Abe Parker","name","2026-10-05",,
"6ryJRp2gIl77hK36D8tz2m","Abi Carter","257359962","Abi Carter","name","2026-10-05",,
"1Qr7z3g1f7L93ZWdCKGSjV","Able Heart","13944511","Able Heart","name","2026-10-05",,
"2LbykhhO910trTrRusI8an","Above and Within","267721782","Above and Within","name","2026-10-05",,
"7gAYvcQFmAruyvwGjxrSUr","Absofacto","489151","Absofacto","name","2026-10-05",,
"711MCceyCBcFnzjGY4Q7Un","AC/DC","115","AC/DC","name","2026-10-05",,
"43dhUNVIze4QCzk77OSzrg","Acoustic Diamonds Music","186910607","Acoustic Diamonds Music","name","2026-10-05",,
"5TbwTNOxjGKIQc4qZkwapR","Adam Ambrose","14177561","Adam Ambrose","name","2026-10-05",,
"6m2AVqYSTuUsAA8np6rmPO","Adam Chance","10903912","Adam Chance","name","2026-10-05",,
"22QkuOmdRnasuuVgUjhrVw","Adam Christopher","1401955","Adam Christopher","name","2026-10-05",,
"4NsVVzuaZGk4aya8Pyacew","Adam Doleac","11474176","Adam Doleac","name","2026-10-05",,
"2Qwxl6F6JSkr546OaCsgOG","Adam Douglas","4621979","Adam Douglas","name","2026-10-05",,
"0YZYZQRglf6GA3b6ffiAd2","Adam Ezra Group","418989","Adam Ezra Group","name","2026-10-05",,
"5KGZH5Opah1A66dZ2TuWAX","Adam Hambrick","5144071","Adam Hambrick","name","2026-10-05",,
"3dctbbXhrRgigX1icexnws","Adam Hicks","4019670","Adam Hicks","name","2026-10-05",,
"0bvwPCit9Yh0yVdLKGnXRi","Adam Pascal","352242","Adam Pascal","name","2026-10-05",,
"7zhjofAi8AUZAplEj4alB6","Adam Rigby","95994572","Adam Rigby","name","2026-10-05",,
"2KMLKdZBaxTCmZE3oLPSBy","Adam Roth","1590182","Adam Roth","name","2026-10-05",,
"1S5h7D2kXw2h2Cu4ap6uY9","Adam Weinberg","4809547","Adam Weinberg","name","2026-10-05",,
"3ea4XDPCrAm68rpImApb94","Adam Wendler","10983680","Adam Wendler","name","2026-10-05",,
"5C19ARcwHGNkzyAEikKsv9","Adam Woodall Band","5994370","Adam Woodall Band","name","2026-10-05",,
"5hmV66qKLsAbAoJcnogGyc","Adam Woods","3692301","Adam Woods","name","2026-10-05",,
"56Cy71GT3qBw5raNunSLDX","AdamAlexander","59899962","AdamAlexander","name","2026-10-05",,
"5f82TnM2lrxAJQqkZeq0df","Addie James","140615692","Addie James","name","2026-10-05",,
"3rZBkgoRHG8M9jQL0QPNMi","Adel Tawil","875241","Adel Tawil","name","2026-10-05",,
"1PbQULXA8xQ6G8VuGPDaY8","Adeline Hill","13316237","Adeline Hill","name","2026-10-05",,
"54NKhABnyGAvbek0n63TAu","Aden Foyer","185433217","Aden Foyer","name","2026-10-05",,
"2P87oRX5tCFl1PYQRbPCPD","Admiral P","1040553","Admiral P","name","2026-10-05",,
"5SdnUgXwh37iclQnEZH80c","Adrian Elmo","180374397","Adrian Elmo","name","2026-10-05",,
"4NivXml482bxwjzaqeXGTi","Adrian Jørgensen","3922901","Adrian Jørgensen","name","2026-10-05",,
"2tLEO4HKq15n6sagPqVBX6","Adrianna Bernal","2294761","Adrianna Bernal","name","2026-10-05",,
"6R2UojZrKYDr0RiP9jROAJ","Adrien Nunez","276111701","Adrien Nunez","name","2026-10-05",,
"336Pq8Mzm8a8of9wkZWePp","Adrienne Camp","4641293","Adrienne Camp","name","2026-10-05",,
"5LUIJrE1zjFb0aBmBgoGnc","Adrienne Grayce","9358064","Adrienne Grayce","name","2026-10-05",,
"0rwScqjf0uksJ5sBmcT1Oe","Adum","108021592","Adum","name","2026-10-05",,
"1VHMqW5fR2reDTnB6MDfrU","Aedan Peterson","13995025","Aedan Peterson","name","2026-10-05",,
"4Yojac5Sge7YrlUQLBrEmG","Aerpie","160843992","Aerpie","name","2026-10-05",,
"52KatchKjz0L2amwBDxxwO","aeseaes","13501809","aeseaes","name","2026-10-05",,
"1raEEtkE2vJ37ThJz5vphc","Agent Blue","111253","Agent Blue","name","2026-10-05",,
"7fUtt9kVZOyn9LWy0JbDRI","Agnetha Fältskog","8240","Agnetha Fältskog","name","2026-10-05",,
"1voQkMNwVjQ4tf2YUpT9lD","Agtverse","327815481","Agtverse","name","2026-10-05",,
"7zGwX4OwwtrvIT1xg3ocrr","Ahmir","113271","Ahmir","name","2026-10-05",,
"24y0Ntd9EKVLSOAx1eXFsh","Ai Fujimori","62524612","Ai Fujimori","name","2026-10-05",,
"5TVMPzSodMr4xxiU1nUVVr","Airia","9041792","Airia","name","2026-10-05",,
"2PJEagPIxaBugeMjIyKVXF","Aitch","117688062","Aitch","name","2026-10-05",,
"5RFf1gyPc9lMOtCq2k6tLl","AJ McLean","4974943","AJ McLean","name","2026-10-05",,
"30HtguQmog7sTEvDJowVEC","AJ Michalka","4567611","AJ Michalka","name","2026-10-05",,
"6dn6x1XOng3LOAnfTjUn77","AJ Mitchell","14885007","AJ Mitchell","name","2026-10-05",,
"4zrB9WV6Z0iKKnGb1Pj0P2","AJ Rafael","392789","AJ Rafael","name","2026-10-05",,
"7FzUl96rK3TB1HVeVNw973","AJ Smith","4458368","AJ Smith","name","2026-10-05",,
"3lcM6RsjjLvqp7sT4NqU3b","akvarell","96991892","Akvarell","name","2026-10-05",,
"4BAaYv7f957JpMTHLyaBX6","Al Bettis","5750489","Al Bettis","name","2026-10-05",,
"2QuvmDcAU2EFX08IoA8qIO","Alabanzas Cristianas","13001123","Alabanzas Cristianas","name","2026-10-05",,
"57vhIhkzqXdrZnLoD0yl9C","Alain Johannes","582908","Alain Johannes","name","2026-10-05",,
"0jlGRdZB3lcogSl6nuojI5","Alaina Cross","9711318","Alaina Cross","name","2026-10-05",,
"2PBvv7vrSx0SVp3Fz0loqL","Alan Doyle","1594238","Alan Doyle","name","2026-10-05",,
"7vk5e3vY1uw9plTHJAMwjN","Alan Walker","13529769","Alan Walker","name","2026-10-05",,
"4TPT9nwjRvEV49q7f8p4fy","Alana Springsteen","11827849","Alana Springsteen","name","2026-10-05",,
"19fZ2lVAwrWHiELAsDJPWH","Alannah McCready","6130572","Alannah McCready","name","2026-10-05",,
"1hPgyZ5YatVFXQBhsXKTpq","Alberta Cross","78932","Alberta Cross","name","2026-10-05",,
"6IfZesOI3vKCZy8pjzVknj","Albin Johnsén","3589291","Albin Johnsén","name","2026-10-05",,
"5IH6FPUwQTxPSXurCrcIov","Alec Benjamin","884659","Alec Benjamin","name","2026-10-05",,
"3weLeY2Bu0Eij4k0tQ4EzJ","Alec Chambers","7004093","Alec Chambers","name","2026-10-05",,
"3DXba5VoxOGNufHax8DR9A","ALECO","1970181","Aleco","name","2026-10-05",,
"2tZDpI9XgBm5gltJVIssl4","Aleem","149751","Aleem","name","2026-10-05",,
"43uURL7UXIZoVIsTTrLe7d","Alejandro Fuentes","70493","Alejandro Fuentes","name","2026-10-05",,
"5ZDk9lPM0xUAZyzJqGZMn9","Aleks Grey","6926071","Aleks Grey","name","2026-10-05",,
"1F5oUDtMU054ae13hPzBVj","Aleksander With","256084","Aleksander With","name","2026-10-05",,
"6cGVZq9WhCCRkTnn4cJYOg","Alessandro Cortini","4991018","Alessandro Cortini","name","2026-10-05",,
"4AVFqumd2ogHFlRbKIjp1t","Alesso","1188009","Alesso","name","2026-10-05",,
"58MLl9nC29IXbE4nEtuoP2","Alex & Sierra","5947476","Alex & Sierra","name","2026-10-05",,
"5KPJMJR9PCfMWSfco8i4W4","Alex Aiono","6691915","Alex Aiono","name","2026-10-05",,
"2zVCLRV59G7nPOoKxj4xyY","Alex Cornell","4393512","Alex Cornell","name","2026-10-05",,
"25JtC3l1STnE2GptoHKXdD","Alex Crichton","171012477","Alex Crichton","name","2026-10-05",,
"7LCXh4MTN5bnfptYe17e66","Alex Florea","11634409","Alex Florea","name","2026-10-05",,
"0aJPoUxg99e5iOzIdWxpUa","Alex Francis","4441312","Alex Francis","name","2026-10-05",,
"66Fb5gJ9SX2WGlqDLUpjux","Alex Goot","1049379","Alex Goot","name","2026-10-05",,
"1AAK1j4h0H8pdz4kzW2Bzf","Alex Grey","5743739","Alex Grey","name","2026-10-05",,
"5m1YaqdaYNheYQiuyEuhgT","Alex Hobbs","5338134","Alex Hobbs","name","2026-10-05",,
"3Jza5ohDY24rOqjOugmd80","Alex Karlsson","2809701","Alex Karlsson","name","2026-10-05",,
"4eGgDqtslgXY98eNm3gXHm","Alex Katunich","4835588","Alex Katunich","name","2026-10-05",,
"2QMYQHoBQy7Cy9BbLTmUni","Alex Koste","5563089","Alex Koste","name","2026-10-05",,
"3aROeSNBd69DWHpcyyMOcI","Alex Porat","84368902","Alex Porat","name","2026-10-05",,
"25VGj5INCQPTr3qiBBUSVN","Alex Roe","6930929","Alex Roe","name","2026-10-05",,
"70LuGDrcHRTN0dQJoLN7rf","Alex Sampson","14592713","Alex Sampson","name","2026-10-05",,
"0GjycNCtd0KpROrMYfpPjb","Alex Shield","8412614","Alex Shield","name","2026-10-05",,
"5r5BAZRjaW2u0vIeuBrRjk","Alex Westin","84780002","Alex Westin","name","2026-10-05",,
"3L733apFuBmRr4GEVvhh9x","Alexa Cappelli","51727082","Alexa Cappelli","name","2026-10-05",,
"1w9xONedSs7QY93KlJXK6b","Alexander Cardinale","2466431","Alexander Cardinale","name","2026-10-05",,
"3LLNDXrxL4uxXtnUJS5XWM","Alexander Rybak","193844","Alexander Rybak","name","2026-10-05",,
"0znpFLuaey34oJTE1jHSnT","Alexander Stewart","210173587","Alexander Stewart","name","2026-10-05",,
"1yLqKwEHGhhcjyKhRSo8wH","Alexandra Joner","2034111","Alexandra Joner","name","2026-10-05",,
"67ZcPnEGiAlCx2O3sQarWV","Alexandra Kay","5777427","Alexandra Kay","name","2026-10-05",,
"5LeUKbWRby5hGRHktQkXQV","Alexandra Rotan","6485881","Alexandra Rotan","name","2026-10-05",,
"3vp17VvUqsXZvybxY8bdHt","Alexandria Corn","12561016","Alexandria Corn","name","2026-10-05",,
"3122GTNLEZ3aKRgg9WIw21","Alfie Arcuri","10288486","Alfie Arcuri","name","2026-10-05",,
"4t5uGGNiFjujYEEyVVDEwc","Alfie Castley","53564222","Alfie Castley","name","2026-10-05",,
"4aqxOfD6FF2wB7DRhHBFo9","Alice and the Glass Lake","7233402","Alice and the Glass Lake","name","2026-10-05",,
"7jYRUB5U1dAVTQKMvjXYcj","Alicia Dea Josipovic","139886312","Alicia Dea Josipovic","name","2026-10-05",,
"4nF4E2uUyxaIYG8QfMB4qx","Alisha Mae","14069233","Alisha Mae","name","2026-10-05",,
"4YIk99zFkKYS9kVPj53mlh","Alita","1190183","Alita","name","2026-10-05",,
"44LPOpECjnIlnwH91wo2ir","All Sons & Daughters","1644530","All Sons & Daughters","name","2026-10-05",,
"46gyXjRIvN1NL1eCB8GBxo","All Time Low","13191","All Time Low","name","2026-10-05",,
"025YwXWqBozmXznEbkOFUi","All We Hold","363540422","All We Hold","name","2026-10-05",,
"536osqBGKzeozje8BfcGsa","Allen Stone","486308","Allen Stone","name","2026-10-05",,
"48E5csclQ92SrzSRQmEeC4","Allison Iraheta","298828","Allison Iraheta","name","2026-10-05",,
"1jCXMCxkig4rLICrBLl2pf","Allison Miller","661108","Allison Miller","name","2026-10-05",,
"5bxgGDgNPA01GCQBMH6LbA","Allison Pink","131334402","Allison Pink","name","2026-10-05",,
"239Y6QdFqVFfdsw6moqSEN","Allman Brown","537932","Allman Brown","name","2026-10-05",,
"0id62QV2SZZfvBn9xpmuCl","Aloe Blacc","10183","Aloe Blacc","name","2026-10-05",,
"1drbmqQDCYQ7pPtGYj5Y04","Alphabet Rockers","4591189","Alphabet Rockers","name","2026-10-05",,
"1SCWcYnoEh1978ycTDhZoW","Alvin & The Chipmunks","4047859","Alvin & The Chipmunks","name","2026-10-05",,
"5ZuWrQzWBgJXbAfcLx2WTL","Alyson Stoner","311748","Alyson Stoner","name","2026-10-05",,
"31P1IMaJH0mI1pvB9jATHB","Alyssa Bonagura","484849","Alyssa Bonagura","name","2026-10-05",,
"6okAv2ACUPrUrwux2B17Rc","Alyssa Reid","486010","Alyssa Reid","name","2026-10-05",,
"0lkMvYMtyoez6xcdNQzQFf","Alyssa Shouse","5095666","Alyssa Shouse","name","2026-10-05",,
"5rL1bpxszSXKHmVPXR5ZGs","Amanda Fondell","1461537","Amanda Fondell","name","2026-10-05",,
"5UzX8YYER6nwjEoJjt6QCv","Amanda Jordan","71511492","Amanda Jordan","name","2026-10-05",,
"5RZjpmuD14JKXvB8Ry1G1u","Amanda Seyfried","188321","Amanda Seyfried","name","2026-10-05",,
"187i912U6kpq0F0Z9uOVXr","Amanda Tenfjord","6514805","Amanda Tenfjord","name","2026-10-05",,
"2hM7Rb0V5wKjvDEgYt1zed","Amanda Yang","13164973","Amanda Yang","name","2026-10-05",,
"1kSykHfShGrKK0xqrHRb8K","Amber Boss","86140712","Amber Boss","name","2026-10-05",,
"1uuV1avDy9Eup5gYHXVG05","Amber Leigh Irish","13232373","Amber Leigh Irish","name","2026-10-05",,
"6UOGGcrqiMY20uxSHVYnED","Amberlake","52155202","Amberlake","name","2026-10-05",,
"3pPClIZCqgahG8bguvacGh","American Song Contest","174221357","American Song Contest","name","2026-10-05",,
"5qgwXZgnJnxS83T5CtqkLg","American Young","5536563","American Young","name","2026-10-05",,
"0QrowybipCKUDnq5y10PD2","Amos Lee","2055","Amos Lee","name","2026-10-05",,
"7o6U74dOhZuJR9kel2lnyl","Amskøld","15280653","AMSKØLD","name","2026-10-05",,
"1hJuGCUpefX24GFmss9bjH","Amy Macdonald","15030","Amy Macdonald","name","2026-10-05",,
"2DORQjKJVYZMx9uu82UGtT","Amy Shark","5566504","Amy Shark","name","2026-10-05",,
"3nF6cVGjzDA9S5rDyZLffl","Amy Sheppard","4770051","Amy Sheppard","name","2026-10-05",,
"6Q192DXotxtaysaqNPy5yR","Amy Winehouse","9052","Amy Winehouse","name","2026-10-05",,
"7MgeBZ2pgnnkISLd8wsn0T","Anders Bagge","4403900","Anders Bagge","name","2026-10-05",,
"7ywx4levGzk6v90WXQToXe","Anders Matthesen","1650866","Anders Matthesen","name","2026-10-05",,
"3LgfgTNBaJCrnWCCRmR1Bs","Anders Sohn","52884352","Anders Sohn","name","2026-10-05",,
"4ZgY2pumPsq9z3kNxGTDef","Anders Widmark","75105","Anders Widmark","name","2026-10-05",,
"5q6z6GTth6lMbL9I8CAgby","Anderson East","1012952","Anderson East","name","2026-10-05",,
"7kyApKxTvtwfH2t917AD6P","Anderson Rocio","12890675","Anderson Rocio","name","2026-10-05",,
"4LtnUsI4DvVDN9U6Yqr8Mh","Andie Case","2466581","Andie Case","name","2026-10-05",,
"1c4rxrxy8eDLvMVL1DTiBe","Andra Day","5018839","Andra Day","name","2026-10-05",,
"3XoKlODvQTfFIKtBOm6XTt","André Aamås","157664992","André Aamås","name","2026-10-05",,
"10mp30ruurXRIZ4bubQB39","André Zuniga","4899503","André Zuniga","name","2026-10-05",,
"78RYQ3D5v8NkwlNwp0sY6i","Andrea Faustini","7988492","Andrea Faustini","name","2026-10-05",,
"5PsI9IsnnGVaY7NwaxZyJv","Andrea Louro & Marcos Vázquez","11054336","Andrea Louro & Marcos Vázquez","name","2026-10-05",,
"6quRLJ5SiWHgcVMoE9TEJj","Andreas Bourani","1226271","Andreas Bourani","name","2026-10-05",,
"0xihfmhEb5MjgyQ9pD7Io7","Andreas Kübler","9234026","Andreas Kübler","name","2026-10-05",,
"2g6nfqSFo2cPVrafnW85jm","Andreas Moss","11495374","Andreas Moss","name","2026-10-05",,
"0G74PWccc2UbEEHNKVVaKB","Andreas Weise","893979","Andreas Weise","name","2026-10-05",,
"5M2y5A6d5QZjw9JeKClagC","Andrelli","5064026","Andrelli","name","2026-10-05",,
"1mAp4DKDRBkEn272c014zU","Andrew Allen","997914","Andrew Allen","name","2026-10-05",,
"3UAk61T8PItbpgEi9u7ofY","Andrew Belle","390669","Andrew Belle","name","2026-10-05",,
"65vC7eduMeu5MYUXVqIhyg","Andrew Foy","13671789","Andrew Foy","name","2026-10-05",,
"3CBHXhdUqx63xJe4C4vzNg","Andrew Gialanella","59199942","Andrew Gialanella","name","2026-10-05",,
"4aP1lp10BRYZO658B2NwkG","Andrew Lloyd Webber","2571","Andrew Lloyd Webber","name","2026-10-05",,
"716ZwtZBmwROBXcFmCzfdM","Andrew McMahon in the Wilderness","6237290","Andrew McMahon in the Wilderness","name","2026-10-05",,
"1lJC5MbTUW5ld4yXzNB0H4","Andrew Osenga","807824","Andrew Osenga","name","2026-10-05",,
"0GxSAKOw8AV0JsEQ0HYY4b","Andrew Rannells","5316873","Andrew Rannells","name","2026-10-05",,
"2RTiqLprAurTR3GpMIU5Z3","Andrew Raposo","8388800","Andrew Raposo","name","2026-10-05",,
"7oAskcd3mX9ZzxMPFHYqoN","Andrew Ripp","415728","Andrew Ripp","name","2026-10-05",,
"4rhPerOnUlpGn2dYp94xeZ","Andrew Wade","1620237","Andrew Wade","name","2026-10-05",,
"1aIogtqCKbzu2paX17EoHN","Andy Delos Santos","5954924","Andy Delos Santos","name","2026-10-05",,
"2oX42qP5ineK3hrhBECLmj","Andy Grammer","864595","Andy Grammer","name","2026-10-05",,
"1tp8pSJhe9TZBljqdCIH42","Andy Jackson","1126500","Andy Jackson","name","2026-10-05",,
"09sZOsk9ujU8m4qRMRs6kl","Andy Karl","477382","Andy Karl","name","2026-10-05",,
"0Qrp8cpHBz47dbOyPfzzhP","Andy Kong","7888930","Andy Kong","name","2026-10-05",,
"68Q5On4L40ximDoJCNxxEh","Andy Lund","11561949","Andy Lund","name","2026-10-05",,
"5l1j3tVIZOhoJM1L9AeeeU","Andy Powers","8144412","Andy Powers","name","2026-10-05",,
"45WqSW6mVJQNJuqF1nIKqj","Andye","13411527","Andye","name","2026-10-05",,
"4Jlq2xH8qZVpuCL4SQmFkm","Ane.Fin","56417332","Ane.Fin","name","2026-10-05",,
"045HqayMEplh2S44FMiR6u","Angel District","100460732","Angel District","name","2026-10-05",,
"7F81JPQLsqvdd5ECmYbuC4","Angelika Vee","1592219","Angelika Vee","name","2026-10-05",,
"7008bv4QLo6eziuxszbjqO","Ania Dąbrowska","14003","Ania Dąbrowska","name","2026-10-05",,
"0NQYbrCaGSmlf1u6Xs8Zix","Animal Island","10236444","Animal Island","name","2026-10-05",,
"2TvIyBTuMGzgGuVLWKWJT1","Animal Years","5133121","Animal Years","name","2026-10-05",,
"0B2LZuvmiyOwx7usDrtZdk","Aninia","10346852","Aninia","name","2026-10-05",,
"3WnmyxLdTHKN83h75tcb8P","Anis Don Demina","2082851","Anis Don Demina","name","2026-10-05",,
"4DTbdShHu2RPYEEMUp2XWV","Anjulie","187001","Anjulie","name","2026-10-05",,
"5UmI3pf3FYbVS6VLdQvrQa","Ann King","4165883","Ann King","name","2026-10-05",,
"2QLxag7UehMTlparZcbQn9","Anna Bergendahl","157869","Anna Bergendahl","name","2026-10-05",,
"77ajzV8In7jP3U2OYT1Yy7","Anna Gilbert","199222","Anna Gilbert","name","2026-10-05",,
"3YChYj3gO6EJmFwI79cUSe","Anna Golden","9967510","Anna Golden","name","2026-10-05",,
"2B69uGl0nh5LMFUAZxVw5y","Anna Graceman","3107011","Anna Graceman","name","2026-10-05",,
"65PgilsqO7rCiUn4MU1J0u","Anna Känzig","1028877","Anna Känzig","name","2026-10-05",,
"1LqshAgbw4iC1QlZSSR4qv","Anna Mae","5888362","Anna Mae","name","2026-10-05",,
"4LoM3lMauQ540MW9QiyIcR","Anna Nalick","4524","Anna Nalick","name","2026-10-05",,
"4dNOj2smSK7guw4JeUW1uW","Anna Sahlene","165724","Anna Sahlene","name","2026-10-05",,
"3ftsk3ROAgHws85G83ppw1","Anna Vaus","5367066","Anna Vaus","name","2026-10-05",,
"383pUwFjjzo67acqspOB5j","Annalise Basso","10670317","Annalise Basso","name","2026-10-05",,
"4Kbdxhpo7iI1mEe69zxw3V","Annalise Emerick","5315941","Annalise Emerick","name","2026-10-05",,
"1z6xb7fWEynx9m92JVA8ZR","Annapantsu","14920703","Annapantsu","name","2026-10-05",,
"0kcGSitPHYyZ9B7bP7wJo8","Annett Louisan","8330","Annett Louisan","name","2026-10-05",,
"2YT29lOtskLlBaJWcpbd5J","Anthem Academy","55801922","Anthem Academy","name","2026-10-05",,
"7kwEvDE8e7EBGKh5bLczqQ","Anthem Lights","887115","Anthem Lights","name","2026-10-05",,
"1RaPkxbAuGOQxWnXh43O7C","Anthonia Edwards","161399192","Anthonia Edwards","name","2026-10-05",,
"6dxbsVBLykNgOpP0DxjMR4","Anthony de la Torre","10860418","Anthony De La Torre","name","2026-10-05",,
"1UMf29qpHkgsJWD2uCMSEI","Anthony Gargiula","1252715","Anthony Gargiula","name","2026-10-05",,
"2u1ZGZ0hhd48oZoiJ0MCoj","Anthony Raneri","985351","Anthony Raneri","name","2026-10-05",,
"3GZGJ33pJdAdUL6IQpK8mR","Anthony Rapp","104156","Anthony Rapp","name","2026-10-05",,
"14Hu7C5IfFOaLqEfCTM7hz","Anthony Uy","7845474","Anthony Uy","name","2026-10-05",,
"20vdU8J0ShYJ6B0QVJRjWT","Anton Hagman","8280550","Anton Hagman","name","2026-10-05",,
"0C3GEN7zQmGd5NDw9JTrI4","Antonio Cipriano","10584677","Antonio Cipriano","name","2026-10-05",,
"2H3EMYFS69dhMmrX9JTkZp","Apollo LTD","9163646","Apollo LTD","name","2026-10-05",,
"4XudVJyOISrXMkNvNFlysV","Arbour Season","14534669","Arbour Season","name","2026-10-05",,
"2kgvaYV2tbNyOonFI3YlfH","Arc North","8968972","Arc North","name","2026-10-05",,
"3kjuyTCjPG1WMFCiyc5IuB","Arcade Fire","1201","Arcade Fire","name","2026-10-05",,
"7Ln80lUS6He07XvHI8qqHH","Arctic Monkeys","1182","Arctic Monkeys","name","2026-10-05",,
"76YIoWHp3Ri3q1ocOPtFzp","AREA21","10159116","Area21","name","2026-10-05",,
"341j56Mxd1Dm9mOUC2OBfg","Argyle","1044749","Argyle","name","2026-10-05",,
"66CXWjxzNUsdJxJ2JdwvnR","Ariana Grande","1562681","Ariana Grande","name","2026-10-05",,
"3BvXBTskD6KTZT5O9EMEHs","Arkadi","136424162","Arkadi","name","2026-10-05",,
"6vo6xjebPnuYA9Kf6RmWhR","Arlene Zelina","1053858","Arlene Zelina","name","2026-10-05",,
"7fKekOAFKfXmr0w427ZMku","Arne Hurlen","4603711","Arne Hurlen","name","2026-10-05",,
"4MKVLp1MAwYFqaXhe1g8dA","Aron Wright","992740","Aron Wright","name","2026-10-05",,
"2RWMTZ0AXNLBbTT2Evtbdj","Arrow Benjamin","8509424","Arrow Benjamin","name","2026-10-05",,
"49OM82TTyRy3U8owGgM0iu","Arrows to Athens","10158594","Arrows to Athens","name","2026-10-05",,
"28DlNBW2UlEVVgTuCcYtTe","Art Of Dying","656712","Art Of Dying","name","2026-10-05",,
"0A1Qr8l43fIqhB5aItVaMy","Arthur Gunn","49960142","Arthur Gunn","name","2026-10-05",,
"3kYFawNQVZ00FQbgs4rVBe","Artist Vs Poet","152442","Artist Vs Poet","name","2026-10-05",,
"0KlSW3j5fUEfej47FOrBMr","Artists Of Then, Now & Forever","11026630","Artists Of Then, Now & Forever","name","2026-10-05",,
"78cECN7uPsTcafAhxTn9Wl","Artur Lenivenko","7575890","Artur Lenivenko","name","2026-10-05",,
"0EyCnWOctgTmSzl1Oy5DxR","Ash and Echo","293062321","Ash and Echo","name","2026-10-05",,
"0fkTQEEyEyH71i9tDhS7CO","Ashes Remain","522275","Ashes Remain","name","2026-10-05",,
"4s2GYqPWIthqzV5805rY6N","Ashley Hess","5317317","Ashley Hess","name","2026-10-05",,
"1Zi1c8sWZTy5rDiN3lAuEj","Ashley Kutcher","55494692","Ashley Kutcher","name","2026-10-05",,
"37BiX28I6pF104F92U1hDP","Ashley Monroe","247289","Ashley Monroe","name","2026-10-05",,
"33ORtxLTFJDclNDehVEa7x","Ashley Nite","7142061","Ashley Nite","name","2026-10-05",,
"1sO7K6dVf1ZYa4XNZVozBw","Ashley Walls","10596077","Ashley Walls","name","2026-10-05",,
"4YFxglwXwymzvkPYndX3G2","asiris","131147932","asiris","name","2026-10-05",,
"6z29LCX3nOLvspCDcUg57H","Ask Embla","4034958","Ask Embla","name","2026-10-05",,
"0aNpSP6yqwwH2pCwbVXN12","Askil Holm","80655","Askil Holm","name","2026-10-05",,
"7yp5y2xv5RwYjdSDsxkowu","Asking 4 a Friend","50244532","Asking 4 a Friend","name","2026-10-05",,
"0Rr2EFrjG1MklON3zLBXOc","Aslag Haugen","4602511","Aslag Haugen","name","2026-10-05",,
"0Fqj775MprtD33uF5dxy4T","Aslak Hartberg","6943373","Aslak Hartberg","name","2026-10-05",,
"3AVfmawzu83sp94QW7CEGm","Astrid S","7841120","Astrid S","name","2026-10-05",,
"42vg2T0Xg9yPaAgogJzoQH","Atlas Genius","2095721","Atlas Genius","name","2026-10-05",,
"6Ila4JCGkODSdI18ebTgCz","Atle Pettersen","1008990","Atle Pettersen","name","2026-10-05",,
"1eMmoIprPDWeFdB1FxU6ZV","Au/Ra","11070000","Au/Ra","name","2026-10-05",,
"36VZ9Qcd9R6748xk6KZELr","Aubrey Peeples","5493175","Aubrey Peeples","name","2026-10-05",,
"61R2K577GF9XaGmrzJIebF","Aubrey Toone","7975786","Aubrey Toone","name","2026-10-05",,
"4xnMDfgEmXZEEDdITKcGuE","Audien","412466991","Audien","name","2026-10-05",,
"01PBXLThJADrhufsPS5tER","Audio Adrenaline","4005","Audio Adrenaline","name","2026-10-05",,
"21jPcGkRtUofRVCC8cWHPS","Audra Mae","329959","Audra Mae","name","2026-10-05",,
"1GKYNY4rIPnOuTfC0J1IWw","Audrey Assad","384299","Audrey Assad","name","2026-10-05",,
"6GbanjNx2mmpsCbvm5GyD1","Audrey Karrasch","5646731","Audrey Karrasch","name","2026-10-05",,
"7a6CBpbDPQ5BivFnY2u8wU","Audrey Murphy","355598182","Audrey Murphy","name","2026-10-05",,
"0LSj1Fv5iapjaUPF6ixJeo","AUGUST","1025729","August","name","2026-10-05",,
"61YE3whKiuRr83j1yOm5M7","Augustana","326","Augustana","name","2026-10-05",,
"6SKBDAYFdSIGP3vkR0FPUY","Auli'i Cravalho","11389676","Auli'i Cravalho","name","2026-10-05",,
"0lIcZRXtXq7snGHGaiynjP","Aurora Perrineau","9102200","Aurora Perrineau","name","2026-10-05",,
"2NhXno18MV9YbhVmr5QX11","Austin Giorgio","14789913","Austin Giorgio","name","2026-10-05",,
"6AMV5iw09ZrX1h3o4x7uVN","Austin Plaine","5417483","Austin Plaine","name","2026-10-05",,
"6ZFmqv8roel2zVUtfs9RXD","Ava Bryant","12277310","Ava Bryant","name","2026-10-05",,
"1KzVqWVsYaIUlgtbGI09wx","Ava Calhoun","214473245","Ava Calhoun","name","2026-10-05",,
"4npEfmQ6YuiwW1GpUmaq3F","Ava Max","12948083","Ava Max","name","2026-10-05",,
"6euN0qAjCYkM3kcJYGMN2Z","Ava Michelle","54903352","Ava Michelle","name","2026-10-05",,
"1PX8bguYn6ba8NaBOJuu8A","Avalanche City","1092126","Avalanche City","name","2026-10-05",,
"1htYtUdXVMwR6HCSs821Lc","Avenue Beat","70090682","Avenue Beat","name","2026-10-05",,
"5rjz63sgMaAUAyBMyCUK5D","Avery Anna","50263192","Avery Anna","name","2026-10-05",,
"6mLJ8OuY32n8iDAyy95pdy","Avi Kaplan","5452324","Avi Kaplan","name","2026-10-05",,
"179MtpbgyNgeNnwNVqnn4p","Avi Kaplan","5452324","Avi Kaplan","name","2026-10-05",,
"1IzY8IYs4IsfJJnPHYPEjq","Avriel & the Sequoias","12292514","Avriel & the Sequoias","name","2026-10-05",,
"0p4nmQO2msCgU4IF37Wi3j","Avril Lavigne","35","Avril Lavigne","name","2026-10-05",,
"0UqvA1OW5CKTsp3xhhTSko","Axel Frønes","11247534","Axel Frønes","name","2026-10-05",,
"0Oomam5yjtfqVPnscjx8GT","Axel Schylström","9312964","Axel Schylström","name","2026-10-05",,
"72eP0W3rIhkxd0NHGg4w4u","B*Witched","4583","B*Witched","name","2026-10-05",,
"5rSXSAkZ67PYJSvpUpkOr7","Backstreet Boys","330","Backstreet Boys","name","2026-10-05",,
"0e9H8oaYYRCKFXOVv848nt","Bad Books","660597","Bad Books","name","2026-10-05",,
"77IURH5NC56Jn09QHi76is","Bad Meets Evil","1272458","Bad Meets Evil","name","2026-10-05",,
"0YhUSm86okLWldQVwJkLlP","Bad Suns","5323767","Bad Suns","name","2026-10-05",,
"1ADf0BZ77Jw7XYFB37hABE","Bailee Madison","124104712","Bailee Madison","name","2026-10-05",,
"3HX0wFvwBn3wbxrtHuEUus","Bailey Jehl","5482937","Bailey Jehl","name","2026-10-05",,
"73ixj4vosDv0pf8IW3EaLm","Bailey Manns","14152117","Bailey Manns","name","2026-10-05",,
"1tTQcokfKcsCxZaHF2pIhw","Bailey Rushlow","14558253","Bailey Rushlow","name","2026-10-05",,
"70RgxMmZhLLWxRlbUFQKR2","Baker Grace","12725807","Baker Grace","name","2026-10-05",,
"2Ee9X2G7th1X1ZygjMcJhq","Bang Bang","100585102","Bang Bang","name","2026-10-05",,
"0lmKvjsV6xcpES9x96iqpf","Barrett Baber","4987270","Barrett Baber","name","2026-10-05",,
"27LNQQtRTv4yQ5r3tdIUiG","Barry Goldstein","4736519","Barry Goldstein","name","2026-10-05",,
"6Tm0hIf7nSjDziOzpGFzKl","Bars and Melody","6068036","Bars and Melody","name","2026-10-05",,
"6EzGm3fYBR8QcdIZ0xvHsl","Basic Tape","7611970","Basic Tape","name","2026-10-05",,
"1mwbzhowyG1SDxFSWyLeKC","Bastian Baker","1532416","Bastian Baker","name","2026-10-05",,
"7EQ0qTo7fWT7DPxmxtSYEc","Bastille","1352097","Bastille","name","2026-10-05",,
"3kcwSBHk3lMgHMHuxjJLNZ","Bazart","1653379","Bazart","name","2026-10-05",,
"3dIPaddbWppnquuPkcYVDg","BBC Concert Orchestra","302739","BBC Concert Orchestra","name","2026-10-05",,
"0g8dyAYXMj72hIsb8ttK32","BCX","7766854","BCX","name","2026-10-05",,
"1o2NpYGqHiCq7FoiYdyd1x","Bea Miller","5791247","Bea Miller","name","2026-10-05",,
"2qAgO1fmg936BPG08NvxPk","Beacon Light","651705","Beacon Light","name","2026-10-05",,
"1TlTGJuzfnndWJDNxnODzh","Bear Rinehart","4696476","Bear Rinehart","name","2026-10-05",,
"0nJaMZM8paoA5HEUTUXPqi","Bear's Den","1690336","Bear's Den","name","2026-10-05",,
"0J0Zk4UUgHmmpGfp2m3aEc","Beautiful Village","171388737","Beautiful Village","name","2026-10-05",,
"64M6ah0SkkRsnPGtGiRAbb","Bebe Rexha","11483694","Bebe Rexha","name","2026-10-05",,
"2VNtrixP67qJG8d8smmPrF","Becca VanDerbeck","11609095","Becca VanDerbeck","name","2026-10-05",,
"0nzlpCz0u1dkUThGP0zPC6","Becky CJ","5409659","Becky CJ","name","2026-10-05",,
"0xndnh5xDy0nc1h6jwyzyO","Becoming Young","12590302","Becoming Young","name","2026-10-05",,
"7HBIoAj4DuFw0b9GFHt0Dl","Bella Lambert","57064032","Bella Lambert","name","2026-10-05",,
"58AqJv0sDFPFnnBcLT8eeX","Bella Thorne","1682150","Bella Thorne","name","2026-10-05",,
"32q5zNVRPO98GfzTAqbVXN","BELLA WINTH","107759082","BELLA WINTH","name","2026-10-05",,
"6DewGkgNz0j4pO3T2ZMUHS","Belle Mt.","76977392","Belle Mt.","name","2026-10-05",,
"5UECxOkeFG2n9ESNADgASX","BEN & TAN","83104852","BEN & TAN","name","2026-10-05",,
"3FfbgiZhcCkoiI7IzOwXlI","Ben Abraham","513210","BEN ABRAHAM","name","2026-10-05",,
"4LpW6IwhGFRqmxWmlxyY4D","Ben Bannister","9598972","Ben Bannister","name","2026-10-05",,
"32PaECIhlV46TtNdKP34GX","Ben Barnes","4454184","Ben Barnes","name","2026-10-05",,
"5eKwTB9ociIYxmAsVR0kXp","Ben Caplan","1664865","Ben Caplan","name","2026-10-05",,
"57zYbDb1zNVoTYNUGmv45d","Ben Fuller","260953841","Ben Fuller","name","2026-10-05",,
"2Ei9Kyyhz9sCJ1Z68vLTIH","Ben Goldstein","4696281","Ben Goldstein","name","2026-10-05",,
"2eHEzcBykQCBbtWvYLjHHE","Ben Haenow","7228972","Ben Haenow","name","2026-10-05",,
"3DWjEOfsm596u6OdskLe4t","Ben Hazlewood","2132531","Ben Hazlewood","name","2026-10-05",,
"5schNIzWdI9gJ1QRK8SBnc","Ben Howard","401577","Ben Howard","name","2026-10-05",,
"62OwQP78G6ISC4jLQgqY71","Ben Kai","103101262","Ben Kai","name","2026-10-05",,
"3g55Ovn5Vsp6NHdyTIa1IY","Ben Kinx","4318115","Ben Kinx","name","2026-10-05",,
"4EmTUMwY46J1a3XSjkqqU0","Ben Monteith","12546380","Ben Monteith","name","2026-10-05",,
"4AapPt7H6bGH4i7chTulpI","Ben Rector","389999","Ben Rector","name","2026-10-05",,
"7n4cyL40CdreXwIw00c8RX","Ben Schuller","1522263","Ben Schuller","name","2026-10-05",,
"6yAU69cTqYRuizldebquYb","Ben Weighill","56586122","Ben Weighill","name","2026-10-05",,
"3x2c58AEVAjnJPpuz8ywTv","Benedict Cork","14275095","Benedict Cork","name","2026-10-05",,
"0qKRRwXdVtrVIEdPFr8vvo","Benj Pasek","480955","Benj Pasek","name","2026-10-05",,
"70A1X73rk0NI2d6A8pENYN","Benjamin Hightower","116820512","Benjamin Hightower","name","2026-10-05",,
"7jEEE187pVG6InOxn03oA5","Benjamin Ingrosso","9027174","Benjamin Ingrosso","name","2026-10-05",,
"53GouHDfCfsBJIn1OjYmPO","Benjamin Kheng","7287296","Benjamin Kheng","name","2026-10-05",,
"3AsjkwNrs6gHBh3tYXxiNH","Benjamin Steer","149858932","Benjamin Steer","name","2026-10-05",,
"602og6l0S23iDwS5eNYhtI","BenjRose","6803773","BenjRose","name","2026-10-05",,
"659fOqEHzm3jL8AeWuOwXO","Beoga","402586","Beoga","name","2026-10-05",,
"45jDzI5eGDDvtHfFONCuFB","Bernt Smestad","6040482","Bernt Smestad","name","2026-10-05",,
"70Mtv8bWyfIXjxORsNnqq6","Beth Crowley","5361961","Beth Crowley","name","2026-10-05",,
"7a1nGgiWVcRP4PV6xkXQ96","Beth Hirsch","455948","Beth Hirsch","name","2026-10-05",,
"4Arf7HqBihxQlOs8wO49l5","Beth Keeping","10618345","Beth Keeping","name","2026-10-05",,
"1uSIs4xLRNiTGMLKzRfoHy","Beth McCord","149011482","Beth McCord","name","2026-10-05",,
"61HPXonSIqZ9SC2QDQcgQ4","Bethany Cruz","8921412","Bethany Cruz","name","2026-10-05",,
"26T4yOaOoFJvUvxR87Y9HO","Bethel Music","1105391","Bethel Music","name","2026-10-05",,
"2NHT2PJ2UmOu6Y6Wj73imp","Betty White","1647366","Betty White","name","2026-10-05",,
"0t3QQl52F463sxGXb1ckhB","Betty Who","4059062","Betty Who","name","2026-10-05",,
"2GuP4SSPgOE6mb5ZGgAjkd","Beverly Ann","4054019","Beverly Ann","name","2026-10-05",,
"1GXBaX5YUjOrrXch1sGepn","BEXAR","11289978","Bexar","name","2026-10-05",,
"3jDtqAKltRxJi64svLZGj7","Bibi Bourelly","7765548","Bibi Bourelly","name","2026-10-05",,
"4SsMf4SjhOlSqEitcprgBt","Big Daddy Weave","64380","Big Daddy Weave","name","2026-10-05",,
"4S1nvNHWiZLP4rzwmULmUa","Big Data","4522505","Big Data","name","2026-10-05",,
"2gyv1akuIB9fQvXoGSPaJr","Big Freedia","504449","Big Freedia","name","2026-10-05",,
"7gXy60xRcwYujBFoYHnR2O","Big Red Machine","7777872","Big Red Machine","name","2026-10-05",,
"2UJZu7S4F22tWYZ2CdsJQr","Bikini Bandits","112315872","Bikini Bandits","name","2026-10-05",,
"1K2t6CrwYBJgp3Kr7C6BAP","Bill Danoff","4404096","Bill Danoff","name","2026-10-05",,
"5OrnL0KdPcuMPLXv8ZYIks","Bill Lathrop","130251002","Bill Lathrop","name","2026-10-05",,
"1MrEurzLcL8ugfP1PrUPWG","Billie Joe Armstrong","1008822","Billie Joe Armstrong","name","2026-10-05",,
"6OqQbeNe7Pi7Zi7SNTi9ko","Billy Gilman","71397","Billy Gilman","name","2026-10-05",,
"2lKeiALM1T2TZrOiTYlLNA","Billy Lockett","4314554","Billy Lockett","name","2026-10-05",,
"5gw5ANPCVcxU0maLiGRzzP","Billy Raffoul","12400486","Billy Raffoul","name","2026-10-05",,
"5LPwm04da6G9yR3c0GmVqL","Bingx","6147232","Bingx","name","2026-10-05",,
"3sJYkT83LN1oy5b27krYbM","Bird Of Figment","60239222","Bird Of Figment","name","2026-10-05",,
"3ZtRAJvBArlocyjPbm4Lvr","Birds of Bellwoods","8431386","Birds of Bellwoods","name","2026-10-05",,
"25ou7Y6W7L1fcMoCZMbf86","Birds Of Tokyo","401654","Birds of Tokyo","name","2026-10-05",,
"0NjOHi36uU3C0sOZwQJyDP","Birger Heimdal","5030522","Birger Heimdal","name","2026-10-05",,
"6OsWvm64mvmdGJ5TXMP3Dg","Birgersson Lundberg","63025232","Birgersson Lundberg","name","2026-10-05",,
"2hCU6EhDEmPjpqe8cAHAcm","Birgir","11670361","Birgir","name","2026-10-05",,
"43M1M1jvfessMpNMxiieaa","Birgitte Bergerud","8802498","Birgitte Bergerud","name","2026-10-05",,
"0yb46jwm7gqbZXVXZQ8Z1e","Bishop Briggs","10246324","Bishop Briggs","name","2026-10-05",,
"4So8jJfwT5cwy42CfNySwY","Biton.AI","269847982","Biton.AI","name","2026-10-05",,
"32e20zdHxumYLsUQnODjMk","biz colletti","78413602","biz colletti","name","2026-10-05",,
"11Vny8qHe4KR50ZIjhz7sz","Bjørn Eidsvåg","158559","Bjørn Eidsvåg","name","2026-10-05",,
"5GszAG2GNVmUk8DpaRkQRD","Bjørn Hellfuck","352290","Bjørn Hellfuck","name","2026-10-05",,
"3xtxFDjfSzbuhlOScjYoQs","Bjørn Henrik Brandtenborg","1705862","Bjørn Henrik Brandtenborg","name","2026-10-05",,
"5iHKSmOgoWIIS1Nz7gHgoF","BLACK ALLIANCE","97374722","Black Alliance","name","2026-10-05",,
"1yxSLGMDHlW21z4YXirZDS","Black Eyed Peas","1020109","Black Eyed Peas","name","2026-10-05",,
"2iNdvdsH9TvCNlPmUQEE0x","Black Match","48237382","Black Match","name","2026-10-05",,
"0b8blQos0fx43NVNfeyYDq","Black Sands","4610948","Black Sands","name","2026-10-05",,
"3sDemA5FWaxfqPJFP2SK8x","Blair Davie","14460075","Blair Davie","name","2026-10-05",,
"4MB9CqgEa0TtpVSEkoSlW1","Blake McGrath","582220","Blake McGrath","name","2026-10-05",,
"1RgYPu8VR3b5sXupFPGMAO","Blake Proehl","162839317","Blake Proehl","name","2026-10-05",,
"4dkMoK7Xe3rAGga2d10e7v","Blake Stadnik","74483422","Blake Stadnik","name","2026-10-05",,
"3JPCCjR2NvNyENxmaxWXqx","Blanca Callahan","4643785","Blanca Callahan","name","2026-10-05",,
"2eam0iDomRHGBypaDQLwWI","Bleachers","5525754","Bleachers","name","2026-10-05",,
"1UpmxFaO2uAw5IPK1JUxib","Bleeding Fingers","10283048","Bleeding Fingers","name","2026-10-05",,
"55qfDfgj4Qi3JGe6KpqGtC","Blessing Offor","391992","Blessing Offor","name","2026-10-05",,
"6qiGjRyN7TJ1GA2nXF68Hi","Blind Pilot","466749","Blind Pilot","name","2026-10-05",,
"6m8M9tDFB1naIfQC8vLPs6","Block 44","1350433","Block 44","name","2026-10-05",,
"1okJ4NC308qbtY9LyHn6DO","BloodPop®","12978885","BloodPop®","name","2026-10-05",,
"22RISwgVJyZu9lpqAcv1F5","Blossoms","14606227","Blossoms","name","2026-10-05",,
"2gI1WfmpFmmgSRojy4Jup2","BLÜ EYES","12849191","Blü Eyes","name","2026-10-05",,
"1FWybrAwiSa0zKibdLfZZr","Blue Foundation","8121","Blue Foundation","name","2026-10-05",,
"5N5nkgCu7UG5KqNpRPiUd7","Blue Water Highway","14450729","Blue Water Highway","name","2026-10-05",,
"1I7A8xBGgo3BLIWoG8B91h","Bluma Petersen","60230872","Bluma Petersen","name","2026-10-05",,
"31rc0iQFBQBf1PcS7L3wIN","Blush","113287","Blush","name","2026-10-05",,
"2QsynagSdAqZj3U9HgDzjD","Bob Marley & The Wailers","719","Bob Marley & The Wailers","name","2026-10-05",,
"57FbfTkxFU7crAkIEtioth","Bobby Bazini","367143","Bobby Bazini","name","2026-10-05",,
"3yYjWBj7KIlhTtr8LPeKVz","Bodine Monet","212801027","Bodine Monet","name","2026-10-05",,
"4LEiUm1SRbFMgfqnQTwUbQ","Bon Iver","78668","Bon Iver","name","2026-10-05",,
"58lV9VcRSjABbAbfWS6skp","Bon Jovi","637","Bon Jovi","name","2026-10-05",,
"0AF2gJIJJdCVC4nNRcYI9B","Bones & The Boy","170750897","Bones & The Boy","name","2026-10-05",,
"1QSMqcINjuDyxFbacapl0s","Booshle G.","211652947","Booshle G.","name","2026-10-05",,
"0x5TKpXlF0dsnMNB2xOYXz","Bootstraps","4042947","Bootstraps","name","2026-10-05",,
"0BPf1sGnNg1xRPDn70IYjI","Børge Rømma","5849760","Børge Rømma","name","2026-10-05",,
"6I1IQQD3XEEL7kiV2tYJv5","Bothnia","1207224","Bothnia","name","2026-10-05",,
"7CQwac16i1W5ej8YpuL3dv","Boyce Avenue","372617","Boyce Avenue","name","2026-10-05",,
"6X9aYHnQ75YI8o08aoa0iS","Boyzone","8642","Boyzone","name","2026-10-05",,
"4KVtqYwtiEQ6jrGAfH8tIt","Brad Blackburn","5289678","Brad Blackburn","name","2026-10-05",,
"6qJCfkvQLFLf9HnvKIpXvy","Brad Heidi","12735225","Brad Heidi","name","2026-10-05",,
"1jltMmUq4KyBoVP26s1F80","Braden Mason","76780432","Braden Mason","name","2026-10-05",,
"4VIvfOurcf0vuLRxLkGnIG","Bradley Cooper","7735426","Bradley Cooper","name","2026-10-05",,
"4RsIOX27rA5miEnV7GXwR1","Bradley Jaden","7606548","Bradley Jaden","name","2026-10-05",,
"41l2yNxDG4VydqE4lvbm1y","Bradley Marshall","52384492","Bradley Marshall","name","2026-10-05",,
"6WBjKhWSZmfAdHoeUIzaVR","Bradley McCaw","13630461","Bradley McCaw","name","2026-10-05",,
"2GSov2kK4wpeRDrCxT6EWe","Brady James","6016054","Brady James","name","2026-10-05",,
"3zx1v6xCo7VE8vxhhyqr5Y","Brady Watt","4487157","Brady Watt","name","2026-10-05",,
"6WbG5UvM4fTvxSms7Gj2hI","Brainheart","78754282","Brainheart","name","2026-10-05",,
"1SFSz2SewAsgPeFvGmAouI","Braken","5292010","Braken","name","2026-10-05",,
"7oi3qhC7S5XIXYz15C4JHt","Brandin Reed","5438013","Brandin Reed","name","2026-10-05",,
"0QmjlE852mAIaEt2IpBquO","Brandon Boyd","6088","Brandon Boyd","name","2026-10-05",,
"4qdsGbPO1JC8iXFo62qcNV","Brandon Davis","6034322","Brandon Davis","name","2026-10-05",,
"0W7wIkmxoGQbnZYn2z2sLj","Brandon Heath","136849","Brandon Heath","name","2026-10-05",,
"6q6eylLazY3ORi6YqH9x4x","Brandon Jenner","8082509","Brandon Jenner","name","2026-10-05",,
"1bdnGJxkbIIys5Jhk1T74v","Brandon Lake","10143716","Brandon Lake","name","2026-10-05",,
"74YPVzM6BBn0HKrMHqD2iK","Brandon Mig","14054655","Brandon Mig","name","2026-10-05",,
"7uOj7ISCtmaA0BctMszzAw","Brandon Ray","5237422","Brandon Ray","name","2026-10-05",,
"5vMAKlvvMNSRQRYCAvpG6S","Brandy Clark","4493493","Brandy Clark","name","2026-10-05",,
"2J3Qnw4T7Pv6yYhpibR0Lh","Brave Giant","10056476","Brave Giant","name","2026-10-05",,
"4HEoy80YycXddN0AjoGuYS","Brave Holiday","13427493","Brave Holiday","name","2026-10-05",,
"718jt24mHnTl76rE6T5sSp","Brayden Dunbar","15233611","Brayden Dunbar","name","2026-10-05",,
"3yHcgChNW7jVTvgBfgrTeT","BRDGS","11930111","Brdgs","name","2026-10-05",,
"5nm8xNDJvPX3ncbw3TSaXs","Breagh Isabel","87391662","Breagh Isabel","name","2026-10-05",,
"39ETOzAilLp4bcJAUU8mmW","Brendan Abernathy","63090162","Brendan Abernathy","name","2026-10-05",,
"7vXVpxnqu4GYer1u9eNvLw","Brendan Murray","1311567","Brendan Murray","name","2026-10-05",,
"6eYFryfcEu3QSq59D62wZQ","Brendon Urie","4596428","Brendon Urie","name","2026-10-05",,
"74slMAMk8L6oMf6OhNyZ8Q","Brenn!","118696432","Brenn!","name","2026-10-05",,
"4NNo3cmxrg4Z4ROBXfuEf8","Brennley Brown","12496844","Brennley Brown","name","2026-10-05",,
"272dr7ToE0VRsdxXlrx3PV","Brent Morgan","405747","Brent Morgan","name","2026-10-05",,
"6VOaUBrKfzd49nIAzjVKmm","Brett Kissel","668566","Brett Kissel","name","2026-10-05",,
"5WKSAch6loISTLupOa9Ilb","Brett Miller","4768427","Brett Miller","name","2026-10-05",,
"0fiWOxhsBsQQvFDtxUQWo0","Brett Young","129095892","Brett Young","name","2026-10-05",,
"7mu4PJka1GIZjrEC05pI1T","Brian Colins","120360362","Brian Colins","name","2026-10-05",,
"5K2BdUwQNqXy70BX2L8BQx","Brian Courtney Wilson","807622","Brian Courtney Wilson","name","2026-10-05",,
"3JlzEFwarS8ZcCGNFy11y4","Brian Fallon","1973331","Brian Fallon","name","2026-10-05",,
"0uX6R6T21VvT6XXJF2AiAV","Brian Gerald Bulger","333059991","Brian Gerald Bulger","name","2026-10-05",,
"7D9JzM95gIe11f6L3h1w1L","Brian Nhira","5306608","Brian Nhira","name","2026-10-05",,
"2dovDW77FbEJm18yuZ92cK","Brian Tyree Henry","5316888","Brian Tyree Henry","name","2026-10-05",,
"7hQNB22vqQs6uMsSioqqRV","Brian Wight","6395454","Brian Wight","name","2026-10-05",,
"4VhL8KLjVso4vLfOLVViTb","Bridgit Mendler","1219583","Bridgit Mendler","name","2026-10-05",,
"2JXddIDgQzUKrkQodi46Au","Brighten","1348","Brighten","name","2026-10-05",,
"1Ffb6ejR6Fe5IamqA5oRUF","Bring Me The Horizon","12874","Bring Me the Horizon","name","2026-10-05",,
"6BXionV4R0BunrFpSwIMUK","Britt Nicole","17021","Britt Nicole","name","2026-10-05",,
"5neF4vgd3MQM16sWY3qZxB","Britton Buchanan","14872415","Britton Buchanan","name","2026-10-05",,
"2VaXGVkt77wZf3nY3Ycml7","Brodie Rainbird","10732098","Brodie Rainbird","name","2026-10-05",,
"3GmptLvvchQdlbggIXezSo","Broken Door","253052","Broken Door","name","2026-10-05",,
"2ic4xySjQ39N7DJ0HZemeG","Bronze Radio Return","465865","Bronze Radio Return","name","2026-10-05",,
"6KKMqashNdRSICeztUJkAJ","Brook Abella","282846461","Brook Abella","name","2026-10-05",,
"76OGIUhWyFyKOvhRuueDa7","Brooke Alexx","7451158","Brooke Alexx","name","2026-10-05",,
"6TFhESBLRTi95wmI1dRFVt","Brooke Eden","5643186","Brooke Eden","name","2026-10-05",,
"1W2FTsCUlviVRhHNjZwWiN","Brooke Fraser","555208","Brooke Fraser","name","2026-10-05",,
"4fnlaDM9xpbXlqwiZhS4un","Brooke Griffith","7179662","Brooke Griffith","name","2026-10-05",,
"1feuQE7d9izI54MoL5Lc7t","Brooke White","441922","Brooke White","name","2026-10-05",,
"4FEOZMbo7XIdGHVrrioAP6","Brother Leo","49125161","Brother Leo","name","2026-10-05",,
"1AbcKIsIR4SV7pPdm0GRsd","brother sundance","12611215","Brother Sundance","name","2026-10-05",,
"3WEpQkwVA27jpSU3qzNyCA","Brothers Page","15220337","Brothers Page","name","2026-10-05",,
"5uVK02OMlf0TvVe7iNHaGN","BROWN & GRAY","12723909","BROWN & GRAY","name","2026-10-05",,
"5RRpgqvF3G8uVQXsz7Mumx","Bruno Mitsogiannis","89049882","Bruno Mitsogiannis","name","2026-10-05",,
"3Z02hBLubJxuFJfhacLSDc","Bryan Adams","170","Bryan Adams","name","2026-10-05",,
"4lBpdC0ZU9G6dm05V1XAq7","Bryan Lanning","10846300","Bryan Lanning","name","2026-10-05",,
"6g878dtAhjegRHVe5X0ALf","Bryce Fox","10044286","Bryce Fox","name","2026-10-05",,
"4NIPR04MgEH0K5uv8Gn7ek","Brynn","1082146","Brynn","name","2026-10-05",,
"43AN9FNovCCWxPX4talyzz","Brynn Elliott","5821450","Brynn Elliott","name","2026-10-05",,
"1xuaoQrJBG6XNCgvgBRXIR","Brynn McGlamery","62871032","Brynn McGlamery","name","2026-10-05",,
"5sVu3ObJTpiln7yRQkMuje","Bucky Covington","15328","Bucky Covington","name","2026-10-05",,
"6RwBVkrxTbbtS4bwxYQXcp","Buddy Miller","193573","Buddy Miller","name","2026-10-05",,
"19iXaPdX7sk8ZukHqGT2JN","Buddy Wright","4077426","Buddy Wright","name","2026-10-05",,
"0kRAKgEOVI43Qkz9PLmPt8","Bugoy Drilon","365139","Bugoy Drilon","name","2026-10-05",,
"2felJkvUpMQG9iEJI4R7Bx","Build a Vibe","229420875","Build a Vibe","name","2026-10-05",,
"6Le23Aqwqi28fQUzfv4dHY","Building 429","3993","Building 429","name","2026-10-05",,
"0LmXoyW6K4zJ48lCRq7w3h","Built By Titan","6812239","Built By Titan","name","2026-10-05",,
"2q0PlZJNGryR467EUNmWn7","Bumpin Uglies","399665","Bumpin Uglies","name","2026-10-05",,
"71VyBxgJcNeMKe6eYUlPHz","burnboy","115997992","burnboy","name","2026-10-05",,
"4ETXyV9H1p2P1XYgXXTjiO","Busby Marou","788544","BUSBY MAROU","name","2026-10-05",,
"3nmEMu180oirieWGPt1fOf","Buster Moe","5571860","Buster Moe","name","2026-10-05",,
"6fNr7JVtJm6UJEbb0YX8Wm","Butch Bastard","12663281","Butch Bastard","name","2026-10-05",,
"2iewjEprGDCLtGNGLHSdqm","By The Coast","54568262","By The Coast","name","2026-10-05",,
"48WvrUGoijadXXCsGocwM4","Byklubben","2218421","Byklubben","name","2026-10-05",,
"52QyVRbjUEr2G9cY2kv0OS","BYU Men's Chorus","1265076","BYU Men's Chorus","name","2026-10-05",,
"0KWZ5vozfodTcx0rOCIv0c","BYU Philharmonic Orchestra","1265072","BYU Philharmonic Orchestra","name","2026-10-05",,
"5zhxxb24WP6q6rbLHAn2UQ","BYU Vocal Point","1335718","BYU Vocal Point","name","2026-10-05",,
"4edQilKMzaQG7GzgAMJDbf","Byz","16721","BYZ","name","2026-10-05",,
"5P2W0yAyT5iL5HzSi7uHpK","C3DRIC","13052145","C3DRIC","name","2026-10-05",,
"0Rta8FGUn7TLTsFiumWoC4","Cade Thompson","9933756","Cade Thompson","name","2026-10-05",,
"0YVHKLHGmiCRPYpSStH5K5","CAIO KLIN","135595962","CAIO KLIN","name","2026-10-05",,
"4wiOCTeTVnWpE3OgZNa7wX","Caitlin Weber","12211856","Caitlin Weber","name","2026-10-05",,
"3uikSah4dwqwuk0EidFI4R","Caitlyn Smith","412326","Caitlyn Smith","name","2026-10-05",,
"7CRr5a9zEn4PUKYGnptHCw","Calder Quartet","656351","Calder Quartet","name","2026-10-05",,
"7l0sphz32GV0AjjEhECpVg","Caleb and Kelsey","6523261","Caleb and Kelsey","name","2026-10-05",,
"7ESxceeFrXLk3xMkfHUoqy","Caleb Blair","50516052","Caleb Blair","name","2026-10-05",,
"3UHeh3F3dK5bH69atiIKoo","California Calling","78812262","California Calling","name","2026-10-05",,
"6FnXSQe8r0nRgz4Hg8f8AR","Caliow","10810264","Caliow","name","2026-10-05",,
"3gF0ir2uNJSwtsQC4Voj8R","Callie Twisselman","7420832","Callie Twisselman","name","2026-10-05",,
"4uFxymnU41sM7ytUCjuYTN","Callum Beattie","1642901","Callum Beattie","name","2026-10-05",,
"0RoXujGEsDM3qMJw361DWp","Callum Kerr","95717762","Callum Kerr","name","2026-10-05",,
"0BjKESiuU8dT323VIL8SqG","Calum Bowie","14000873","Calum Bowie","name","2026-10-05",,
"2BMfHeOElxilrmblQxbAJS","Calum MacPhail","123014162","Calum MacPhail","name","2026-10-05",,
"5jMdkF29epK5cTCeMV17fh","Caly Bevier","15273537","Caly Bevier","name","2026-10-05",,
"0K2qWy2QmgaBlExB67u6oV","Cam Noble","57347762","Cam Noble","name","2026-10-05",,
"7AOSg3LKgpxuZS0LydoLb8","Camden Rose","58188712","Camden Rose","name","2026-10-05",,
"6dhXvR5MsnlwYguRuqoapR","Cameron Whitcomb","115331762","Cameron Whitcomb","name","2026-10-05",,
"28J1DHByWcyaurTUQ8Rzs9","Cammy Barnes","166953247","Cammy Barnes","name","2026-10-05",,
"2Mf6MBoMOgpxxm3QuH9Tk4","Camylio","63597642","Camylio","name","2026-10-05",,
"6LcdklijxllKGfl4FWiv3D","Canaan Cox","4073209","Canaan Cox","name","2026-10-05",,
"3Qq7KInk9dmtAMzajwdPDG","Candelion","84763662","Candelion","name","2026-10-05",,
"6TdfKQvrdHZdr4DIzjuWOr","Canyon City","8480234","Canyon City","name","2026-10-05",,
"6tlZOlraBrfKljvD2O6wTV","Cap Carter","15065891","Cap Carter","name","2026-10-05",,
"0rlKkLkpsCnJbZethGBfAk","Captain Cuts","7398452","Captain Cuts","name","2026-10-05",,
"6Fm9GcJznEBLzU63KVYJ3Q","Cara Rainer","60389492","Cara Rainer","name","2026-10-05",,
"5qRh9A0k3qLWYncaxDEUzB","Carah Faye","4559987","Carah Faye","name","2026-10-05",,
"6L6CvdHfpiOkQqdlUORPvW","Cardigan Club","64634382","Cardigan Club","name","2026-10-05",,
"3nuhBdXXO0mnjugdrDxkmt","Carina Dahl","1150620","Carina Dahl","name","2026-10-05",,
"52i8icBaHaCmh6PlmYwaqD","Carl Wockner","1417692","Carl Wockner","name","2026-10-05",,
"5GoLHATtGcyqwnLMmDRnch","Carly Bannister","9598964","Carly Bannister","name","2026-10-05",,
"047WXnK2tIG3FGth7FyXaK","Carly Paige","5119119","Carly Paige","name","2026-10-05",,
"4sIl4BTo9l9KqEi0Y3RE72","Carly Pearce","4089762","Carly Pearce","name","2026-10-05",,
"3cKKYoA1KSyeVuKLSKXOws","Carmen Toubia","182797237","Carmen Toubia","name","2026-10-05",,
"6O3ZB5Cz5CNT3wQWouKcNJ","Carmen Twillie","4555326","Carmen Twillie","name","2026-10-05",,
"0OuSnRyi1OkLPkR4AqzJwi","Carolina Liar","251091","Carolina Liar","name","2026-10-05",,
"3xl6isKUFqJNui79kpdT0Y","Caroline Jones","4043187","Caroline Jones","name","2026-10-05",,
"3kmXbS3akWikVvZNGpYEvu","Caroline Kole","5064215","Caroline Kole","name","2026-10-05",,
"6v8pFbihIDnlV6freVYMmZ","Carpark North","4044","Carpark North","name","2026-10-05",,
"3b3GjhElzysJ0xS72u9u9k","Carrie Hope Fletcher","7707836","Carrie Hope Fletcher","name","2026-10-05",,
"4xFUf1FHVy696Q1JQZMTRj","Carrie Underwood","412469951","Carrie Underwood","name","2026-10-05",,
"1i5HhzrkpHFFDpsUYdz2Fs","Carrollton","5265505","Carrollton","name","2026-10-05",,
"22YXotZo9KKE5xYQ4mpyFI","Carson Key","9058048","Carson Key","name","2026-10-05",,
"7a8gQGuEPK8XmHhK8tWkFF","Carson Wallace","132400252","Carson Wallace","name","2026-10-05",,
"3Wb1mXnd1hXkGwys5m54YC","CARSTN","49561052","CARSTN","name","2026-10-05",,
"2hg54ZO1N0bQXbTlLKWSnc","Carter Ryan","293012301","Carter Ryan","name","2026-10-05",,
"21R50WhyQI5HxWOTr6MyY1","Cary Brothers","2645","Cary Brothers","name","2026-10-05",,
"0xvF76lNomLW0wIK1v3xIp","Cas Hendrikx","349729182","Cas Hendrikx","name","2026-10-05",,
"1UxNUybRFdtksz3l5HtCEG","Casey Abrams","1218817","Casey Abrams","name","2026-10-05",,
"0NJXUPqUHxTBWf7n3naRqy","Casey Baer","64804972","Casey Baer","name","2026-10-05",,
"1WN3NClJsEUzhRjTLSpt60","Casey Barnes","2289331","Casey Barnes","name","2026-10-05",,
"35Bteh0kYNrDTyBOG1BDvD","Casey Lowery","251915102","Casey Lowery","name","2026-10-05",,
"5JwBh2LjExqTDve2dSTXmQ","Cash and Maverick","53467662","Cash and Maverick","name","2026-10-05",,
"0zR7BUeTyO3i80lwyIGSfq","Cassa Jackson","12169338","Cassa Jackson","name","2026-10-05",,
"7ahuvq1mbb4idwG1iJbSFG","Cassadee Pope","2471031","Cassadee Pope","name","2026-10-05",,
"1O6GvgnaHzgcFlCX6RlhYV","Cassandra Coleman","121285762","Cassandra Coleman","name","2026-10-05",,
"2lZ09YCpdWMMmBTSdDqspr","Cassie Henderson","71913612","Cassie Henderson","name","2026-10-05",,
"24B69a4DsLOheLo8bfrMTx","Cast Of ""En del av mitt hjärta""","75660392","Cast Of ""En del av mitt hjärta""","name","2026-10-05",,
"4QYGLlDW9YWmMhjm8De6Tm","Cast Of I Still Believe","87557272","Cast Of I Still Believe","name","2026-10-05",,
"3SHmKHBjw1ks5yXtblJWPn","Cate Downey","51237152","Cate Downey","name","2026-10-05",,
"34hoESwT0i65olCa02BdhO","Cathartic Fall","114482782","Cathartic Fall","name","2026-10-05",,
"0db28KdTi7VNaTipfAnlWQ","Catherine McGrath","11427634","Catherine McGrath","name","2026-10-05",,
"5i09Vd9N18qRJl2RcXODOp","Cathrine Lassen","13481489","Cathrine Lassen","name","2026-10-05",,
"6sDKEKzxqeUVWTFMJBMr3d","Cavalcade","1292246","Cavalcade","name","2026-10-05",,
"2hVHQSQmwraIZSyISHOWEf","Cayson Renshaw","13662439","Cayson Renshaw","name","2026-10-05",,
"1FKCRRhfazT8IjGqy9QT1X","CC Cowboys","78236","CC Cowboys","name","2026-10-05",,
"4Wjf8diP59VmPG7fi4y724","Cedric Gervais","261965","Cedric Gervais","name","2026-10-05",,
"4S9EykWXhStSc15wEx8QFK","Céline Dion","198","Céline Dion","name","2026-10-05",,
"0DZ5n0r1P0ZjKbjPdbN4wr","Celtic Thunder","95214","Celtic Thunder","name","2026-10-05",,
"504cl42JQLRqlZddfZ3S4z","Cezinando","2029611","Cezinando","name","2026-10-05",,
"6k8x9QgjJkEQ1xRIDYa0tU","Chad Brownlee","384643","Chad Brownlee","name","2026-10-05",,
"4DW34vji6G9GgGY0k2mic7","Chad Smith","1403742","Chad Smith","name","2026-10-05",,
"0Tcr6t5uyvDgOuNPCD36A3","Chad Tepper","13534275","Chad Tepper","name","2026-10-05",,
"3nRgD3eUpCmXP1jCJajC4E","Chalyse Alapa","189743967","Chalyse Alapa","name","2026-10-05",,
"4lhUHpVOXmkEBGGHV71QCh","Chance Peña","10914180","Chance Peña","name","2026-10-05",,
"1anyVhU62p31KFi8MEzkbf","Chance the Rapper","4400138","Chance the Rapper","name","2026-10-05",,
"5YABtAJlBJAzqxfIJA4nQd","Chanel Yates","7236466","Chanel Yates","name","2026-10-05",,
"3BPe0bhsZS7CDidyCZMarU","Channing Tatum","9773238","Channing Tatum","name","2026-10-05",,
"4YbXdLR1xQFt94K0uEyWob","Charisah","12131258","Charisah","name","2026-10-05",,
"1nKYzgyVrpiCrKdlUiNR8E","Charla K","7982624","Charla K","name","2026-10-05",,
"0qk8MxMzgnfFECvDO3cc0X","Charlene Soraia","507710","Charlene Soraia","name","2026-10-05",,
"2jqLJvBYhbA8qNe37kbSaU","Charles Jenkins & Fellowship Chicago","4553581","Charles Jenkins & Fellowship Chicago","name","2026-10-05",,
"2Hbxyk7qJ22i8wFEqgM3vC","Charles Kelley","4419513","Charles Kelley","name","2026-10-05",,
"25uiPmTg16RbhZWAqwLBy5","Charli xcx","1462230","Charli xcx","name","2026-10-05",,
"2XjfqtKegSw5Xv6frdij14","Charlie Aky","185108007","Charlie Aky","name","2026-10-05",,
"18MphkYCieshf8wLDULuP7","Charlie Fink","4420312","Charlie Fink","name","2026-10-05",,
"2c4LNcrWUBi3z18mTTs5ly","Charlie Pittman","105445842","Charlie Pittman","name","2026-10-05",,
"12n8WUOyeP6V8jwgC4G97e","Charlie South","116549122","Charlie South","name","2026-10-05",,
"1nYvElumwIjMkOczb985bq","Charlie Worsham","428896","Charlie Worsham","name","2026-10-05",,
"2rcT3E2t3e3HYJUOMsG3UX","Charlotte Ave","95423342","Charlotte Ave","name","2026-10-05",,
"7yifAbF2E8xMhw1UMnuw0r","Charlotte Leigh","6757327","Charlotte Leigh","name","2026-10-05",,
"7ySHyUSqpKzGnDqOxLiCFH","Charlotte OC","5290062","Charlotte OC","name","2026-10-05",,
"4U5QErgn94wZGw1rJz01BO","Charlotte Plank","122392772","Charlotte Plank","name","2026-10-05",,
"1OWVRfp3VVMX126V8yZQfB","Charlotte Smith","1694907","Charlotte Smith","name","2026-10-05",,
"5rr0CMtvn1p9Be8ICfkTc3","Charming Horses","6332572","Charming Horses","name","2026-10-05",,
"298FbhhnWXd8PGz3zNlxe8","Chase Cimala","81609722","Chase Cimala","name","2026-10-05",,
"1epLM6LTOp6kTUSC6elEQq","Chase Fickett","68532602","Chase Fickett","name","2026-10-05",,
"6KctBryUku3YfFzoRd6EjI","Chase Goehring","4440533","Chase Goehring","name","2026-10-05",,
"4P70LmF7PJwBGS9BV5dk2c","CHASE WRIGHT","54488652","CHASE WRIGHT","name","2026-10-05",,
"79b2ipSR68Uf9EzA438KZt","Chawki","1279116","Chawki","name","2026-10-05",,
"7DJUlhy4pX4sxaDfQcH0Ms","Chaz Cardigan","74881072","Chaz Cardigan","name","2026-10-05",,
"4m4SfDVbF5wxrwEjDKgi4k","Cher Lloyd","1007877","Cher Lloyd","name","2026-10-05",,
"3dipm6p2uAgitwQsOZU5oY","Chesney Hawkes","13207","Chesney Hawkes","name","2026-10-05",,
"2iTiSaR023IikZDaOfEIRR","Chester See","1569983","Chester See","name","2026-10-05",,
"3gZIlkHGEDaVeKV0BtZku3","Child 4 Child","9751834","Child 4 Child","name","2026-10-05",,
"34sL9HIOU50t8u0IQMZeze","Chloe Agnew","242975","Chloe Agnew","name","2026-10-05",,
"5SbeqIpMnLmNrBVXZR4ytT","Chloe Gilligan","11285606","Chloe Gilligan","name","2026-10-05",,
"5F8i28IBiivrXibbVrLRRP","Chloe Nattress","50426882","Chloe Nattress","name","2026-10-05",,
"5D3muNJhYYunbRkh3FKgX0","Chord Overstreet","10915610","Chord Overstreet","name","2026-10-05",,
"3BWtALtalPxptLllZwZ4QI","CHPTRS","14909531","CHPTRS","name","2026-10-05",,
"3rdrSPCm79giupKxBpbaa1","Chriddy Black","66037972","Chriddy Black","name","2026-10-05",,
"6BH45qUD5qaKtOIVFkZUTl","Chris and Bri","94558912","Chris and Bri","name","2026-10-05",,
"10I1X1Vygp2J6R4jP5gF10","Chris Bandi","11334170","Chris Bandi","name","2026-10-05",,
"3eFo5fMv53RYZBYlvT5Z6a","Chris Botti","6321","Chris Botti","name","2026-10-05",,
"4xEK7RZaPr5EblYHsaeBWo","Chris Burton","2503781","Chris Burton","name","2026-10-05",,
"4oxiHzFly0vvnEZNzvBRjZ","Chris Coleman","4616859","Chris Coleman","name","2026-10-05",,
"1taWFSDSElKxklyuXIJaEy","Chris Collier","1349120","Chris Collier","name","2026-10-05",,
"0XgnZ9kOpQGjRb1u0PlD9h","Chris Conley","985350","Chris Conley","name","2026-10-05",,
"785oBnHOfsAHyULp0H3su2","Chris Coral","60387062","Chris Coral","name","2026-10-05",,
"3xAB6KlDT1mrv1y74c3H3X","Chris de Sarandy","56819642","Chris De Sarandy","name","2026-10-05",,
"5gft5TjICigEx8pCozvTuA","Chris Hau","4372414","Chris Hau","name","2026-10-05",,
"70FybmH2MMz9fHewhnLvjs","Chris Hillman","243008","Chris Hillman","name","2026-10-05",,
"63Dir7MyAhpGcHU3rOh3uF","Chris Holsten","7667818","Chris Holsten","name","2026-10-05",,
"60gmlHZmT16wiO9GiXKYK9","Chris Janson","371989","Chris Janson","name","2026-10-05",,
"4EE3IyRlPD096DDdtZt91L","Chris Kilmore","4835590","Chris Kilmore","name","2026-10-05",,
"5dSnbLNmUdguVNTAV5Ctk1","Chris Kläfford","13720517","Chris Kläfford","name","2026-10-05",,
"1BS8EXDNdqtlSaW3ZBsNT7","Chris Olsen","4859269","Chris Olsen","name","2026-10-05",,
"45HXIkMqrQerbaPuw6FgKD","Chris Quilala","1032619","Chris Quilala","name","2026-10-05",,
"0vD3f3r69jBB1bL6VWnGM2","Chris Rice","70205","Chris Rice","name","2026-10-05",,
"0MLe1DKmSKbDXw5zw45rJ7","Chris Ruediger","12009248","Chris Ruediger","name","2026-10-05",,
"0LC7NokdNKQaBjwu5xaFjO","Chris Sebastian","2132661","Chris Sebastian","name","2026-10-05",,
"4YLtscXsxbVgi031ovDDdh","Chris Stapleton","343290","Chris Stapleton","name","2026-10-05",,
"5u1agEmFqupfgMBIq4NQMQ","Chris Stapleton","343290","Chris Stapleton","name","2026-10-05",,
"6pRi6EIPXz4QJEOEsBaA0m","Chris Tomlin","5520","Chris Tomlin","name","2026-10-05",,
"2K4wYwARvDxsbYLKOcsFWu","Chris Walden","3050031","Chris Walden","name","2026-10-05",,
"2ugH7RNm8cpmjhJiajtBmx","Christian Barnett","71992312","Christian Barnett","name","2026-10-05",,
"4URKy8206uCYX8MKlZtrLe","Christian Burghardt","1210229","Christian Burghardt","name","2026-10-05",,
"49m0B4E59KYnTHckGDleUv","Christian Hudson","5558513","Christian Hudson","name","2026-10-05",,
"2rqmyyW0bTclIFX2Ec2AwN","Christian Ingebrigtsen","271739","Christian Ingebrigtsen","name","2026-10-05",,
"1l7ZsJRRS8wlW3WfJfPfNS","Christina Aguilera","116","Christina Aguilera","name","2026-10-05",,
"0Cav8jyZKAHMFbAusOmjku","Christina Grimmie","2910061","Christina Grimmie","name","2026-10-05",,
"6JaSyvyg28SHC0Of8YE6M9","Christine D'Clario","471417","Christine D'Clario","name","2026-10-05",,
"46P4MQc4LDOmOLq1lw9tkm","Christine Smit","60230792","Christine Smit","name","2026-10-05",,
"3vOneGsDo4Ywcdvkz01539","Christof Jeppsson","10613573","Christof Jeppsson","name","2026-10-05",,
"5t4Z2fHhkzMSdrkBfGZc0z","Christopher Cooper","5293153","Christopher Cooper","name","2026-10-05",,
"5opOJtGp4rKF1nXaClmpep","Christopher Straume","8574476","Christopher Straume","name","2026-10-05",,
"3BgniSkzaCLKgQSBkWcsoV","Christy","102644482","Christy","name","2026-10-05",,
"6GLO5F72p0eTCcumR6Ac5a","Chuck Adams","5745885","Chuck Adams","name","2026-10-05",,
"323SE5PFfnWu57IFUofLi9","Chuksie","171151327","Chuksie","name","2026-10-05",,
"0TcYeHEK9sBtv7xPbKhzHz","Chumbawamba","3238","Chumbawamba","name","2026-10-05",,
"49jTY62Cpw3RYo4dLuG43W","Cian Ducrot","10432720","Cian Ducrot","name","2026-10-05",,
"6pTPXKwSATl9WbLxeYETcZ","Ciaran McMeeken","7123809","Ciaran McMeeken","name","2026-10-05",,
"3Hkf2U4n32v1n6o6MLVXCD","Cimberly","285382151","Cimberly","name","2026-10-05",,
"4988ULVP4X7nco6pLh1PA2","Cimorelli","1477615","Cimorelli","name","2026-10-05",,
"2FHOS0GkJv3EyT8a9BhP9E","Cir.Cuz","1293131","Cir.Cuz","name","2026-10-05",,
"7o9BrJpGzDJxWSGpAViJu4","Citizen Way","4025452","Citizen Way","name","2026-10-05",,
"4uibXQTgk5g5XGzFOHDpJ5","Citrus Hill","284923","Citrus Hill","name","2026-10-05",,
"7jqWsqKNg8yjslyglmaf5w","City Harbor","3919971","City Harbor","name","2026-10-05",,
"1t6HSm0c9XHmo2uM37JPCc","Citycreed","68806442","Citycreed","name","2026-10-05",,
"6i4aN0I3l7uldsLTjbZOF8","Civil Twilight","369406","Civil Twilight","name","2026-10-05",,
"0QoqpdWGwFQkSbZeEhHHmS","Cj Smith","4633960","CJ Smith","name","2026-10-05",,
"4wQIiKAXCHptEuHSAeIeh7","Claire Guerreso","5333505","Claire Guerreso","name","2026-10-05",,
"66CU8wPPaslLHSrTV15lZj","Claire Heilig","181942827","Claire Heilig","name","2026-10-05",,
"2Xsg6HkYk8GPwJvCnnlDvP","Claire Wyndham","1270064","Claire Wyndham","name","2026-10-05",,
"5ebPSE9YI5aLeZ1Z2gkqjn","Clara Benin","8046585","Clara Benin","name","2026-10-05",,
"1LBeAxaCAHECiK355bwtlW","Clare Bowen","4382548","Clare Bowen","name","2026-10-05",,
"6dp9lFNgVOFhtteg8tln7J","Clarence Coffee Jr.","4701172","Clarence Coffee Jr.","name","2026-10-05",,
"1nfsteEnDvYQUoFNJtsiM4","Clay Finnesand","11197334","Clay Finnesand","name","2026-10-05",,
"1RQzbh9sJb4ZRQUEjINezo","Clayton Scott","5211173","Clayton Scott","name","2026-10-05",,
"6MDME20pz9RveH9rEXvrOM","Clean Bandit","1000956","Clean Bandit","name","2026-10-05",,
"4yY8t7B15jpOVwF4256Ft5","Clemency","1042154","Clemency","name","2026-10-05",,
"6N8DrfpoyrWzINboclWsdW","Clinton Washington","9019126","Clinton Washington","name","2026-10-05",,
"3EARAp14DhoCTZGBeqHywG","CLNGR","60385582","CLNGR","name","2026-10-05",,
"33FAMnoGSH6f0R62m2quUP","Clouds And Thorns","12467128","Clouds And Thorns","name","2026-10-05",,
"26veZMLDtNIzYB5sPmbM7X","Clover Jamez","89289652","Clover Jamez","name","2026-10-05",,
"3mmJ8ZhdfCauaUB0h8BXxV","Cloverton","515140","Cloverton","name","2026-10-05",,
"63F5zCRxAkTEyaUmd5zjPe","Coastl","10573735","Coastl","name","2026-10-05",,
"5OgSr6wQteRu9jek5JvnDQ","Coasts","4338122","Coasts","name","2026-10-05",,
"0KIAa5HfMdRsbfhxzDcNVY","Coby Grant","561106","COBY GRANT","name","2026-10-05",,
"50hkKRxo0g8Ck4JqlwoJr4","Cochren & Co.","49123291","Cochren & Co.","name","2026-10-05",,
"4AXuYCLUpPFjhLtoNvwYrT","CoCo and The Butterfields","1660523","Coco and the Butterfields","name","2026-10-05",,
"7apN8bBgl19E0Ona9pvPq0","Cody Carnes","5009349","Cody Carnes","name","2026-10-05",,
"1RKbW3DVPPhWHNfParfJ32","Cody Francis","60234112","Cody Francis","name","2026-10-05",,
"7dOCnyDR2oEa1hQlvTXvdT","Cody Fry","5120545","Cody Fry","name","2026-10-05",,
"0JykJqImUaRVFZfNDWMRRG","Cody Johns","10136278","Cody Johns","name","2026-10-05",,
"7fWrZ2q4fGZAnuCPfgSU52","Cody Lovaas","5428610","Cody Lovaas","name","2026-10-05",,
"63PWiIneR6CoBaiH7gdaqw","Cody Pennington","5530516","Cody Pennington","name","2026-10-05",,
"79Xp2rRN7wdsaTJgttdX3K","Cody Simpson","652303","Cody Simpson","name","2026-10-05",,
"52vC44hEw0OWRndzOBWrvJ","Cody William Falkosky","8799732","Cody William Falkosky","name","2026-10-05",,
"4hTL3jOgvZwOqegEZTOrCc","Col3trane","12467362","Col3trane","name","2026-10-05",,
"4cGHKO07zlUGM17zqabOe4","Colbae","63030382","Colbae","name","2026-10-05",,
"7fObcBw9VM3x7ntWKCYl0z","Colby O'Donis","75438","Colby O'Donis","name","2026-10-05",,
"6VDdCwrBM4qQaGxoAyxyJC","Cold War Kids","11335","Cold War Kids","name","2026-10-05",,
"4gzpq5DPGxSnKTe4SA8HAU","Coldplay","892","Coldplay","name","2026-10-05",,
"5MpBW7jgxywEGw1Bayvhfh","Cole Alan","134714742","Cole Alan","name","2026-10-05",,
"4DTWz8iNRSxYYpHqPNCixy","Cole Norton","13826005","Cole Norton","name","2026-10-05",,
"3nU2FtGgLXCVBK4i1YXwQR","Cole Redding","11845331","Cole Redding","name","2026-10-05",,
"2Y4125mDrgQyPD7dt76Rtm","Colin & Caroline","13525677","Colin & Caroline","name","2026-10-05",,
"2qKr1Sz3630nTsmpSiYtQL","Colin Archer","8552308","Colin Archer","name","2026-10-05",,
"451XuvAUIJfZrPOQt2AReP","Colin Firth","4454191","Colin Firth","name","2026-10-05",,
"5mxB08ktCukEhGMg2YZeEv","Colin Hay","2644","Colin Hay","name","2026-10-05",,
"0l1nmcjqNlk9dQHb6H4sLR","Collabro","4588235","Collabro","name","2026-10-05",,
"6u079TgFSFrxtv8iqq0Zn9","Collett","108068832","Collett","name","2026-10-05",,
"1bfLxJM5HSM17vDbd5zboB","Colm Keegan","5790832","Colm Keegan","name","2026-10-05",,
"6R664N4cEza3eORSqKSgO4","Colony House","5420137","Colony House","name","2026-10-05",,
"1zM06NaMD6eQPeRGXKzrwt","Color Music Choir","94541432","Color Music Choir","name","2026-10-05",,
"1a0733VEypZYHtuUjDXgPG","Colorfire","214041717","ColorFire","name","2026-10-05",,
"0p4HbDx1JTF3QLaBznAOrU","Colouring","10550531","Colouring","name","2026-10-05",,
"2VeBdDGPzvKTfRJAbW3Ho6","Colt Tucker","336303141","Colt Tucker","name","2026-10-05",,
"4ofP6JslAsDOIaQSOfR8mV","Colton Avery","1282986","Colton Avery","name","2026-10-05",,
"52oVYHQ99ORZzeig2YGo4R","Colton Dixon","4023125","Colton Dixon","name","2026-10-05",,
"5DTFlUj0LBDnKf9bzWWFjk","Comet Kid","5278221","Comet Kid","name","2026-10-05",,
"4j0qbafzqnGf4ARF8tY4VL","Common Kings","3789311","Common Kings","name","2026-10-05",,
"2oBcbbUQy8Md3FYXifyPTF","ConKi","7148167","Conki","name","2026-10-05",,
"6mTycJncoEwPBjjmLPeUqs","Connell Cruise","4438795","Connell Cruise","name","2026-10-05",,
"0y2FPygoi6LVc75pxCgsMk","Conner Smith","10988576","Conner Smith","name","2026-10-05",,
"68DbJnWnMKtgYp4aerH7y2","Connie Damdalen","89637032","Connie Damdalen","name","2026-10-05",,
"6v6kEdFKqKZ2T7XjjBD9um","Connie Talbot","156298","Connie Talbot","name","2026-10-05",,
"5abZdJnD9nhVV6OkYKv0W3","Connor Brondes","95137432","Connor Brondes","name","2026-10-05",,
"6eWcQHUNxDteZZz4mblrwo","Connor Duermit","12845005","Connor Duermit","name","2026-10-05",,
"0ewkJHx3irbZZrVrO4wOT6","Connor Mac","8178130","Connor Mac","name","2026-10-05",,
"0hEeBhTVYUKs2B4PY2IdMB","Conor Byrne","8044943","Conor Byrne","name","2026-10-05",,
"6mU8ucezzms5I2kNH6HNlu","Conor Maynard","1563470","Conor Maynard","name","2026-10-05",,
"4W1dU4bq8TpscPgxTmjolF","Conor Moriarty","11617323","Conor Moriarty","name","2026-10-05",,
"1rw8ZTLnDHd74TWDDukjVi","Conrad Sewell","4431244","Conrad Sewell","name","2026-10-05",,
"7nuXXKpffW4YAaXrJP6IH5","Consumed By Fire","554701","Consumed by Fire","name","2026-10-05",,
"2WgdUdSR8xudGOXLzSMJ4g","Cookhouse","11139034","Cookhouse","name","2026-10-05",,
"6TKKVFCBfak1kInOPl7hCz","Corey Gray","5293846","Corey Gray","name","2026-10-05",,
"24Bq9F6DJfzTaqgmoxT5vm","Corey Harper","7837678","Corey Harper","name","2026-10-05",,
"1Qbpqy9YCTuWXhvzifs5B1","Corey Holland","14842091","Corey Holland","name","2026-10-05",,
"0AHx9XADD0gJp1bbNcUBiV","Corinne McKnight","4853424","Corinne McKnight","name","2026-10-05",,
"1TcbdifqhtxLz77unBYJ7z","CORSAK","49003211","CORSAK","name","2026-10-05",,
"2gXmjQIxCO8lMnSncluZaU","Cory Asbury","4830156","Cory Asbury","name","2026-10-05",,
"5ZwZ2mRa0HfSISaNOwAeiJ","Cory Feigen","11927963","Cory Feigen","name","2026-10-05",,
"0vEsuISMWAKNctLlUAhSZC","Counting Crows","321","Counting Crows","name","2026-10-05",,
"4TyOv22Dp24xDVPtR1gP8o","Courrier","430334","Courrier","name","2026-10-05",,
"2pQIRauKVBZQxClh5xMptX","Courtney Hadwin","38109612","Courtney Hadwin","name","2026-10-05",,
"7tUWSXDW3xu0zLwImP8EoM","Cover Girl","9664800","Cover Girl","name","2026-10-05",,
"4kA2Nc7ABFmtulhoskS8Wz","Coyote Island","89337202","Coyote Island","name","2026-10-05",,
"5wMfct6VVvaVQ8xGCXxIUa","Cozi Zuehlsdorff","6238574","Cozi Zuehlsdorff","name","2026-10-05",,
"5oFkj1qSlyBUmV5d6Edgtq","Cozz","6781073","Cozz","name","2026-10-05",,
"2JyWXPbkqI5ZJa3gwqVa0c","Craig David","110","Craig David","name","2026-10-05",,
"3OEFtQRq38Ysp1BZdmbK7h","Craig Reever","60234122","Craig Reever","name","2026-10-05",,
"76Hd5d8Z2R5kw5yaffH64R","Craig Richey","4015346","Craig Richey","name","2026-10-05",,
"6wBV2mHGWBe2Mz4jZJi21K","Craig Stickland","2981721","Craig Stickland","name","2026-10-05",,
"6d8NscVVbeMVINZwJDOoN5","Crash Adams","62769902","Crash Adams","name","2026-10-05",,
"7p23ERQPaBJU2W0gguMNTi","Cristóvam","10688481","Cristóvam","name","2026-10-05",,
"7ohlPA8dRBtCf92zaZCaaB","Crowded House","1194","Crowded House","name","2026-10-05",,
"75EZuo5MHV2572NRpMWotC","Crystal Fighters","208844","Crystal Fighters","name","2026-10-05",,
"5ZCP0tbgVY2Lx7JG0grqNR","Curtis Dove","277818781","Curtis Dove","name","2026-10-05",,
"7LfBHu0AWzbnRsqkMtypBG","Curtis Peoples","72348","Curtis Peoples","name","2026-10-05",,
"1skYjCzZNmy9Zjk7mdFgeS","Curtis Walsh","9438542","Curtis Walsh","name","2026-10-05",,
"4bCGs1M7PyTfQFtxvRvUom","D.D.E.","243126","D.D.E.","name","2026-10-05",,
"0FstuWxWJB3t2RA7FTAmjX","Dad Harmony","212567067","Dad Harmony","name","2026-10-05",,
"4MtZY6vubmc8vgp1JxlMcs","Dag Erik Oksvold","4440636","Dag Erik Oksvold","name","2026-10-05",,
"65Sh6fBb85Hm3uLuETK3Ux","Dag Ingebrigtsen","4054058","Dag Ingebrigtsen","name","2026-10-05",,
"6x1WOzqL1jVztHr6LCSbOy","Dag Kolsrud","1562197","Dag Kolsrud","name","2026-10-05",,
"31tKAz77HVjv8W0uqzDNwu","Daisy Clark","11956219","Daisy Clark","name","2026-10-05",,
"0SrIPejckovMwhrN3MZFPB","Daisy the Great","12645785","Daisy the Great","name","2026-10-05",,
"6TND8iAbfWwQ5B2y7gCQto","Dakota Smart","75651522","Dakota Smart","name","2026-10-05",,
"4cazSdZNCxnFzLJIBFxgLF","Dallas Caroline","10905412","Dallas Caroline","name","2026-10-05",,
"2wSrZOe6YVo6XoKma22sdY","Dami Im","5312377","Dami Im","name","2026-10-05",,
"15dml31RrCgG0dKga9sPEw","Damian DeRobbio","4446209","Damian DeRobbio","name","2026-10-05",,
"55vhWUMlow4Z91foJtpm1Y","Damian McGinty","1682895","Damian McGinty","name","2026-10-05",,
"7MBby7IG6c6jT7zWnOYJP6","Damien Dawn","1205993","Damien Dawn","name","2026-10-05",,
"79JJCxCCfJ8HufX6w8q2k4","Damien Jurado","2770","Damien Jurado","name","2026-10-05",,
"3Woqe3KegExVyrEK1I6ITJ","Damon Sharpe","4420997","Damon Sharpe","name","2026-10-05",,
"7z5WFjZAIYejWy0NI5lv4T","Dan + Shay","5112746","Dan + Shay","name","2026-10-05",,
"2kfmnXYxa9yh0RkUBPjSwZ","Dan Berk","11824377","Dan Berk","name","2026-10-05",,
"235ZVf4thM2FFfyE4ACwB3","Dan Bremnes","478680","Dan Bremnes","name","2026-10-05",,
"2U3FuHYvL3vhkbDAXm24Ep","Dan Caplen","11106632","Dan Caplen","name","2026-10-05",,
"7b7QIUbJd78B9is5pqt0MK","Dan Godlin","2705871","Dan Godlin","name","2026-10-05",,
"5ByjU6oarxRC2Y85JpKx1n","Dan Mangan","97599","Dan Mangan","name","2026-10-05",,
"066RwhMXWRs1spYylC6gxo","Dan McCabe","5698333","Dan McCabe","name","2026-10-05",,
"3cciwAoVy9ivmhwKm2VIX6","Dan Millward","12950129","Dan Millward","name","2026-10-05",,
"3wrdNgjTSLLQZ382sPyoA5","Dan Owen","5646715","Dan Owen","name","2026-10-05",,
"3k3gbUT7bF0jYmFmAKBQtU","Dan Reynolds","125982","Dan Reynolds","name","2026-10-05",,
"5T7PSvUO7Sm6AskUrp9iER","Dan Rodriguez","5660351","Dan Rodriguez","name","2026-10-05",,
"4etdUnW5etxPrmvakKdZwG","DANELIYA","173917247","Daneliya","name","2026-10-05",,
"5QruqADxUmpzY0bT56039j","Dani and Lizzy","6973233","Dani and Lizzy","name","2026-10-05",,
"6714TVzg0NFoLZw42juqRC","Dani Moz","7047385","Dani Moz","name","2026-10-05",,
"4C86wrjOUfXQDlt6A4oJOC","Daniel Adams-Ray","624489","Daniel Adams-Ray","name","2026-10-05",,
"6j57OAd060Casvsu7TYDIl","Daniel Baron","2598741","Daniel Baron","name","2026-10-05",,
"3zZXy07nLXTVaHXwfpjbgm","Daniel Bromander","138141182","Daniel Bromander","name","2026-10-05",,
"7gLtWM8UpVvNeq5Eq2kuDK","Daniel Duke","8940956","Daniel Duke","name","2026-10-05",,
"3zpsX4Vt8EL5JmRlqiLcmr","Daniel Gunnarsson","54546282","Daniel Gunnarsson","name","2026-10-05",,
"3hcVwibmXAqkX0DIWxDVLA","Daniel Kist","9919770","Daniel Kist","name","2026-10-05",,
"1c9LVBvYq58ViD8qdLml7A","Daniel Kvammen","5298474","Daniel Kvammen","name","2026-10-05",,
"5S0AJvE9NB1kGrXRfYh690","Daniel Lanois","4068","Daniel Lanois","name","2026-10-05",,
"4TeKX72ppmEegQRU2suRFy","Daniel Norberg","893983","Daniel Norberg","name","2026-10-05",,
"0yll2u1E5eqktJyKri1PNm","Daniel Pearson","4461995","Daniel Pearson","name","2026-10-05",,
"6BcKS2QML7xQKdB61anBsL","DANIEL SAINT BLACK","64994962","DANIEL SAINT BLACK","name","2026-10-05",,
"21z8to3YxZXgKYJpBB54P2","Daniel Seavey","7730830","Daniel Seavey","name","2026-10-05",,
"5ImcVwE9hWZmnhZBqQllN4","Daniel Sörbye","136761082","Daniel Sörbye","name","2026-10-05",,
"0h9oJfdb2rfXBnbNI6glni","Daniela May","13115819","Daniela May","name","2026-10-05",,
"5iqStkZi6QmG8sgQZQrfGN","Danielle Bradbery","4930240","Danielle Bradbery","name","2026-10-05",,
"5vGB3O3NYELK1zL0s4KIyQ","Danique Graanoogst","136186012","Danique Graanoogst","name","2026-10-05",,
"34j1KZEPOk39rnSCIU5BVN","Danny Fishman","14878037","Danny Fishman","name","2026-10-05",,
"5Yu3b48Y29bZlI1cLPOZJz","Danny Gokey","329730","Danny Gokey","name","2026-10-05",,
"4WU8ubXXXwSqLa2tAwgnQP","Danny Jones","1670819","Danny Jones","name","2026-10-05",,
"06MSAITCPRhtuJMD4UL96s","Danny Olson","5406965","Danny Olson","name","2026-10-05",,
"5148ArIqx11KON7HEAWLeW","Danny Padilla","5643985","Danny Padilla","name","2026-10-05",,
"5tVyieWwN9j09jXUovK2zN","Danny Saucedo","1197491","Danny Saucedo","name","2026-10-05",,
"60JjUCBeLsuJ95WFvqFiFz","Dante Bowe","11661231","Dante Bowe","name","2026-10-05",,
"40Qm9cpj6FlrkoL1sziJ2S","Daphne Willis","336619","Daphne Willis","name","2026-10-05",,
"2KLu0eukMSZxvU9JMU90Fc","Darci Lynne","55464032","Darci Lynne","name","2026-10-05",,
"02V898l27L8OwXlwOA1BvU","Daria Musk","120360402","Daria Musk","name","2026-10-05",,
"4sCwb5P2ZbjDq9DeOfhrBe","Darlesia Cearcy","5050083","Darlesia Cearcy","name","2026-10-05",,
"0mKLP9jGn5eAZDlaq7UYQY","Darling West","9697320","Darling West","name","2026-10-05",,
"15Cdd3Wai5nQZATxnbEtK9","Darren Kiely","178282807","Darren Kiely","name","2026-10-05",,
"4t52ndk0OkAxtb4vMDLPhe","Daryl Braithwaite","383682","Daryl Braithwaite","name","2026-10-05",,
"4Zv4yFnzY2v8IE2Fo0pqY8","Dasco","172610747","DASCO","name","2026-10-05",,
"7Ez6lTtSMjMf2YSYpukP1I","Dasha","108720262","Dasha","name","2026-10-05",,
"0rTmZkZxtp2Kzsh3yRjTZb","Daskeladden","77582232","Daskeladden","name","2026-10-05",,
"1vWImodgVqIgTUkekGEfR9","Dave Audé","396551","Dave Audé","name","2026-10-05",,
"7hbH1qupmU6HxVBjWJItlq","Dave Barnes","376351","Dave Barnes","name","2026-10-05",,
"6ZddubhXhoMkJGKtoXlGAB","Dave Crosby","5567242","Dave Crosby","name","2026-10-05",,
"7qwDy02WdmGebMlToaDyoY","Dave Moffatt","1304353","Dave Moffatt","name","2026-10-05",,
"0mUIey7n1U90IScto35rX7","Dave Thomas Junior","4511602","Dave Thomas Junior","name","2026-10-05",,
"7A6XHU84oi0K2ir0aNqHBf","Dave Winkler","10583693","Dave Winkler","name","2026-10-05",,
"2gpy3luYEPHwVfO2cUtTAG","David André Østby","2176201","David André Østby","name","2026-10-05",,
"2C9n4tQgNLhHPhSCmdsQnk","David Archuleta","151043","David Archuleta","name","2026-10-05",,
"3g0V90wvKDRsZY8aOZZVic","David Cole","193857","David Cole","name","2026-10-05",,
"4SQxI8xg6LcSWL3KuGVHLa","David Cook","153507682","David Cook","name","2026-10-05",,
"7DhP3bGT7dzr1dCkkH5mTS","David Crowder Band","394703","David Crowder Band","name","2026-10-05",,
"234SSNe2H52Mww78ur9bmL","David Gramberg","10241836","David Gramberg","name","2026-10-05",,
"0iNhgIDkOVYQtagHRnDogx","David Green","3351781","David Green","name","2026-10-05",,
"1Cs0zKBU1kc0i8ypK3B9ai","David Guetta","412377731","David Guetta","name","2026-10-05",,
"7fRabwYwLBgvOudI9GY2Op","David Hodges","282952","David Hodges","name","2026-10-05",,
"6xjud8c4TNMuSPwjXvBrfY","David McCredie","72342712","David McCredie","name","2026-10-05",,
"2UfNQbWhyIvKplQbVfTF4w","David Nevory","6896707","David Nevory","name","2026-10-05",,
"14BqDDTDZgUk7ue2rmlkLX","David Ryan","115650072","David Ryan","name","2026-10-05",,
"3wnsAakCkhyU3yKQYMZmGo","David Ryan Harris","271916","David Ryan Harris","name","2026-10-05",,
"3p8CvSlaqqbzFKZMUylHO6","Davin Herbrüggen","64242582","Davin Herbrüggen","name","2026-10-05",,
"6OG9fZ1LKXyL0hShRmmnq1","Davina Michelle","12550742","Davina Michelle","name","2026-10-05",,
"1rcqpe7jZB4NdUpyRq8im9","Davis Naish","11258604","Davis Naish","name","2026-10-05",,
"76Ex4sR8zS8bqrlqCXBoup","Davur","13416943","Davur","name","2026-10-05",,
"71Ys73tqf8PyRWqr8PFpaf","Dawilk","50126102","Dawilk","name","2026-10-05",,
"3ByUrpZsutbSSVBneiTC0y","Dawn Beyer","14592653","Dawn Beyer","name","2026-10-05",,
"4BgqG2TR5C45CxBXtuXJ3R","Dawson Hollow","13454931","Dawson Hollow","name","2026-10-05",,
"1uwGIdDsv9rhyzuqgYhOuS","Daxten","60229472","Daxten","name","2026-10-05",,
"1s2NADRmVmkEjLZlE6vHvE","Dea Norberg","8743216","Dea Norberg","name","2026-10-05",,
"2otRZcOVNcmdkZ5nEoogy6","Dead by April","185889","Dead by April","name","2026-10-05",,
"7qTUKYzO77RvL1Kxie0xUO","Dead Posey","10185658","Dead Posey","name","2026-10-05",,
"0YrtvWJMgSdVrk3SfNjTbx","Death Cab for Cutie","383","Death Cab for Cutie","name","2026-10-05",,
"7CMX3TxcoCvI5tRPnXO4Ig","Debrah Scarlett","6928143","Debrah Scarlett","name","2026-10-05",,
"3QvfzWcCo67s7bhOYEz5Tr","December 10","369601992","December 10","name","2026-10-05",,
"6H1RjVyNruCmrBEWRbD0VZ","Def Leppard","2557","Def Leppard","name","2026-10-05",,
"5gsErkGsLeCYCSK0Pxj01N","deLillos","13108","deLillos","name","2026-10-05",,
"0t7pmY2GkEbpUt5vSvwCcn","Delise","377842231","Delise","name","2026-10-05",,
"2g6fa86fL6oLcoDqanBbuR","Delta Goodrem","5626","Delta Goodrem","name","2026-10-05",,
"0iidQFemlPhkoHqFroz2my","Delta Rae","471755","Delta Rae","name","2026-10-05",,
"2RJteaG1GUmH9lQVczVkpp","Demi Lee Moore","54739702","Demi Lee Moore","name","2026-10-05",,
"6S2OmqARrzebs0tKUEyXyp","Demi Lovato","193875","Demi Lovato","name","2026-10-05",,
"0NyrvUybTePmsuED5vZi4G","Den svenska björnstammen","613453","Den svenska björnstammen","name","2026-10-05",,
"2GeBEYu1QdpAG6xEDf8PQt","Denis Coleman","50486382","Denis Coleman","name","2026-10-05",,
"2fT6nwT4bwwMXGtFTLJoIi","Dennis Hermansen","160389382","Dennis Hermansen","name","2026-10-05",,
"4otN1ZekQ3YABzwrSLPsT1","Denny Haze","274924481","Denny Haze","name","2026-10-05",,
"762310PdDnwsDxAQxzQkfX","Depeche Mode","545","Depeche Mode","name","2026-10-05",,
"3DzvldYcKG83XYhYC0wfLn","dePresno","7918164","dePresno","name","2026-10-05",,
"43rycrdudlg4j0MRLSzPFE","Derek Hough","4574645","Derek Hough","name","2026-10-05",,
"5KNNVgR6LBIABRIomyCwKJ","Dermot Kennedy","12033224","Dermot Kennedy","name","2026-10-05",,
"1sCxWQYPTDwAH1yWtzuO6J","Devin Lucas","72620952","Devin Lucas","name","2026-10-05",,
"1VFt2HpmFG8Ufq6SDCoZe4","Devon Cole","77630022","Devon Cole","name","2026-10-05",,
"5cbak2U6nZWXDYiG72E3lH","Devon Gilfillian","10358768","Devon Gilfillian","name","2026-10-05",,
"5Aqr2ZqqQWaaSPpJAbC0o0","DEZI MARIE","177784927","DEZI MARIE","name","2026-10-05",,
"3cAisWS37sGCCtRgWfvrod","Diamond Platnumz","5259968","Diamond Platnumz","name","2026-10-05",,
"0Ns29jDBaYI2wbHvTR1B9j","Diamond White","4343878","Diamond White","name","2026-10-05",,
"3P3p0pZImbMNGLvoGmBXJZ","Diana & Zonen Cast","157056662","Diana & Zonen Cast","name","2026-10-05",,
"3A2jfQOLgo5rV4GYFHbEA2","Diane Warren","447596","Diane Warren","name","2026-10-05",,
"2QYEvpsWUOjqaYuxDPTCmV","Diddy - Dirty Money","312102","Diddy - Dirty Money","name","2026-10-05",,
"5AEjuplch66DgYDOtd66Yl","Didrik Solli-Tangen","343409","Didrik Solli-tangen","name","2026-10-05",,
"5bdPShbvAASQjO3mIMOWRR","Dillon James","7696386","Dillon James","name","2026-10-05",,
"4m7aXQRoYdAlr4o5slvLm7","Dinah Smith","5588961","Dinah Smith","name","2026-10-05",,
"6GkJh85o22LfD2vgL9DP6f","Dirty Heads","389851","Dirty Heads","name","2026-10-05",,
"0YVFdCm1S3ikQU0yl110lu","Disero","12362126","Disero","name","2026-10-05",,
"6F3NW2aC9Sni1FH7QPSLvw","Dishwalla","2182","Dishwalla","name","2026-10-05",,
"2K1qlqSkT0CWFKIr9EjDLb","Distant Cousins","1297232","Distant Cousins","name","2026-10-05",,
"5yNN92qKENCA4pWmoSZJpG","Divided By Friday","469426","Divided By Friday","name","2026-10-05",,
"22lnnGKlaDxk8sfzCNRJuA","Diviners","9028130","Diviners","name","2026-10-05",,
"3KFuFqRC9QwlyMSaCUQVFU","DJ Fire House","14611129","DJ Fire House","name","2026-10-05",,
"54yTyDO1apnZCHwxrrPmwa","DJ Løv","8287430","DJ Løv","name","2026-10-05",,
"6GEykX11lQqp92UVOQQCC7","DJ Premier","290503","Dj Premier","name","2026-10-05",,
"540vIaP2JwjQb9dm3aArA4","DJ Snake","10338458","DJ Snake","name","2026-10-05",,
"3mC1KCuZZSOlN8Z0M56VsV","Dobie Gray","5989","Dobie Gray","name","2026-10-05",,
"1eWXBPrs5K5aZXTIWdIlPe","Dom Valentino","113563602","Dom Valentino","name","2026-10-05",,
"4zUMIrBhG8wfW5g27vMlfC","Donika Nimani","11921815","Donika Nimani","name","2026-10-05",,
"0UACE2nWl5uUyJRo1kIYQO","Donkeyboy","249550","Donkeyboy","name","2026-10-05",,
"00nAbpbye40hKTJwwGRolM","Donna Taggart","1609918","Donna Taggart","name","2026-10-05",,
"0HU0U9kdXEHZVxUNbuQe8S","Donny Hathaway","4613","Donny Hathaway","name","2026-10-05",,
"4SOtk3HtPYKqxnVuxNBMti","Donovan Woods","616807","Donovan Woods","name","2026-10-05",,
"1cwOthlzLBwN8Imbq7P71H","Dotan","1202336","Dotan","name","2026-10-05",,
"0Qlc8O6a3R4TbdQL3JtENW","Doug Panton","4770707","Doug Panton","name","2026-10-05",,
"7CFnj9HJKn61S6nZ6P3tYz","Dovid Dov","296529041","Dovid Dov","name","2026-10-05",,
"2NHZXdh4W3waGwVk3CdP4T","Downplay","517638","Downplay","name","2026-10-05",,
"6SaFCfxJEuOY642RiJ1Cin","DR PigeKoret","1234809","DR PigeKoret","name","2026-10-05",,
"7Cv0kBlGsktOnBHtTvni9V","Drahtseilakt","3082151","DrahtSeilAkt","name","2026-10-05",,
"55zx7AihSM91XuqPqofoct","Drake McCain","62266962","Drake Mccain","name","2026-10-05",,
"5M7hCkA0s91a3BqfktxLfK","Drakeford","10090806","Drakeford","name","2026-10-05",,
"2HwptwPQ4lvpYimzOJcYoY","Drängarna","251486","Drängarna","name","2026-10-05",,
"3ZyMt4ZzT5TWAFKvm0UxYb","DREAMDNVR","59526772","DREAMDNVR","name","2026-10-05",,
"3JRBME1P6HDp6nAmcUaaHC","Drew Angus","11322478","Drew Angus","name","2026-10-05",,
"08qaG5crPMPF7i0h2wORk5","Drew Baldridge","5306605","Drew Baldridge","name","2026-10-05",,
"0Obcl00RkSejk0z0m4vUwT","Drew Holcomb","391068","Drew Holcomb","name","2026-10-05",,
"4RwbDag6jWIYJnEGH6Wte9","Drew Holcomb & The Neighbors","890426","Drew Holcomb & the Neighbors","name","2026-10-05",,
"76yeOnINtQSXyoEHbkYmtY","Drew Love","2797861","Drew Love","name","2026-10-05",,
"1F2PBVC03y1a9PCszIxJhI","Drew Schueler","14327475","Drew Schueler","name","2026-10-05",,
"0HPVHsbV2yIYPp2Pk4kdHe","Droid Bishop","5364485","Droid Bishop","name","2026-10-05",,
"0n1n8JVg3vec8svJHivjnf","Dru Chen","4440654","Dru Chen","name","2026-10-05",,
"3nW1kWeJpPURockk7ytcSe","Duexo","10520315","Duexo","name","2026-10-05",,
"37NqXwtb6nIEqRt4EJSoIO","Duffy","101191762","Duffy","name","2026-10-05",,
"3AO6RTDA16mg8czQI5Y9K0","Duncan Sheik","16193","Duncan Sheik","name","2026-10-05",,
"3jFE9Q1V7P1AkbU5UzPEol","Dusky Grey","8943122","Dusky Grey","name","2026-10-05",,
"2DKaXcxblDmk0Ua6iPELK3","Dustin Tavella","2992301","Dustin Tavella","name","2026-10-05",,
"4f7aac6rSCC2VopLH049zY","Dusty Boots","1172197","Dusty Boots","name","2026-10-05",,
"3R5ofhh1bKZBJqbNWQmSKy","Dylan And The Moon","181355157","Dylan And The Moon","name","2026-10-05",,
"7CanUos0itnFLMrCiT839W","Dylan Dunlap","8698294","Dylan Dunlap","name","2026-10-05",,
"5E77VtqGlC6ByX7U1GcJhB","Dylan Guthro","1626509","Dylan Guthro","name","2026-10-05",,
"2L2hppNg0A5WfGJTChIJL5","Dylan Rockoff","8722756","Dylan Rockoff","name","2026-10-05",,
"0XjUzkpgj8t1MnxhROumUe","Dylan Wright","6738277","Dylan Wright","name","2026-10-05",,
"5KIpNbpypCHZKZpBkPheOj","Earl Carpenter","796925","Earl Carpenter","name","2026-10-05",,
"4QQgXkCYTt3BlENzhyNETg","Earth, Wind & Fire","248","Earth, Wind & Fire","name","2026-10-05",,
"0xGSNh06Su9UthAz4o1cvM","East Love","7916216","East Love","name","2026-10-05",,
"4nmID1slQjyisjhIVyRhyJ","East of Heaven","87974322","East of Heaven","name","2026-10-05",,
"2DRU90YIKRgU8pKDnfSdpr","Ebba Bergendahl","73206412","Ebba Bergendahl","name","2026-10-05",,
"7wHitlNPH5K7GdAjbKugpc","Eben Jr.","7328656","Eben Jr.","name","2026-10-05",,
"6dfsDmKzXsUhgOuodCPQov","EconStories","11538165","EconStories","name","2026-10-05",,
"6DchmKCVOKK707FCrLFFDW","Ed Prosek","2796521","Ed Prosek","name","2026-10-05",,
"7dYFdo5UrtUi3T6vBubQZD","Ed Whicher","9316368","Ed Whicher","name","2026-10-05",,
"1AaSeUFzwt47HhkGtWE1xn","Eddie Benjamin","67972932","Eddie Benjamin","name","2026-10-05",,
"2cpQZSiUYV2eD3W8klEdWL","Eddie Cito","12520406","Eddie Cito","name","2026-10-05",,
"0mXTJETA4XUa12MmmXxZJh","Eddie Vedder","17030","Eddie Vedder","name","2026-10-05",,
"5nn0v7ZNnO4cY7TEAjjfSx","Edgar Hopp","63799482","Edgar Hopp","name","2026-10-05",,
"15ta8kCdcQOwAIiSN6I88k","EDVN","129390282","Edvn","name","2026-10-05",,
"7giUHu5pv6YTZgSkxxCcgh","Edward Sharpe & The Magnetic Zeros","248102","Edward Sharpe & The Magnetic Zeros","name","2026-10-05",,
"0L6Gwm0JDrgIQJfjarWSUR","Edwin McCain","2136","Edwin McCain","name","2026-10-05",,
"3SwHW7YiRPiqokx3zCpyit","Efraim Leo","11026268","Efraim Leo","name","2026-10-05",,
"4YYCHckJCIZRGFzZDuLLx8","Egon Werler","160849722","Egon Werler","name","2026-10-05",,
"3Fg3y3Gx6hwdzb9sEOWHEW","Eighty Ninety","11969151","Eighty Ninety","name","2026-10-05",,
"0oM3SLbJ2k9V8G0RBJYtyj","Eile","7635740","Eile","name","2026-10-05",,
"3Ry3mBpty7i1SvNEOAz54Y","Eirik Aas","11412594","Eirik Aas","name","2026-10-05",,
"2lvPwN75VoOSDqQxeoyq7z","Eirik Næss","10038576","Eirik Næss","name","2026-10-05",,
"3TlZLU8gQBrjTGJlLLDruk","Eklo","7803160","Eklo","name","2026-10-05",,
"3sxXyxpknw62H1RoSKlxw4","Elbot","63312202","Elbot","name","2026-10-05",,
"4MLC6ST8Sc0m27kHfJJsIl","EleanorGrace","64762862","EleanorGrace","name","2026-10-05",,
"76rOhzdFrZx37hyeA5cQgZ","Elena Coats","5419147","Elena Coats","name","2026-10-05",,
"4b9TssR4OW2BKUrrsffzsY","ELI GABLE","81210322","Eli Gable","name","2026-10-05",,
"0Kc3agOOsLxxscl8dcOPTn","Eli Lev","13396349","Eli Lev","name","2026-10-05",,
"2SLFbFpW4nXuc76m37gTfy","Eli Lieb","2731641","Eli Lieb","name","2026-10-05",,
"0WcAIG4jcHAwMBbCgk63F4","Eli Teplin","4252645","Eli Teplin","name","2026-10-05",,
"5oQxK0KlCYoKZg8wS5Pm0p","Eli Wilson","4593166","Eli Wilson","name","2026-10-05",,
"1nfeNQNeB602cdXvEemd5d","ELIAN FROST","223954935","Elian Frost","name","2026-10-05",,
"0UCLbPGOhtnYf29U7qbfLf","Elias","106655422","Elias","name","2026-10-05",,
"1tibsFTNrWregFugnudFN3","Elias Holgersson","10651195","Elias Holgersson","name","2026-10-05",,
"2YamuVtQ36agHCoPeK6xuO","Elias Macy","50764292","Elias Macy","name","2026-10-05",,
"2TErkwv1p8mwuBB2Cc99ND","Elijah Mann","11064076","Elijah Mann","name","2026-10-05",,
"6SbkdoreoUsexJVVmFAOFl","Elijah N","60226052","Elijah N","name","2026-10-05",,
"3IR6DvP0x2a6oUSist9UMu","elijah woods","12544810","Elijah Woods","name","2026-10-05",,
"0UARksVKrwd1Gwdeq3Mes1","Elijah Woods x Jamie Fine","11818377","Elijah Woods x Jamie Fine","name","2026-10-05",,
"66fP7WU8ewzfdr6zZgQyNV","Elin Oskal","123948542","Elin Oskal","name","2026-10-05",,
"70ANZII0p7JCQ4ArAesCbA","Elina Born","4478345","Elina Born","name","2026-10-05",,
"2yaaPBdHiaUuGaCFfboUbR","Elina Laivera","10018302","Elina Laivera","name","2026-10-05",,
"6YToLva6xIaVyUbyUeHbP6","Eline Roa Gran","12624553","Eline Roa Gran","name","2026-10-05",,
"6KCrTdWDzF11PcWt6uygaE","Elise Azkoul","67375602","Elise Azkoul","name","2026-10-05",,
"4aHpq3SeE9HiKNft9Bcj55","Elize Ryd","4960183","Elize Ryd","name","2026-10-05",,
"4SaTCFKTYkoZ9H7sZNwLQl","Elkjøp","6512703","Elkjøp","name","2026-10-05",,
"5gsqW3AMFt8u0A2Z2Pti1Z","Ella Martine","12742585","Ella Martine","name","2026-10-05",,
"2zmrsXMHxagFz6vI2cD7r6","Ella Vos","10747588","Ella Vos","name","2026-10-05",,
"3bhu7P5PfngueRHiB9hjcx","Elle King","1709730","Elle King","name","2026-10-05",,
"7MCV4p3QmcYDMTfiE0ZWMD","Elle Limebear","14583769","Elle Limebear","name","2026-10-05",,
"3WR4aQtPax6XwTi9L0L3DJ","Ellen Bergelin","107564662","Ellen Bergelin","name","2026-10-05",,
"1hY6WSJRQy3FPTnmprOBVh","Ellen Krauss","62801692","Ellen Krauss","name","2026-10-05",,
"07lpuAglRqTvLjElXLCVbW","Ellena Soule","7689348","Ellena Soule","name","2026-10-05",,
"0X2BH1fck6amBIoJhDVmmJ","Ellie Goulding","311820","Ellie Goulding","name","2026-10-05",,
"5hNiAUVPCTgcpy8vljCxzs","Ellie Holcomb","4903673","Ellie Holcomb","name","2026-10-05",,
"3y0rohcfTP1YvwQWcd4u2w","Elliott Taylor","59659212","Elliott Taylor","name","2026-10-05",,
"5G1F5w8DIcHpLiKZBiexC8","Ellogram","7841740","Ellogram","name","2026-10-05",,
"3waIwIZyuxR1opNI3rLvsh","Elshay","5511173","Elshay","name","2026-10-05",,
"4WFhSikirtxVOgdDNf4hig","Elve","1006057","Elve","name","2026-10-05",,
"0jIWKlfmD4Ew7HeVVrq03g","Elyanna","77958522","Elyanna","name","2026-10-05",,
"19we83RL2vr4HF6zU6KBAT","Elyse Myers","105812412","Elyse Myers","name","2026-10-05",,
"7o2ZQYM7nTsaVdkXY38UAA","Em Beihold","89956372","Em Beihold","name","2026-10-05",,
"61pvU6ZLOF3bl0IOtbmME7","Emelie Hollow","11161346","Emelie Hollow","name","2026-10-05",,
"1efrXlPhLKv7PvgUxVcqIS","Emerson Drive","145383","Emerson Drive","name","2026-10-05",,
"2reIJufJrKUlBOGrQ3nzvX","Emerson Hart","243575","Emerson Hart","name","2026-10-05",,
"1tetMlpcLNmnZ5mpbzKJhq","Emil Solli-Tangen","4681431","Emil Solli-Tangen","name","2026-10-05",,
"7LNI86kENOKWF35DjHr4rT","Emile Battour","107399742","Emile Battour","name","2026-10-05",,
"21k39bIiVAame9O5MWRS4m","Emilee Moore","117028352","Emilee Moore","name","2026-10-05",,
"5hALxswu1Hh9HNjFqsfcO0","Emilie Adams","7062557","Emilie Adams","name","2026-10-05",,
"5qqPqjSLFK4OgfaK7PLIjj","Emilie Omland Grimstad","10128770","Emilie Omland Grimstad","name","2026-10-05",,
"73mpJzShg7QOejB76dAHZT","Emilio Piano","89690362","Emilio Piano","name","2026-10-05",,
"4ZuggB1YawAAZOBL4pI9J8","Emily Ann Roberts","9887340","Emily Ann Roberts","name","2026-10-05",,
"5ncA0WGi828yjhqmvHsJRj","Emily Brimlow","13496659","Emily Brimlow","name","2026-10-05",,
"0ncLUhzYnidjOPYR2DPd7d","Emily Browning","1202416","Emily Browning","name","2026-10-05",,
"6Gi8ZaXGx8MK79HwzXpuVZ","Emily Burns","5038055","Emily Burns","name","2026-10-05",,
"4dTcd3R8sIuVhoOlqgqr0V","Emily Hackett","5163196","Emily Hackett","name","2026-10-05",,
"4LuEEQLErHvNdZDxEWf6W1","Emily Hearn","898518","Emily Hearn","name","2026-10-05",,
"6jlWj6y00bMQt8XoKuCjyZ","Emily King","403643","Emily King","name","2026-10-05",,
"0f1BcubFYDkGOTA0bJ0u1w","Emily Rowed","5409589","Emily Rowed","name","2026-10-05",,
"3PbxopO2XNGMUxKN3e2UYd","Emily Smith","131472","Emily Smith","name","2026-10-05",,
"1oKdM70mJD8VvDOTKeS8t1","Emily Warren","101749","Emily Warren","name","2026-10-05",,
"696x5uEm1nV6xucEZNAbzH","Emily Zeck","9321190","Emily Zeck","name","2026-10-05",,
"7dGJo4pcD2V6oG8kP0tJRR","Eminem","13","Eminem","name","2026-10-05",,
"2AaAHKo5kfPhzIrSFFZhVs","Emma Hunton","479607","Emma Hunton","name","2026-10-05",,
"3PZyI7b9LfYnS0QU827W8z","Emma McGrath","5898594","Emma McGrath","name","2026-10-05",,
"112CaF6ayJD0CIe64FjhhX","Emma Muscat","8748232","Emma Muscat","name","2026-10-05",,
"7KUmMAnwfGBOs77ReTZJte","Emma Oliver","13919175","Emma Oliver","name","2026-10-05",,
"4ULAjXdgOJfwASBSBJFTUW","Emma Stevens","15052407","Emma Stevens","name","2026-10-05",,
"03V0mTSmPHxp7pnJhKFE1h","Emma Svensson","8279318","Emma Svensson","name","2026-10-05",,
"52UPbnBwzf00XDhIauF4FJ","EMMALY","109136522","Emmaly","name","2026-10-05",,
"3eSiyfI9xykA5QtgcLS43b","Emmi","101814","Emmi","name","2026-10-05",,
"5NTlLxVgju6V06VVCHUxnH","Emmi","101814","Emmi","name","2026-10-05",,
"49oaDWZhpPIv5EWR2RHLbf","Emmy Russell","77108652","Emmy Russell","name","2026-10-05",,
"4J8rnLuoQLnT09osjqGsIr","Endless Taverns","258350452","Endless Taverns","name","2026-10-05",,
"13BXjgYUjBzIvo5KgVoDPb","Endre Nordvik","5059964","Endre Nordvik","name","2026-10-05",,
"5UJ6lALUgCvxJWUPjMeeH0","Eppic","1053489","Eppic","name","2026-10-05",,
"53FnSuVFf9z5BmGPvt7ifY","Epps the Poet","189848317","Epps the Poet","name","2026-10-05",,
"3fASlURwnGs2fbqyikSey3","Eric Brooks","4674754","Eric Brooks","name","2026-10-05",,
"0XDSGQH1ejpL2C42Sady10","Eric Burgett","5026653","Eric Burgett","name","2026-10-05",,
"6h3SuFXFhINbYsVyIgaKLS","Eric Ethridge","6596292","Eric Ethridge","name","2026-10-05",,
"35qaOizfwzXfCreVDiWoXK","Eric Hirshberg","1152131","Eric Hirshberg","name","2026-10-05",,
"39x8gyJjTHiBQklFgVJSV4","Eric Hutchinson","68291","Eric Hutchinson","name","2026-10-05",,
"1c0It57ov3NYgwdU1trh2Y","Eric Kane","11107822","Eric Kane","name","2026-10-05",,
"3NoeRIxHApi6qe4yan2Vnn","Eric Nally","4476309","Eric Nally","name","2026-10-05",,
"1VRDaWSIRh6sB7KURoQcEf","ERIC REVERENCE","11883997","ERIC REVERENCE","name","2026-10-05",,
"79DOwuMzV2h4es3em0t002","Eric Turner","1168219","Eric Turner","name","2026-10-05",,
"77WqJhNVo4JlanoEnRe5tw","Erick Macek","517104","Erick Macek","name","2026-10-05",,
"3DVYnBKNeZTLLPvMaEbmzC","ERIICE","97344732","ERIICE","name","2026-10-05",,
"5dg3YtsiR8ux6amJv9m9AG","Erik Grönwall","320329","Erik Grönwall","name","2026-10-05",,
"3n3KUrOk92Xm3ks9WYtrjH","Erik Lindeman","6704363","Erik Lindeman","name","2026-10-05",,
"3sAESWpfOhVARl2ZsZkmNh","Erik Nordblad","10596335","Erik Nordblad","name","2026-10-05",,
"2rCu8D8ST7i3lUILyB3yQR","Erik Og Kriss","1977201","Erik Og Kriss","name","2026-10-05",,
"63q3l3pKBpvqEjUM5Vf1TG","Erik Segerstedt","175028","Erik Segerstedt","name","2026-10-05",,
"1FsZYh8RTfafSEVmoVxWeK","Erika Norwich","11143738","Erika Norwich","name","2026-10-05",,
"5TtSGhhCPt56x4ZPfg7DFq","Erin Kinsey","10616347","Erin Kinsey","name","2026-10-05",,
"205SoxeSjeWJ4gKudojCCk","Erlend Bratland","1398420","Erlend Bratland","name","2026-10-05",,
"0ezi7SWTIobbpylx0aI68K","Erlend Gunstveit","119019112","Erlend Gunstveit","name","2026-10-05",,
"0RH6EMxqfzCEB7QCSKQ4xr","Ernie Sabella","143605","Ernie Sabella","name","2026-10-05",,
"3Ocq7AQpHnOUNfZP8hBndh","Eroma","5258696","Eroma","name","2026-10-05",,
"61J0BktHv7PuP3tjTPYXSX","Eros Ramazzotti","412286152","Eros Ramazzotti","name","2026-10-05",,
"4KvgJF4TQQ3T4ZRBbdLoDg","Esabalu","96662202","Esabalu","name","2026-10-05",,
"4ZfZ9troLXZsAVxcvXKXnV","Esmée Denters","78702","Esmée Denters","name","2026-10-05",,
"1N5566ZYn9C7qtdIlEeHM8","Espen Lind","8295","Espen Lind","name","2026-10-05",,
"0v2Y5jwtcv8LiWNTRls1KM","Ester Dean","294642","Ester Dean","name","2026-10-05",,
"5fywYLnKJi950Y5yMqavxm","Etham","11943721","Etham","name","2026-10-05",,
"5iNiEMqAmikr9NHQlaujGg","Ethan Beckton","229121835","Ethan Beckton","name","2026-10-05",,
"2MJuujOU75c34aWr7TZsGD","Ethan Hodges","51495102","Ethan Hodges","name","2026-10-05",,
"2jRHG4fGEw6zZ2thoMmdtQ","Ethan Rivers","71559832","Ethan Rivers","name","2026-10-05",,
"0avMDS4HyoCEP6RqZJWpY2","Ethel Cain","70590892","Ethel Cain","name","2026-10-05",,
"2mZuac8T6ZRyicR8stwT1X","Ether Weaver","68368672","Ether Weaver","name","2026-10-05",,
"2nmdiPxcKGVdpjvt4ZkFFg","Etta Marie","162574077","Etta Marie","name","2026-10-05",,
"3ZW3NzHzLniYblaJ4s5eem","Euan Allison","12541856","Euan Allison","name","2026-10-05",,
"2d6W4cnC5XsVOaxtgaj9hA","Eva Simons","274673","Eva Simons","name","2026-10-05",,
"5xKxdqrAuZqQje9seCf8F4","Eva Sola","7804854","Eva Sola","name","2026-10-05",,
"3u2Sz4K3PFfalhDU0vSHT3","Eva Weel Skram","4534531","Eva Weel Skram","name","2026-10-05",,
"4DzCyrK6CQ8iF4DwLNmXUG","Evan Savage","4726470","Evan Savage","name","2026-10-05",,
"6kU38KiIBwTXUbMbQqBnKi","Evaride","12981703","Evaride","name","2026-10-05",,
"7oHfOP7lZcqPixRP0xyj9T","Even Andernach Sævik","253393762","Even Andernach Sævik","name","2026-10-05",,
"1M4BM0anAkRPipoQEezgwF","Everly","1167881","Everly","name","2026-10-05",,
"3x9nHuhEIv8DT7PYbyO4EE","Everly Fair","159847442","Everly Fair","name","2026-10-05",,
"0JYlkNmu76Wu1DgvWNWq7X","Everything Is Recorded","12434438","Everything Is Recorded","name","2026-10-05",,
"2ReivzVeWl6GawKNyVTLmK","Evie Irie","68160562","Evie Irie","name","2026-10-05",,
"7G7JWOsGhDMily2HtfzcIZ","Evvie McKinney","9692346","Evvie Mckinney","name","2026-10-05",,
"3nj3MfJCFFoKiRkAOW1R8c","Evynne Hollens","4842751","Evynne Hollens","name","2026-10-05",,
"0sYD7tLwt7uBajEg4adh6u","Ewan Mainwood","14211473","Ewan Mainwood","name","2026-10-05",,
"0TXduFzYcZs1U3St8HDoOg","Expanders","10567133","Expanders","name","2026-10-05",,
"7uPwnFzG0ZdJPoOkfi4lVS","Eze Onyeka promise","335550551","Eze Onyeka promise","name","2026-10-05",,
"1BM9iiJaq21vJlIwXsacEz","Ezra Jordan","12085836","Ezra Jordan","name","2026-10-05",,
"2r3HmBK84dHpMW5WFNdWNP","Ezu","5261849","Ezu","name","2026-10-05",,
"3SziwNj6JCnqd2ajUdXlIT","Faber Drive","15379","Faber Drive","name","2026-10-05",,
"3vHRRJVpm8hBgeYoRMxWWG","Faceless Strangers","9952170","Faceless Strangers","name","2026-10-05",,
"3gQzMl6m3bnUN81bAsPue1","Fairground Saints","7727474","Fairground Saints","name","2026-10-05",,
"08pZAmVeYGAWVsMfB2dE0Q","Faith and Freedom","141829362","Faith and Freedom","name","2026-10-05",,
"25NQNriVT2YbSW80ILRWJa","Faith Hill","1459","Faith Hill","name","2026-10-05",,
"7uyCbr8t8wRzRgPoADaHvl","Faith Kakembo","67425072","Faith Kakembo","name","2026-10-05",,
"3EFpIlrlc0rNmqLF1ICSS6","Faith Sosene","169197197","Faith Sosene","name","2026-10-05",,
"2i1LYpbnx1hufCpKra6kzA","Fall In Luv","133375492","Fall In Luv","name","2026-10-05",,
"4UXqAaa6dQYAk18Lv7PEgX","Fall Out Boy","404","Fall Out Boy","name","2026-10-05",,
"1klmpKnfBdJkVqr94BnuOF","Fancy Hagood","5793330","Fancy Hagood","name","2026-10-05",,
"7lu3ibFfJWrm1X1eLLRz2P","Fay Wildhagen","5897706","Fay Wildhagen","name","2026-10-05",,
"0mzTssRDPIQVH5wSNzOdFZ","Fefe Dobson","5248","Fefe Dobson","name","2026-10-05",,
"2LQuNrg0CPQj6R9DJc2vXB","Felix Hagan & the Family","5196309","Felix Hagan & the Family","name","2026-10-05",,
"5URSAuUaR3cWEseQPt5XGC","Felix Rygg","8635030","Felix Rygg","name","2026-10-05",,
"7iPH2BRBF9wKa6ljxvdext","Fenne Lily","10246628","Fenne Lily","name","2026-10-05",,
"6zLpTEeO256aVCCbrg6RpX","Ferester","184873697","Ferester","name","2026-10-05",,
"3PrjxwAe7Zn1cKf76CRRWt","Ferris Pier","15139973","Ferris Pier","name","2026-10-05",,
"1e7K8jD3wRuQfnwDAOeGqe","Fiji Blue","52817112","Fiji Blue","name","2026-10-05",,
"20wjOoWqtyCUNhI1LnC0Rt","Filadelfiakirken","9151116","Filadelfiakirken","name","2026-10-05",,
"1bOdLrsbjrSDXbbeTB30X5","Filip Nordin","9874712","Filip Nordin","name","2026-10-05",,
"4gn6bRc2hLI7cdkP2lDFdk","Filip Rudan","13070435","Filip Rudan","name","2026-10-05",,
"2IjiuEObrCKyZvSb8xLxG9","filous","117034172","Filous","name","2026-10-05",,
"1oDUPFTxn5JyS8MxUe9ko4","Fin Argus","109400162","Fin Argus","name","2026-10-05",,
"5zJGoKLJSig4xn6UdRXnu2","Finn HP","132423662","Finn HP","name","2026-10-05",,
"4tYdlTSEEhQp3jEYcdDpOj","Finn Pearce","11671345","Finn Pearce","name","2026-10-05",,
"61XyQHQKfzbzgTmtbiVOR3","firekid","7675170","firekid","name","2026-10-05",,
"21egYD1eInY6bGFcniCRT1","First Aid Kit","167324","First Aid Kit","name","2026-10-05",,
"2ZoXzajy6Mqc8AVXhACNtG","First Time Flyers","193924217","First Time Flyers","name","2026-10-05",,
"3Cpk1xlScqbYhmv5EqoI4Y","First to Eleven","10236666","First to Eleven","name","2026-10-05",,
"4AcHt3JxKy59IX7JNNlZn4","Fitz and The Tantrums","1213181","Fitz and The Tantrums","name","2026-10-05",,
"4SfGzWmeoNPKIOmiyc7Pav","Flatland Cavalry","7954262","Flatland Cavalry","name","2026-10-05",,
"6Rkt6oB8fvmEt7yjp7WNkD","Flatland Sugar","288783721","Flatland Sugar","name","2026-10-05",,
"08GQAI4eElDnROBrJRGE0X","Fleetwood Mac","169","Fleetwood Mac","name","2026-10-05",,
"647D92XNDYTUt5A0idePJ4","Fleurie","5212464","Fleurie","name","2026-10-05",,
"1MLvMEKVQSIN54GeEHBIXW","Fly Away Hero","5257949","Fly Away Hero","name","2026-10-05",,
"4rQTEdG6hDVOlDUFKs9EjZ","Fly By Midnight","9003548","Fly by Midnight","name","2026-10-05",,
"6FQqZYVfTNQ1pCqfkwVFEa","Foals","13372","Foals","name","2026-10-05",,
"4R9AbDadJ6Y9lapDEwaGcb","Folks Like Them","90410542","Folks Like Them","name","2026-10-05",,
"333TthZsHl90l3kyAOyUZr","Football Poet","258473992","Football Poet","name","2026-10-05",,
"3sDbKMebVH2VYcRSl7u1VC","for KING & COUNTRY","1412045","for King & Country","name","2026-10-05",,
"0mtoQdfz98LA9tS7ju33uR","Foreign Figures","6474203","Foreign Figures","name","2026-10-05",,
"0W1c3yyZNy1KtX7SRF3VNe","Forgét Mej","76473262","Forgét mej","name","2026-10-05",,
"4Rdk2ceg24bhG52VuMcZ7Y","Fort Atlantic","1610054","Fort Atlantic","name","2026-10-05",,
"7dWYWUbO68rXJOcyA7SpJk","Fort Minor","72","Fort Minor","name","2026-10-05",,
"7gP3bB2nilZXLfPHJhMdvc","Foster The People","417037","Foster the People","name","2026-10-05",,
"0XAzqhdQM4Oa2uzORPlqCt","Fox Blanco","12657137","Fox Blanco","name","2026-10-05",,
"6N39xefFGBSdGsLqu8hi2O","Foxworth Hall","7888698","Foxworth Hall","name","2026-10-05",,
"29ywwKkxfoH7iWwNY1UezA","Francesca Battistelli","76542","Francesca Battistelli","name","2026-10-05",,
"5lzqFxifzjxYHGJxuwQqtR","Francesco Gabbani","537228","Francesco Gabbani","name","2026-10-05",,
"2ICBdsgeKJwqgRZv2yU5s6","Francis Karel","7310628","Francis Karel","name","2026-10-05",,
"34vKz2ZsiJJiB2W1YMHtCG","Francis Moon","7932904","Francis Moon","name","2026-10-05",,
"0eDNDJ6p75kQRD2dYx6qL5","Francis Skyes","91788562","Francis Skyes","name","2026-10-05",,
"1L0Ma0IvvAlshDIUBxoOGE","Francisco Martin","4770930","Francisco Martin","name","2026-10-05",,
"3GsEM7KApCMtRdlUrj1V41","Franja Du Plessis","10596551","Franja du Plessis","name","2026-10-05",,
"7Dgb2lOrie0vyov3oeP4H0","Frank Moody","60225362","Frank Moody","name","2026-10-05",,
"2mi85r8cO069Z0pywmdxlG","Frankie Moreno","1163561","Frankie Moreno","name","2026-10-05",,
"4fxcjHw2RUb4fBwuqHufT1","Franni Cash","5211589","Franni Cash","name","2026-10-05",,
"0JEE2NPFB55K188YkB838O","Fred Well","13131569","Fred Well","name","2026-10-05",,
"2HAShHcL0dMLf1iNzmxTi3","Freddy Kalas","7896732","Freddy Kalas","name","2026-10-05",,
"1QiW0upueztxr8uqj8FiH8","Frederick Hibbert","1381284","Frederick Hibbert","name","2026-10-05",,
"3Kspff8tblGOmHnAOpMrLj","Frederik Leopold","12543464","Frederik Leopold","name","2026-10-05",,
"3KaUZUlg3G4UbjwbbX6c96","Fredos","225232055","Fredos","name","2026-10-05",,
"18oH8U6Sh9Ob3sT2SFTttE","Fredrik Eriksson","4667165","Fredrik Eriksson","name","2026-10-05",,
"4xzQ6xyZ8c4Y5S27k7CumI","Fredrik Lestrange","12374352","Fredrik Lestrange","name","2026-10-05",,
"2kX9CiUl1AAvmXGU3lFHDZ","Freight Train Foxes","61878142","Freight Train Foxes","name","2026-10-05",,
"7xEFii6utZmQ61kX59HmLH","FRENSHIP","5145267","FRENSHIP","name","2026-10-05",,
"7AcV1lk8Zrgo1691PDWEle","Freshlyground","69586","Freshlyground","name","2026-10-05",,
"5pDjmC5mRl7vDJhsjVwNfk","Freya Ridings","12290606","Freya Ridings","name","2026-10-05",,
"1ZRgSgUcrIJQOzhiDNrUVL","Frida Green","11572695","Frida Green","name","2026-10-05",,
"29QsRvznF9E1oeAZFrhTfq","Frida Öhrn","4103553","Frida Öhrn","name","2026-10-05",,
"5RKwjLcULXYBBQLZg5yEXw","Frida Wallin","14866423","Frida Wallin","name","2026-10-05",,
"4ysa9WmL4Ac8X8lv6Ud7tC","Frigga","49522922","Frigga","name","2026-10-05",,
"6RjsbK9T7d1UQD1PFEYYGt","FRÖKEN SNUSK","133678032","FRÖKEN SNUSK","name","2026-10-05",,
"374sWpAJsbZckf98df2jJJ","Fuse ODG","3038541","Fuse ODG","name","2026-10-05",,
"2gg6bYmZMZbhGfLBvqnhaP","Future Duper","11818591","Future Duper","name","2026-10-05",,
"5A2AsabIONr5sHcWDqS6c7","Future Sunsets","6800421","Future Sunsets","name","2026-10-05",,
"2uPOPvHgIA5aj59xqoWU2p","Fuzzy Butt Bassel","322108731","Fuzzy Butt Bassel","name","2026-10-05",,
"59kVbySuMDLUqnC8wVydEx","G-Nat!on","77053532","G-Nat!on","name","2026-10-05",,
"6Iz3eq2aQGFf7TbGT2iahL","Gabby Barrett","4554677","Gabby Barrett","name","2026-10-05",,
"1EwStlJbpwWP3NBYmNzRPP","Gabe Dixon","1352318","Gabe Dixon","name","2026-10-05",,
"0BBZxotcIVnEEPhjA4iSiu","Gabriel Benedek","7041665","Gabriel Benedek","name","2026-10-05",,
"33dnQjRlbxp0FzvlNpy50B","Gabriel Mann","401415","Gabriel Mann","name","2026-10-05",,
"4z0EquFxDCtiHuPGiWDCq1","Gabriela Bee","14024225","Gabriela Bee","name","2026-10-05",,
"2kV5djb8kMBaZvlsVPzntx","Gabrielle Ross","5349526","Gabrielle Ross","name","2026-10-05",,
"5I6gYlqzrhxysKx4Ma7L5A","GAIA COLLECTIVE","345891501","GAIA COLLECTIVE","name","2026-10-05",,
"12Uwfe7ij2JLCJLPbScKUR","GAITS","49836962","GAITS","name","2026-10-05",,
"37EUUUGKMLP6KSKrN9q39m","GAI周延","58010312","GAI周延","name","2026-10-05",,
"4mXOrMPAOxaPL9v8AGhcYA","Gamma Skies","60663652","Gamma Skies","name","2026-10-05",,
"3O6DpqAKwn7L1KS9s9x0w5","GAMMAL","57669042","GAMMAL","name","2026-10-05",,
"3J28FLi8jjXtUGWf69cP7I","Gardiner Sisters","6692917","Gardiner Sisters","name","2026-10-05",,
"6JWQutWHIGPCopYuEe1sDP","Garen Gueyikian","10889262","Garen Gueyikian","name","2026-10-05",,
"0r0HGFrFjLgQZch834rCSq","Gareth","1035228","Gareth","name","2026-10-05",,
"2ao8butTKUY9A4Hy9g1qus","Gareth Bush","6212472","Gareth Bush","name","2026-10-05",,
"20wLNsNYfXIbH8QPdqS4dz","Gareth Dunlop","4102123","Gareth Dunlop","name","2026-10-05",,
"6R57JlNKlnNrYaji0vw8xx","Gareth.T","13843689","Gareth.T","name","2026-10-05",,
"3MgJmPTPtbAPvxiFQHxEGi","Garnic","286159501","Garnic","name","2026-10-05",,
"4S3VOqqGguEZu3vbJMig4t","Garrett Kato","603471","Garrett Kato","name","2026-10-05",,
"1l9EtXzykoDuCp1nW9EL6g","Garrison Starr","102690","Garrison Starr","name","2026-10-05",,
"3ZcbVcd3fsf9qKK02UVzGB","Gary Barlow","13893","Gary Barlow","name","2026-10-05",,
"6beTArFVpUujvkHi9FVPqs","Gary Go","188288","Gary Go","name","2026-10-05",,
"6daR4Ec3o6K4VJnRcPM6w6","Gary LeVox","4499099","Gary LeVox","name","2026-10-05",,
"3fCQnw6VSudXBTN5d2QP2z","Gary Lightbody","198661","Gary Lightbody","name","2026-10-05",,
"5keCYPArJwg1eu4rdMKFL8","Gary Trainor","5547939","Gary Trainor","name","2026-10-05",,
"03YSt5Q4dXtwqB4P5m8ca0","Gatsby","1161400","Gatsby","name","2026-10-05",,
"1l0TemHJ4m9K2hhuZC9fYI","Gaudion","62817272","Gaudion","name","2026-10-05",,
"5MZxzpsn1zTTkiYwQ9Qz9b","Gaustad","252686762","Gaustad","name","2026-10-05",,
"3G9sihtaNxkYD1zddHXRYS","Gaute Ormåsen","343400","Gaute Ormåsen","name","2026-10-05",,
"23S1R2OHVfikhtHl8sXbGt","Gavin Edwards","1636866","Gavin Edwards","name","2026-10-05",,
"5pOYIshq4ZLnVBEuw8sF6f","Gavin Haley","11403622","Gavin Haley","name","2026-10-05",,
"25tMQOrIU4LlUo6Sv8v5SE","Gavin James","2668241","Gavin James","name","2026-10-05",,
"364ovD0MRp9ezaNTkRoLeA","Gavin Mikhail","2137661","Gavin Mikhail","name","2026-10-05",,
"6lBam1B1t8wpnH7pJHWnj6","Gavin Rossdale","74389","Gavin Rossdale","name","2026-10-05",,
"10wiqOOU6bWDY4TavxRO42","Geena Fontanella","6829333","Geena Fontanella","name","2026-10-05",,
"5JoPrfnyuMAeZOV0FvHV1l","Geir Zahl","4629843","Geir Zahl","name","2026-10-05",,
"6PmtaNKvb9C9iM6CFGJ48H","Geirr Lystrup","1692044","Geirr Lystrup","name","2026-10-05",,
"5Jx60tG2VWnk1g3aDHDGs6","Gene Moore","1454086","Gene Moore","name","2026-10-05",,
"4jGPdu95icCKVF31CcFKbS","Gentle Bones","6219168","Gentle Bones","name","2026-10-05",,
"4sk2zZdhVRMhb1BEtcxUKf","GENTRI","9759746","Gentri","name","2026-10-05",,
"4OU61rumTw5SE0j6mSbxI9","Georg Holm","4486123","Georg Holm","name","2026-10-05",,
"0xEEyWkfWimIiPbH9NcoGu","George Blagden","58526182","George Blagden","name","2026-10-05",,
"5wGox9x2iVERIeTJIQnFeL","George Canyon","154728","George Canyon","name","2026-10-05",,
"5EpiKDHsoQW5wtlnJYlVQQ","George MacKay","5251903","George MacKay","name","2026-10-05",,
"19ra5tSw0tWufvUp8GotLo","George Michael","110626422","George Michael","name","2026-10-05",,
"05GVokC63cKCaNegdJDj1n","George Redwood","15224499","George Redwood","name","2026-10-05",,
"4YFPdcSj8nsUPe5qsyKYJG","George Shelley","8089327","George Shelley","name","2026-10-05",,
"5vngPClqofybhPERIqQMYd","George Strait","5235","George Strait","name","2026-10-05",,
"5mYakBbBzPMQTfkVMIgiDM","Georgia Ku","7907380","Georgia Ku","name","2026-10-05",,
"0SBVbPO2gePQlaDiIfaKDl","Georgia Webster","67420472","Georgia Webster","name","2026-10-05",,
"3hteYQFiMFbJY7wS0xDymP","Gesaffelstein","210977","Gesaffelstein","name","2026-10-05",,
"3egWSWp7Y4FyCKIyvXbw7L","Ghali","11415208","Ghali","name","2026-10-05",,
"6cI0pneVeXYy9ppmY1LWrE","Ghastly HYMN","348317591","Ghastly HYMN","name","2026-10-05",,
"188B4LuV4FYNT2189mbNG0","Giant Ember","62968032","Giant Ember","name","2026-10-05",,
"2kZbmVy6SYzniA8T0r0zFf","Gil Ofarim","150426","Gil Ofarim","name","2026-10-05",,
"76L0Tfa45gQ9PIM4YXwlvK","Gilberdal","65438872","Gilberdal","name","2026-10-05",,
"2qIRCEFFjQDhlDqMA4CfiR","Giles Palmer","4998746","Giles Palmer","name","2026-10-05",,
"7D4AGMJUNe7PMygnuWrAO0","Ginger Jamie","85232252","Ginger Jamie","name","2026-10-05",,
"1YTaNEf5juixP1n71yQcLr","GIO DARA","85959092","GIO DARA","name","2026-10-05",,
"1Fxaxgdvtwu08ZSsW3Sd5e","Giorgia Borg","97576852","Giorgia Borg","name","2026-10-05",,
"25kFdVpw2IAddoCoBvGFOr","Girl Named Tom","76352032","Girl Named Tom","name","2026-10-05",,
"6h8qzy6C3gftCO4YLkwyDC","Giulio Greco","185509447","Giulio Greco","name","2026-10-05",,
"2UFKXTZgKtOTHSqMSyAcLO","Glasperlenspiel","1410720","Glasperlenspiel","name","2026-10-05",,
"4yvcSjfu4PC0CYQyLy4wSq","Glass Animals","2489131","Glass Animals","name","2026-10-05",,
"59hLmB5DrdihCYtNeFeW1U","Glen Campbell","190314","Glen Campbell","name","2026-10-05",,
"3Caot8EtHX6wLpNF2wRzS0","Glen Hansard","17202","Glen Hansard","name","2026-10-05",,
"1dckPbzTj3dmmZL5OO8feu","Glenn & Ronan","11262680","Glenn & Ronan","name","2026-10-05",,
"06sCkRIKl9k19BXvuc7byy","GLTR","48984911","GLTR","name","2026-10-05",,
"5SbkVQYYzlw1kte75QIabH","Gnarls Barkley","3467","Gnarls Barkley","name","2026-10-05",,
"3iri9nBFs9e4wN7PLIetAw","gnash","8589576","Gnash","name","2026-10-05",,
"6O7D1lQ7wlhy0s7QYh620s","Gold Brother","12543778","Gold Brother","name","2026-10-05",,
"5XOZGfeMFqgizyqfaUt4t1","Golddiggers","86186","Golddiggers","name","2026-10-05",,
"4I2QW85rkIhCRRZt1kuBqS","GoldFord","4861553","GoldFord","name","2026-10-05",,
"2hFf287lWBbUhIVI0iTRl6","Gone in the Sun","7629190","Gone in the Sun","name","2026-10-05",,
"52N3KGrTWDRhdQJrgBTofE","Good Neighbours","250680782","Good Neighbours","name","2026-10-05",,
"7hu7hjmIPOtU1S3D8zfBlw","Good Scott","152550202","Good Scott","name","2026-10-05",,
"5TqQ8UxZJcurn4NFyWdDzk","Goodbye Pants","8153652","Goodbye Pants","name","2026-10-05",,
"1iH2Yx2Ea0kZ0zKI3Nlk30","Goody Grace","7879724","Goody Grace","name","2026-10-05",,
"5ybKqZVyGLP9aT0SUrdEoU","Gøran Stavang Skage","14589335","Gøran Stavang Skage","name","2026-10-05",,
"3AA28KZvwAUcZuOKwyblJQ","Gorillaz","14","Gorillaz","name","2026-10-05",,
"7M2WxgiFnny6dXlKriYyqA","Grable Howie","116238862","Grable Howie","name","2026-10-05",,
"2LuHL7im4aCEmfOlD4rxBC","Grace Carter","11389658","Grace Carter","name","2026-10-05",,
"3pFPBG84k5bQVbL9apf2PD","Grace Grundy","8821490","Grace Grundy","name","2026-10-05",,
"6PgIs6bIhbqNgSxRC8b3X0","Grace Harmony Music","275416591","Grace Harmony Music","name","2026-10-05",,
"2zaXxMpZKyNK075LXZ3wDG","Grace Leer","160282272","Grace Leer","name","2026-10-05",,
"23OknxGcY1i5xX1TRPilMj","Grace Potter & The Nocturnals","576043","Grace Potter & The Nocturnals","name","2026-10-05",,
"3YdT8QvV4QvY4DfVJhxdcZ","Grace VanderWaal","11388952","Grace VanderWaal","name","2026-10-05",,
"4tuJ0bMpJh08umKkEXKUI5","Gracie Abrams","64874492","Gracie Abrams","name","2026-10-05",,
"24GbtL2XINFQxX2NxiTWSO","Gracie Carol","14502649","Gracie Carol","name","2026-10-05",,
"3TOUW1MYPgYX13UXBm552d","Gracie Schram","6208188","Gracie Schram","name","2026-10-05",,
"0HrPQnmONGcpGT261wy5R0","Grady Frazier","8662602","Grady Frazier","name","2026-10-05",,
"4AsphLbcOnwYcDzykUxtbr","Graffiti Royale","10230096","Graffiti Royale","name","2026-10-05",,
"3bCmhyXqTr9ZNGlHNYNTFA","Graham Colton","78307","Graham Colton","name","2026-10-05",,
"6QeZTS8BrU3r2TYJdA68j9","Grandmaster Caz","371145","Grandmaster Caz","name","2026-10-05",,
"0AWhixY9hX7LEPyPMjh4O0","Grandmaster Melle Mel","261810","Grandmaster Melle Mel","name","2026-10-05",,
"63juSKfpmqNHD7auhki1Hh","Gray Robinson","5758995","Gray Robinson","name","2026-10-05",,
"0ZqF46gvYuIgK5S5LjsUjk","Grayson Reed","10880884","Grayson Reed","name","2026-10-05",,
"3boeztjqDsLq6HwhJ8ppNb","grayybird","264612152","grayybird","name","2026-10-05",,
"5PMyfGJxTdk91f1MxHw7Uv","Great Peacock","4393327","Great Peacock","name","2026-10-05",,
"13NMzn27VInG00ibGr91Z4","Greczula","293293431","Greczula","name","2026-10-05",,
"3sqggE8rqIXZjB68hPbhen","Greek Fire","411603","Greek Fire","name","2026-10-05",,
"7oPftvlwr6VrsViSDV7fJY","Green Day","52","Green Day","name","2026-10-05",,
"2O0YGVBPONB6lPJYxb0q3w","Greg Edmonson","9529","Greg Edmonson","name","2026-10-05",,
"7Bcr2Bs6phLymt6kdqNNez","Greg Holden","471748","Greg Holden","name","2026-10-05",,
"2Mf99N2VcDEcVuocyBLhyC","Greg Laswell","170212","Greg Laswell","name","2026-10-05",,
"2sEKfBxQGL428O3RMhol13","Gregg Alexander","3489901","Gregg Alexander","name","2026-10-05",,
"6sb5RJUd9Nk2KOm4JKRk3N","Gregor Coleman","13591431","Gregor Coleman","name","2026-10-05",,
"2Jphi8NzWnXSePDSLqJ6V5","GREYLEE","113677992","GREYLEE","name","2026-10-05",,
"4PQOjPIb4of8eUH4Y3vXpp","Greylyn","84410342","Greylyn","name","2026-10-05",,
"0Qnx1MPnHYt3jJCYrRFVwX","Greyson Chance","980642","Greyson Chance","name","2026-10-05",,
"5ziQ5Xt7CSrcnatEC4Ufy6","Griffin Oskar","11865993","Griffin Oskar","name","2026-10-05",,
"5pWHgikuHJmVPVSu7JXlKx","Griffin Peterson","5715083","Griffin Peterson","name","2026-10-05",,
"6Xa4nbrSTfbioA4lLShbjh","Grizfolk","5085325","Grizfolk","name","2026-10-05",,
"7gGjxniWt0ovSoAY7440o1","Group Project","13544407","Group Project","name","2026-10-05",,
"2ZRQcIgzPCVaT9XKhXZIzh","Gryffin","248742112","Gryffin","name","2026-10-05",,
"09paCq4whCWRtFYgMXHriJ","Guesthouse","12778319","Guesthouse","name","2026-10-05",,
"2YqJkGZNxpw9pDH5rWb0O6","Gugu Zulu","5095631","Gugu Zulu","name","2026-10-05",,
"3qm84nBOXUEQ2vnTfUTTFC","Guns N' Roses","663","Guns N' Roses","name","2026-10-05",,
"15QTc3ayMvGd8oCST7SOL6","Gus Polden","143645682","Gus Polden","name","2026-10-05",,
"4i7IALOVsIzXUZbkb3IjUi","Gustavo Trebien","5312692","Gustavo Trebien","name","2026-10-05",,
"4yiQZ8tQPux8cPriYMWUFP","Gwen Stefani","16","Gwen Stefani","name","2026-10-05",,
"0FINyNBXqnTlRC4dvpSeSb","Gyllene Tider","13048","Gyllene Tider","name","2026-10-05",,
"7k4sgA87hj5BMiTrvdvmk1","Hadley Hanson","64514122","Hadley Hanson","name","2026-10-05",,
"3H7Ez7cwaYw4L3ELy4v3Lc","Håkan Hellström","244061","Håkan Hellström","name","2026-10-05",,
"5ko56X4u667qvCekZkcWHF","Haley & Michaels","5795654","Haley & Michaels","name","2026-10-05",,
"4pZOG8ump4odtJJA4Cy7S8","Haley Joelle","10622701","Haley Joelle","name","2026-10-05",,
"71q9UXgQxHbDBZxx6gX1cO","Haley Klinkhammer","7067275","Haley Klinkhammer","name","2026-10-05",,
"2NDqx1z4TTkFr0QOnk8nX3","Haley Mae Campbell","7463378","Haley Mae Campbell","name","2026-10-05",,
"26GKAYYuyr424SdSkr8xlQ","Halloran & Kate","9702970","Halloran & Kate","name","2026-10-05",,
"05XcYmdt6oIP0URKWYnyWk","Halva Priset","108208712","Halva Priset","name","2026-10-05",,
"4si4vypZaD6Vk7TiHkEXeY","Halvdan Sivertsen","244075","Halvdan Sivertsen","name","2026-10-05",,
"3h0w83PsjASrm5999trG4n","Hamilton Leithauser + Rostam","10706327","Hamilton Leithauser + Rostam","name","2026-10-05",,
"0iq2gAVITbmXak4aIiNre3","Handsome and Gretyl","2156621","Handsome and Gretyl","name","2026-10-05",,
"4yje2hy2eD9jjfmX4jDL9X","Hanna Ashbrook","10914232","Hanna Ashbrook","name","2026-10-05",,
"2xQUbkvQFCU8DpdBFbMfLq","Hanna Ferm","5277327","Hanna Ferm","name","2026-10-05",,
"6GIY6X7ZWwBWXxzbLQpz3d","Hanna Holter","110798422","Hanna Holter","name","2026-10-05",,
"6jHWWttC33OQdEDnUXtYrq","Hannah Ellis","5785232","Hannah Ellis","name","2026-10-05",,
"5oNWzcU0mYK1zDUxBGHIaG","Hannah Mae","6380560","Hannah Mae","name","2026-10-05",,
"5qjoqCIq0m7miq19yTzJ47","Hannah Pisani","9311426","Hannah Pisani","name","2026-10-05",,
"2xDZ8qyyE2Ti4wL1Ob1T7V","Hanne Mjøen","10873748","Hanne Mjøen","name","2026-10-05",,
"6LpWW2eQCLzIIJEVys9Xg5","Hansen Tomas","448552","Hansen Tomas","name","2026-10-05",,
"0UYyS6FwvxLy8dw1W9SB6T","HARBRS","155003582","HARBRS","name","2026-10-05",,
"7Cf73Z3RZQTH4V69GSDxnv","Harold Faltermeyer","8631","Harold Faltermeyer","name","2026-10-05",,
"4dzmMuL91FOToLfF2CgG1E","Harrison Boe","136514002","Harrison Boe","name","2026-10-05",,
"5Ld19xtpAR80G2boTcHaVx","Harrison Storm","7720200","Harrison Storm","name","2026-10-05",,
"3btNpz9NEJ8ml352B8S7Qr","Harry Hudson","173350027","Harry Hudson","name","2026-10-05",,
"35E0TVL2PsphlXkVgUzyxc","Harry Marshall","4395115","Harry Marshall","name","2026-10-05",,
"67M74NS1Uei2XUuxw5cNUD","HARTZON","5349556","Hartzon","name","2026-10-05",,
"00N8r7AVD33mg244c04odY","Harukhel","323965711","Harukhel","name","2026-10-05",,
"5cJJhCLdM4w4Fvby3TELhq","Håvard Gryting","4052368","Håvard Gryting","name","2026-10-05",,
"42kxHIYLflWcEAGkeKNHSp","Havelin","10910392","Havelin","name","2026-10-05",,
"4bkKamJB5V4yN1llhAv6RZ","Haven Madison","96570812","Haven Madison","name","2026-10-05",,
"4hj6ZZxaiKvG5GU3PYf7Gh","Hawk Nelson","5759","Hawk Nelson","name","2026-10-05",,
"19OAtq7pNHnBRKJORFeahx","Hayden Calnin","3266901","Hayden Calnin","name","2026-10-05",,
"0quK92xqylCdVBzhTWLaTb","Hayden Summerall","14100735","Hayden Summerall","name","2026-10-05",,
"3LjhVl7GzYsza1biQjTpaN","Hayley Kiyoko","4506059","Hayley Kiyoko","name","2026-10-05",,
"6Ba7gb6RPgcbbWCQY7N8Dx","Hayley Orrantia","311745","Hayley Orrantia","name","2026-10-05",,
"6Rx1JKzBrSzoKQtmbVmBnM","Hayley Williams","281737","Hayley Williams","name","2026-10-05",,
"1zO3MgzmcwZLLNUQqeU2XH","Hazlett","11350714","Hazlett","name","2026-10-05",,
"3wjsrpfO6odEphTZWx45RQ","Hearts & Colors","7806020","Hearts & Colors","name","2026-10-05",,
"68TOnnspagXYYpJH35qMeU","Heath Lancaster","100631392","Heath Lancaster","name","2026-10-05",,
"2xDc4cU0Rj6YG8SrmAHIy0","Heather Headley","4176","Heather Headley","name","2026-10-05",,
"0MlsoNIUS9y5LyqqSrvHTb","Heather Janssen","4590555","Heather Janssen","name","2026-10-05",,
"6Shas1ACrMl25XHgTrzxeo","Hedley","12900","Hedley","name","2026-10-05",,
"74LbOioJUqae6mkQ9wDiDN","Helene Olafsen","151116372","Helene Olafsen","name","2026-10-05",,
"0PqNs9XCK5D16ihtRMuOoU","Hellbillies","244160","Hellbillies","name","2026-10-05",,
"3cqPXPnl7DjDFBIxS5Qq88","Hendersin","4341735","Hendersin","name","2026-10-05",,
"2OCfkmVQCpJdqe4GfhXpF6","Henning Kvitnes","315364","Henning Kvitnes","name","2026-10-05",,
"5ylyRofre5xOBSFAaxlaTK","henrikz","13637749","henrikz","name","2026-10-05",,
"6GE2tVEbQcfc89uuLPNLoh","Henry Gallagher","11865941","Henry Gallagher","name","2026-10-05",,
"2XdtmipGVPmA62ptDgX8QC","Henry Jamison","10747724","Henry Jamison","name","2026-10-05",,
"7hr9W3IjXcm3UlLY7guLk5","Henry Moodie","175117097","Henry Moodie","name","2026-10-05",,
"1V2jHJ52kMAIxlEPFWIhPE","Henry Thompson","14238707","Henry Thompson","name","2026-10-05",,
"6hPc7dyXAey1c44DfQkPqn","Herb Pedersen","418974","Herb Pedersen","name","2026-10-05",,
"2xu9qA4dq2UK1f0hDCZb2O","Here At Last","124555332","Here At Last","name","2026-10-05",,
"4ffShaM6djxpd5LiJX2MW4","Hermitage Green","5359330","Hermitage Green","name","2026-10-05",,
"38PzLQE4GW8o7A18oGhi0x","hey daisy","289936181","hey daisy","name","2026-10-05",,
"3JUsjiDq2ybY2zHQsMFTkb","High Dive Heart","7774898","High Dive Heart","name","2026-10-05",,
"7ds62gAVGJPWJikRAwAEKB","Hilde Selvikvåg","7130047","Hilde Selvikvåg","name","2026-10-05",,
"0Sk6yoUQnccty5iMhVhz9D","Hillary Scott","460998","Hillary Scott","name","2026-10-05",,
"4WQXjloYdAvQregUNv1XYp","Hills x Hills","53251632","Hills x Hills","name","2026-10-05",,
"74cb3MG0x0BOnYNW1uXYnM","Hillsong UNITED","5223","Hillsong UNITED","name","2026-10-05",,
"1btWGBz4Uu1HozTwb2Lm8A","Hippo Campus","6741719","Hippo Campus","name","2026-10-05",,
"46XcyK8FnyCJJlvYCUwVZH","Hkeem","10451947","Hkeem","name","2026-10-05",,
"5s21IKPvmxRf9WxpO8H5UB","Hogland","4825054","Hogland","name","2026-10-05",,
"0FEzF0eXJ4le1YQFegEfpy","HOGNE MOE","1977471","Hogne Moe","name","2026-10-05",,
"3GDAPdQP9OYzIlhd7HkbJj","Holley Maher","613752","Holley Maher","name","2026-10-05",,
"28KOnhhvUnyvgRNXEQ41WL","Hollis","114014962","Hollis","name","2026-10-05",,
"7IAFAOtc9kTYNTizhLSWM6","Hollow Coves","7492486","Hollow Coves","name","2026-10-05",,
"62gL3RAdJAPUmjrYudnVjy","Holly Brook","13472","Holly Brook","name","2026-10-05",,
"5mfdtMy6vJUShmdyCuJhox","Holly Williams","110796","Holly Williams","name","2026-10-05",,
"2E6Nnh7AAOVajEHHRDALav","Hollyn","7982862","Hollyn","name","2026-10-05",,
"0CEFCo8288kQU7mJi25s6E","Hollywood Undead","17000","Hollywood Undead","name","2026-10-05",,
"3lG9Rp1lxqR1ErWiOz7Bh3","Homeward","12802085","Homeward","name","2026-10-05",,
"2MqhkhX4npxDZ62ObR5ELO","Hoobastank","490","Hoobastank","name","2026-10-05",,
"32rfvsXfn7YDlDhG7Hh7Zd","Hoober","14878093","Hoober","name","2026-10-05",,
"5OpwpuXqWCqP0DCfl851io","hornsae","133483392","hornsae","name","2026-10-05",,
"6jTnHxhb6cDCaCu4rdvsQ0","Hot Chelle Rae","274241","Hot Chelle Rae","name","2026-10-05",,
"3GtCKJA4SkOxN65MWjm82R","Hot Shade","11396632","Hot Shade","name","2026-10-05",,
"1M71iSbPLnbhnTH0Ogawwy","Houses On The Hill","73206402","Houses On The Hill","name","2026-10-05",,
"1bHdDAbF5gbuKGgOa3APda","HØVDING","154524612","HØVDING","name","2026-10-05",,
"0ekbDNE2eOq8QiaXM34wer","Howie Day","5305","Howie Day","name","2026-10-05",,
"28y6CyJNkGNjJQKrlx4AmN","HRVY","12785693","HRVY","name","2026-10-05",,
"26iVzd80yAXJjZlsrshRjQ","Hudson Moore","864555","Hudson Moore","name","2026-10-05",,
"4DX2G1URzfEiRg2wBfv4ub","Hudson Taylor","3634891","Hudson Taylor","name","2026-10-05",,
"5F1aoppMtU3OMiltO8ymJ2","Hugh Jackman","169712","Hugh Jackman","name","2026-10-05",,
"3TXVWdmMBqspIhZliUtaPg","Hugo Andersson","15009617","Hugo Andersson","name","2026-10-05",,
"27eEve8Mu7Zv8DGDIz4peE","Hugo Helmig","12433982","Hugo Helmig","name","2026-10-05",,
"2u6q1sXo1CNVNLFCWqWDGo","Humbear","69340992","Humbear","name","2026-10-05",,
"1v7JUdLBMzqsQLXMQJPLl9","Humble Hey","84404202","Humble Hey","name","2026-10-05",,
"3Ngg6lqDXcemp7gZygS4gs","Hummingbird Hotel","6777873","Hummingbird Hotel","name","2026-10-05",,
"3kK1YsG9XmRn0AFTd2vChf","Hunt Brothers","411244622","Hunt Brothers","name","2026-10-05",,
"13WkWlzyPWxHSfnNQxPsFT","Hunter Brothers","9733584","Hunter Brothers","name","2026-10-05",,
"1Xqfa9sfJ094hHdEVS1C6t","Hunter Hunted","5135657","Hunter Hunted","name","2026-10-05",,
"1nQp0Yk9yxk2PJsXOtMR14","Hunter Metts","115663692","Hunter Metts","name","2026-10-05",,
"6N293iTcspzA47VpaUjXiQ","Hunter Price","15299901","Hunter Price","name","2026-10-05",,
"6cD6zHzod1pg68dRitjQDU","Hva Snakker Du Om?","1400663","Hva Snakker Du Om?","name","2026-10-05",,
"4lEFWJCOBV28nMF30Kqr9p","Hyannis Sound","1235058","Hyannis Sound","name","2026-10-05",,
"1PYFWo7UIJQBW441tashW3","I Am Nova","5456502","I Am Nova","name","2026-10-05",,
"0XJ5RIvhlOL0harjI9jZvX","I AM THEY","2040341","I Am They","name","2026-10-05",,
"5u7GGogcQKtktNi1Fsl2vi","I'm So At One","14432929","I'm So At One","name","2026-10-05",,
"11sxWrzQpcZs47pMYU4FVN","Iain Tucker","85460852","Iain Tucker","name","2026-10-05",,
"6zPrxVhhALtcoGMDcit6ZP","IAMSVEN","15032697","IAMSVEN","name","2026-10-05",,
"3I2MZtUFxIWTtNgeJfGbO5","Ian Biggs","7047197","Ian Biggs","name","2026-10-05",,
"1KW0UQrmnSPlLuWnmUYW29","Ian Logan","61703972","Ian Logan","name","2026-10-05",,
"4cnccBVC82QHFHuOVxzqM1","Ian McConnell","15122661","Ian McConnell","name","2026-10-05",,
"2pzYhY6YU6IaIYIIE8qzkt","Ida Celine","103891542","Ida Celine","name","2026-10-05",,
"4lRgd6mxkse8QHCKfvxzH6","Ida Hallquist","7875822","Ida Hallquist","name","2026-10-05",,
"2Q5xMO7xxS59W7ipdDQMQe","Ida Redig","591643","Ida Redig","name","2026-10-05",,
"6RGIHfTrYarvgEAOTB7itO","Ida-Lova","13381549","Ida-Lova","name","2026-10-05",,
"1ynnIfyleniKLHD9Boq0pf","IINES","86425512","IINES","name","2026-10-05",,
"6LNBNRvlMbL0Zv73aqQKSS","Ike Dweck","202641777","Ike Dweck","name","2026-10-05",,
"64PgkSM1uDD9BJEg0UkMMM","ILINCA","12204556","Ilinca","name","2026-10-05",,
"2ZKzqJz3pPfWKVRgz9b39j","Ilsey","7766290","Ilsey","name","2026-10-05",,
"470WlqN9HSRDGNaMufeHHF","Imaginary Future","5422830","Imaginary Future","name","2026-10-05",,
"53XhwfbYqKCa1cC15pYq2q","Imagine Dragons","416239","Imagine Dragons","name","2026-10-05",,
"7bFuEkk1929rDOdLywT3rn","Imani Williams","9796172","Imani Williams","name","2026-10-05",,
"1KypDFf39lknzoELOJLjal","In Every Generation","331873051","In Every Generation","name","2026-10-05",,
"7hssUdpvtY5oiARaUDgFZ3","Ina Wroldsen","4422129","Ina Wroldsen","name","2026-10-05",,
"7ory6rfLtmQet7a16o4vvC","Influence Music","12863017","Influence Music","name","2026-10-05",,
"2tmt0z174LRgAeAi9MHA9C","Ingebjørg Bratland","2140501","Ingebjørg Bratland","name","2026-10-05",,
"0jPnVIasXzBYjrlpO5irii","Ingrid Andress","8535774","Ingrid Andress","name","2026-10-05",,
"6lg6eOBmScDXCePKoyeiQL","Inland Sky","5357801","Inland Sky","name","2026-10-05",,
"4u5rOZ3ecm8hFzCskgOEw3","Innertier","6904219","Innertier","name","2026-10-05",,
"1vSTdHgIeMc2Cfss2ItR8J","Inspire Beats","76524172","INSPIRE BEATS","name","2026-10-05",,
"5jq01ts8cBQWwVZOpMax6s","Ira Wolf","6757277","Ira Wolf","name","2026-10-05",,
"6WNQZiST6bmusWFp51hV7p","Isaac Butler","14887331","Isaac Butler","name","2026-10-05",,
"4g75VELuqAmS29Xhlu7ZFC","Isaac Levi","12609289","Isaac Levi","name","2026-10-05",,
"2bIxak1AAD8wlDfMLnumUj","Isabela Merced","76706702","Isabela Merced","name","2026-10-05",,
"4Ffrd2faZZlkN2LTyPIPxb","Isabella Kensington","186969777","Isabella Kensington","name","2026-10-05",,
"23R7zK27onCIpdFg8ZiQr6","Isabella Richardson","7046259","Isabella Richardson","name","2026-10-05",,
"3noOJBzljbPMoifF6wY12v","Isak Heim","4516234","Isak Heim","name","2026-10-05",,
"3WJzYE6XsWnnJvkVpP6PhN","Isak Øvrevold","200602687","Isak Øvrevold","name","2026-10-05",,
"3rjHIPFed2qITXAWvArRtp","Iselin","1672044","Iselin","name","2026-10-05",,
"61DLKOR3hcEvTfSWTUKu1h","Iselin Solheim","3941831","Iselin Solheim","name","2026-10-05",,
"4ogvuDRerGhZfSf7TtzHlr","Israel Kamakawiwo'ole","256328","Israel Kamakawiwo'ole","name","2026-10-05",,
"5kly36B42fm7GaSkV5y7zc","It's A Cover Up","1406553","It's A Cover Up","name","2026-10-05",,
"0QNakySWugkMvfwbDoaY9L","ItsAMoney","62017422","ItsAMoney","name","2026-10-05",,
"3D1IyJznpDnWnnFrzjuWnh","Ivan & Alyosha","255071","Ivan & Alyosha","name","2026-10-05",,
"4Ui7ELyyQUEbOXGDN7YdZG","Ivano Turco","115581462","Ivano Turco","name","2026-10-05",,
"4QtjFIgtyBbtj0uIRIJcpj","Ivory Layne","6443154","Ivory Layne","name","2026-10-05",,
"5tKXB9uuebKE34yowVaU3C","Iyaz","324002","Iyaz","name","2026-10-05",,
"5UOLfDoNQJBGlGAKQg9Iwc","J Rice","1139621","J Rice","name","2026-10-05",,
"2JBSUcxL2nw8sJfjXmtUpL","J-Vibe","5795669","J-Vibe","name","2026-10-05",,
"4EixyNiEp6dEMjtXdcyrZh","Jaa9 & Onklp","256075","Jaa9 & OnklP","name","2026-10-05",,
"5WxnXxSCyhDSyi6elhBZd4","Jaap Reesema","890553","Jaap Reesema","name","2026-10-05",,
"1fgrPRvmKUdRM6nwm3skRB","Jack & Tim","56627312","Jack & Tim","name","2026-10-05",,
"2U5RgZDZdAR13tX6yivvRy","Jack and White","1929341","Jack and White","name","2026-10-05",,
"4VeyhwBUfsaWMkQ2Ld8QNl","Jack Botts","52788532","Jack Botts","name","2026-10-05",,
"1Unwe9Xco0JDlTTwpDVrcK","Jack Curley","61734552","Jack Curley","name","2026-10-05",,
"0AikfZHjypmTXKZnPUq5ER","Jack Hawitt","7818358","Jack Hawitt","name","2026-10-05",,
"5cjDYRu0KZtgjOeACiFGcp","Jack Hughes","6435776","Jack Hughes","name","2026-10-05",,
"7C2MDkuxHyPmvD24eceYfo","JACK WARREN","1147023","Jack Warren","name","2026-10-05",,
"5n4GpmlM9nTuOiMWpQhHKo","Jackson Guthy","4254287","Jackson Guthy","name","2026-10-05",,
"0RIQOtjWn0zYKSKfDYgukS","Jackson Penn","13434551","Jackson Penn","name","2026-10-05",,
"5MKHjGZGjZ7mZV0JPs9iot","Jaclyn Davies","9526464","Jaclyn Davies","name","2026-10-05",,
"2mV9y2ChZl1J7GIVyziR4K","Jaclyn Glenn","9733602","Jaclyn Glenn","name","2026-10-05",,
"0yXCyc8MNNuv0YCWpxeg0a","Jacob Dinesen","7428808","Jacob Dinesen","name","2026-10-05",,
"7hB65hRNlmRpuzE5PBfeNx","Jacob Fox","13194341","Jacob Fox","name","2026-10-05",,
"4xPR9p75zzDlisJvvhEYl2","Jacob Lee","1129532","Jacob Lee","name","2026-10-05",,
"4mjIZ1lfDoQsRv2wJT6Ojr","Jacob Scesney","10090732","Jacob Scesney","name","2026-10-05",,
"4aWEpZwvlSTBDRtyNM3eUX","Jacquelyn George","144161822","Jacquelyn George","name","2026-10-05",,
"0SuQEAJ7EMAipBdrAYO4XS","Jacquie","105208392","jacquie","name","2026-10-05",,
"4k51JgB5G0e33QYVpbcPuf","Jada Facer","4091990","Jada Facer","name","2026-10-05",,
"3JVJjyVpj3y3BAQzGV9dTm","Jada Facer","4091990","Jada Facer","name","2026-10-05",,
"7D8LuVnlyu91ndcPe70j7S","Jade Bird","11244366","Jade Bird","name","2026-10-05",,
"4OO9rHrUk3UpyS0TVE6IgG","Jade Pettyjohn","14506651","Jade Pettyjohn","name","2026-10-05",,
"4LIG4IMVuzGJjAhMxXtll1","Jadon Lavik","244437","Jadon Lavik","name","2026-10-05",,
"1rxN6Kd4PGaLmhhW8ktW3d","Jae Hall","55655132","Jae Hall","name","2026-10-05",,
"7DZyLDbWn8iQTHVR5EToQ2","Jae Jin","4959432","Jae Jin","name","2026-10-05",,
"4niQBqaDLz6CBtHdTlmcWT","Jahbril Cook","124104722","Jahbril Cook","name","2026-10-05",,
"5cXcR0GGNQaGae9lyQOh3W","Jahn Teigen","244444","Jahn Teigen","name","2026-10-05",,
"589zPmnl9UayJxgJAyEmpo","Jaime Jamgochian","67697","Jaime Jamgochian","name","2026-10-05",,
"2x25aNM4XzVKgrmZw5xcrb","Jake Banfield","78157282","Jake Banfield","name","2026-10-05",,
"5fPvc8tIZfLbEm3GsbFHgd","Jake Clark","4724281","Jake Clark","name","2026-10-05",,
"6WyeyhNDpeIVbznnztFDQZ","Jake Coco","1146847","Jake Coco","name","2026-10-05",,
"6NTfV2oeuJfkni8EK3Tr2f","Jake Etheridge","5000366","Jake Etheridge","name","2026-10-05",,
"6q94KewnCnut4Ta36dCoaB","Jake Isaac","4841286","Jake Isaac","name","2026-10-05",,
"2Ck1KKFY4o8SoJrXpCLc2x","Jake Quickenden","4180147","Jake Quickenden","name","2026-10-05",,
"0eBOZ74PcpQb3SisNPgaRQ","Jake Reese","6445114","Jake Reese","name","2026-10-05",,
"4YYFbWfMM8Gr55Hddzkcrl","Jake Troth","4495610","Jake Troth","name","2026-10-05",,
"5lEF4Tt1uK7Kuk80ILMlE9","Jake Wesley Rogers","4056674","Jake Wesley Rogers","name","2026-10-05",,
"5PcdQ9b52rWYRF5juWD5Rz","Jakob Busch","12581990","Jakob Busch","name","2026-10-05",,
"2wTNL2DgYACRKqxGb9oKO1","Jakob Karlberg","4084066","Jakob Karlberg","name","2026-10-05",,
"1lyWboKspAuNlxEo6flgeS","James Beeny & Gina Georgio","151223962","James Beeny & Gina Georgio","name","2026-10-05",,
"7KMqksf0UMdyA0UCf4R3ux","James Blunt","287","James Blunt","name","2026-10-05",,
"4iMT6FZ8QATEMPQeojOegz","James Cherry","7983168","James Cherry","name","2026-10-05",,
"5E17eRqSfn08FsmvNCds0P","James Corden","4975895","James Corden","name","2026-10-05",,
"28hRH6w71u9oXXZuAYBnFX","James Delaney","5233936","James Delaney","name","2026-10-05",,
"1YR9RiTHOlGOvknvGaQSsM","James Denton","5078560","James Denton","name","2026-10-05",,
"5LVTnnWUIactuITS9FBslJ","James Fox","271117","James Fox","name","2026-10-05",,
"6wlk4iqaEgEvADMVG6QMd8","James Gillespie","5792543","James Gillespie","name","2026-10-05",,
"7lCCcywfGWvXxXT8Vs6SQf","James Harries","97429","James Harries","name","2026-10-05",,
"1aT67zKHExe9eCqc0Ny0GG","James Lacey","145803982","James Lacey","name","2026-10-05",,
"2TwxNck1a3LlWxvGndrX0Z","James Levon","76342692","James Levon","name","2026-10-05",,
"5sRFYk9aZR4qEcCqNZWOKM","James Marshall","1146523","James Marshall","name","2026-10-05",,
"3LpLGlgRS1IKPPwElnpW35","James Morrison","153154952","James Morrison","name","2026-10-05",,
"4iaTgZRy5aVnImDyRJn61n","James Newman","1005111","James Newman","name","2026-10-05",,
"3u50TPoLvMBXNT1KrLa3iT","James Spaite","6925967","James Spaite","name","2026-10-05",,
"2MA9h2LrOZ63mvzHSktLT9","James Travis Wade","265356662","James Travis Wade","name","2026-10-05",,
"0B3N0ZINFWvizfa8bKiz4v","James TW","1718831","James Tw","name","2026-10-05",,
"3oVy8P94MScKFNSMGaYWeA","James Valentine","1438452","James Valentine","name","2026-10-05",,
"2QlTzsriBDd3jA8MDkzIw5","James Westbrook","4972034","James Westbrook","name","2026-10-05",,
"1A8ZbETD795cmln0S1EDkn","Jami Grooms","1146344","Jami Grooms","name","2026-10-05",,
"3SSupchUAX7ypE9vT9zj1e","JAMICA","4422948","Jamica","name","2026-10-05",,
"5Eqq5ePFgYSyL6oskZwYpM","Jamie Drastik","2106691","Jamie Drastik","name","2026-10-05",,
"4uwJ3NRArTb8VlKbuAFyFG","Jamie Fine","8233912","Jamie Fine","name","2026-10-05",,
"2E5E5eAP6yDhZ7EHc0Evr7","Jamie Grace","1190194","Jamie Grace","name","2026-10-05",,
"5xoERNSvFkLef8Lkupbu4t","Jamie Grey","7959962","Jamie Grey","name","2026-10-05",,
"399V3FeV1jkAaXij8zgAEa","Jamie Harrison","1146323","Jamie Harrison","name","2026-10-05",,
"0cZttbEqSCC76paqdgVLL4","Jamie MacDonald","4737600","Jamie Macdonald","name","2026-10-05",,
"08SgnoZlrFgmJr2tAD4pbN","Jamie McIntyre","6405772","Jamie Mcintyre","name","2026-10-05",,
"29QbBR0oTzA7A0kiOzrbbr","Jamie Scott","135965","Jamie Scott","name","2026-10-05",,
"4UodukR17NIQfNu5uaqm9B","Jamila Woods","9694268","Jamila Woods","name","2026-10-05",,
"4Nd6R1oljERR3D2893MpJf","Jan Johansen","264452","Jan Johansen","name","2026-10-05",,
"3KZ4GEQBp2q7PsRroeprC8","Jane & The Boy","117546652","Jane & The Boy","name","2026-10-05",,
"7y9xcsFMT1EEVTr0ZfgA3g","Janek Traczyk","85547802","Janek Traczyk","name","2026-10-05",,
"3qGFYRvGJrTu5reN4ZIEKt","Janove Ottesen","244487","Janove Ottesen","name","2026-10-05",,
"0pu0ZEMZtgePMOE6m19Cne","Jared Benjamin","5200416","Jared Benjamin","name","2026-10-05",,
"7IvXFbdaAQEFyeB7SSEfCG","Jared Halley","646876","Jared Halley","name","2026-10-05",,
"1yIU8MwpbKpxYHDB6pzmeS","Jared Horgan","10867798","Jared Horgan","name","2026-10-05",,
"7cBPcPEdhDWIoFX6BDvw1b","Jared Lee","1035801","Jared Lee","name","2026-10-05",,
"1MbXhlWa5LRkVPrDJ7LDJM","Jared Watson","4837084","Jared Watson","name","2026-10-05",,
"1gnxlAhv4TnE1Kbvcbv8QI","Jaron And The Long Road To Love","370895","Jaron And The Long Road To Love","name","2026-10-05",,
"3RsGHkHYZW0WkXcEf0CRdR","Jasmine Murray","8028087","Jasmine Murray","name","2026-10-05",,
"6lv3DKGOLy7HkRUmt6DiEd","Jason Castro","374616","Jason Castro","name","2026-10-05",,
"1Il6lzHpFKUD52wcCmDI24","Jason Chen","2955541","Jason Chen","name","2026-10-05",,
"07YZf4WDAMNwqr4jfgOZ8y","Jason Derulo","249599","Jason Derulo","name","2026-10-05",,
"5bnNgwp3nooah9yHAHsnR4","Jason Donovan","8899","Jason Donovan","name","2026-10-05",,
"1aZENDSuD4XXPlue0RJwSj","Jason Evigan","4470331","Jason Evigan","name","2026-10-05",,
"1Pnxz5XG5bVQwCJVevIOOq","Jason Gould","4801045","Jason Gould","name","2026-10-05",,
"4i2mkyKkRrc0OvPrWqb4BE","Jason Gray","67699","Jason Gray","name","2026-10-05",,
"3LyC5nEu3YhsVDTeFr0CtH","Jason Manns","482647","Jason Manns","name","2026-10-05",,
"6HtcB71Ns292SDfrwLEo05","Jason Owen","4115716","Jason Owen","name","2026-10-05",,
"4ISvSAA85lr3lDwpMEBNgS","Jason Reeves","253759","Jason Reeves","name","2026-10-05",,
"5UdPkKWd8YNR5xGcmqH9QJ","Jason Weaver","4517470","Jason Weaver","name","2026-10-05",,
"0bFyd1ptUSFAfhQOpLt9g1","Jason Yu","48739311","Jason Yu","name","2026-10-05",,
"5Pf1IqxymLNmdcYjygpBhx","Jason Zachary Parris","8799736","Jason Zachary Parris","name","2026-10-05",,
"0isDHZwlZIhksJyUJlcYia","Jasper Sawyer","1363859","Jasper Sawyer","name","2026-10-05",,
"3flTDj1VSZCktpBGZlNutt","Javier Colon","1371365","Javier Colon","name","2026-10-05",,
"4Q6nIcaBED8qUel8bBx6Cr","Jax Jones","5462679","Jax Jones","name","2026-10-05",,
"5GWp2RUgFq865cYUABefq3","Jay & Lianie May","151232222","Jay & Lianie May","name","2026-10-05",,
"1dmDDdHSzGxdYojQPjh9M0","Jay Allen","178069017","Jay Allen","name","2026-10-05",,
"073K51uK3IIOq80d1NRvTu","Jay Denton","1201898","Jay Denton","name","2026-10-05",,
"7yHQKHM7tuuCciTHudnum7","Jay Ollero","1450013","Jay Ollero","name","2026-10-05",,
"0XIjLSi3fr8On0Dwq208Lp","Jay Putty","5836803","Jay Putty","name","2026-10-05",,
"0TQ49ApWMyBmuQdiqDS7kY","Jay Skot","1971551","Jay Skot","name","2026-10-05",,
"3wgkMxuvrOOhnByKGbTIwc","Jay Tighe","59878342","Jay Tighe","name","2026-10-05",,
"692sqZdmqkQjdCk87QECpd","Jay Warren","10871644","Jay Warren","name","2026-10-05",,
"2wrxoZjEVKfJZhxCiqK0ju","JayDon","10082588","Jaydon","name","2026-10-05",,
"7didXxc5oXHa2VLDXPxNag","Jazara","69310672","Jazara","name","2026-10-05",,
"0wDQ0wyB5XgsYkLaXsyNqm","JB Stark","153851372","JB Stark","name","2026-10-05",,
"2TAqN8fwfaKauvviN4pOsv","JC Stewart","4963529","JC Stewart","name","2026-10-05",,
"410MPX0LjYx4PFgIJsBbPT","JD Eicher","395154","JD Eicher","name","2026-10-05",,
"6LopWizUGU7UICdQ7MEkGr","Jeevan Braich","280937291","Jeevan Braich","name","2026-10-05",,
"1SmHYZGO6Ju2EPTssY1dsV","Jeff Hendrick","646865","Jeff Hendrick","name","2026-10-05",,
"0F55dmw0A9gnYhgJfH0b3b","Jeff LeBlanc","390395","Jeff LeBlanc","name","2026-10-05",,
"4O3BLUhLCrqcPiX8vOVbHh","Jeff Riv3r & Mike F","15225669","Jeff Riv3r & Mike F","name","2026-10-05",,
"4IKzPu7eSvvRmuYTrqhWZH","Jeff Toth","12299058","Jeff Toth","name","2026-10-05",,
"3f8yNgA4o9YVIq87Kv0O0S","Jeffrey East","661487","Jeffrey East","name","2026-10-05",,
"7HY5Pq3S3lk3y5YfpKTIAL","Jem and the Holograms","9072300","Jem and the Holograms","name","2026-10-05",,
"7xlKrOVNyiIIypv7GX9jt6","Jenna Bay","281897361","Jenna Bay","name","2026-10-05",,
"3aHe9rMa5HFTjXHw8tEz0A","Jenna Raine","52767202","Jenna Raine","name","2026-10-05",,
"0MtYXfFXzoj83z70TMRRZP","Jenna Wright","14147525","Jenna Wright","name","2026-10-05",,
"1Ff1cuzx8IrADaKnclXscN","Jennel Garcia","6312582","Jennel Garcia","name","2026-10-05",,
"4u4FMpLyYiyJzP3AULKdO8","Jennifer Ewbank","2657311","Jennifer Ewbank","name","2026-10-05",,
"6OWrEjKgMyuSiXrKYghYqp","Jennifer Holm","5217521","Jennifer Holm","name","2026-10-05",,
"35GL8Cu2GKTcHzKGi75xl5","Jennifer Hudson","134163","Jennifer Hudson","name","2026-10-05",,
"5DoU3HuEcF6GTXe7CzYY7U","Jennifer Jess","71201012","Jennifer Jess","name","2026-10-05",,
"2DlGxzQSjYe5N6G9nkYghR","Jennifer Lopez","10897722","Jennifer Lopez","name","2026-10-05",,
"2WV4xLQooFalR2cit0XSKp","Jennifer Nettles","4417375","Jennifer Nettles","name","2026-10-05",,
"4pFGVNsswIAX0FjAnVVj5n","Jennifer Owens","10784998","Jennifer Owens","name","2026-10-05",,
"52mkFCABBeP3KjkWFA4M2H","Jenny Owen Youngs","13137","Jenny Owen Youngs","name","2026-10-05",,
"47MKT4N2j09fZJ683zjDRk","Jenny Slate","1004224","Jenny Slate","name","2026-10-05",,
"0BL04H8MiD3g762tT3lQXu","Jens Hult","5291629","Jens Hult","name","2026-10-05",,
"3zgsiS7BVa3I7xhtXuAZ4n","Jens Marni Hansen","4176361","Jens Marni Hansen","name","2026-10-05",,
"1DDMrVXQt53FwOcxBQvjwh","Jens O.","9542","Jens O.","name","2026-10-05",,
"539FiNgLTBmfQzYMSTGhbi","Jensen Ackles","7128513","Jensen Ackles","name","2026-10-05",,
"11dABkjSoOjcP9p3TFSNRj","Jensen McRae","4334884","Jensen McRae","name","2026-10-05",,
"41QB8c3l9YFTzxbuTpZ8lt","Jeongwoo","13095259","Jeongwoo","name","2026-10-05",,
"5wpEBloInversG3zp3CVAk","Jeremy Camp","4003","Jeremy Camp","name","2026-10-05",,
"23ZZa8bvuBh0DruAjeAOtv","Jeremy Elliot","517289","Jeremy Elliot","name","2026-10-05",,
"5ChUwGNEwjVk3L7Wa7nmvJ","Jeremy Lister","264495","Jeremy Lister","name","2026-10-05",,
"3XlASyLS4HSUX3inS3tIc1","Jeremy Renner","12707503","Jeremy Renner","name","2026-10-05",,
"57H6K2mTvFS2TESVHCoDKY","Jeremy Rosado","5476600","Jeremy Rosado","name","2026-10-05",,
"5wcXTMooUetMp8uUNqC03W","Jeremy Shada","4720337","Jeremy Shada","name","2026-10-05",,
"7wCS27vskixy4rHnvAElpP","Jeremy Shayne","12105402","Jeremy Shayne","name","2026-10-05",,
"302jOsgU7aZW71XhLem57k","Jermaine Paul","610408","Jermaine Paul","name","2026-10-05",,
"2eG0Kf7mNIbn0SMiA2LjBd","JERUB","62856172","JERUB","name","2026-10-05",,
"31Bh5G3Q9JzwqPpHDLIQtW","Jervis Campbell","14531095","Jervis Campbell","name","2026-10-05",,
"4Q6zYbQ2MrKiEWTGB3yrPv","Jesper Jenset","7101517","Jesper Jenset","name","2026-10-05",,
"2ptHDQFsMqbSKC4xKkeJRC","Jess Conte","212190517","Jess Conte","name","2026-10-05",,
"4ScCswdRlyA23odg9thgIO","Jess Glynne","5245171","Jess Glynne","name","2026-10-05",,
"5wCYmeBtrQWxKmOBsXx3et","Jess Moskaluke","1421906","Jess Moskaluke","name","2026-10-05",,
"7pPNHLzwbrHYlCMTftK3A3","Jess Ray","1036850","Jess Ray","name","2026-10-05",,
"5jpma87NOuRoh5FMf0CW5I","Jesse L. Martin","9990044","Jesse L. Martin","name","2026-10-05",,
"5xLdSGejmdil911M6q1HdU","Jesse Labelle","390172","Jesse Labelle","name","2026-10-05",,
"6zKkaqMGGmaKLUSLTcsrls","Jesse Malin","68789","Jesse Malin","name","2026-10-05",,
"2Hjj68yyUPiC0HKEOigcEp","Jesse McCartney","4585","Jesse McCartney","name","2026-10-05",,
"5tZhefLixacZsUcEDx9wCL","Jesse Ruben","390470","Jesse Ruben","name","2026-10-05",,
"1xHNZLqKxllolDgthwlYbW","Jesse Taylor","1535071","Jesse Taylor","name","2026-10-05",,
"0reoezffSStQ3LSDaF15AS","Jessi Alexander","71142","Jessi Alexander","name","2026-10-05",,
"2bTm4w6dMoGgSV5Ifzqqvp","Jessica Ashley","1701134","Jessica Ashley","name","2026-10-05",,
"0VMFTqmv0hYlWruyBERT95","Jessica Baio","7949104","Jessica Baio","name","2026-10-05",,
"6rHWAH6F4mr2AViSxMV673","Jessica Mauboy","186037","Jessica Mauboy","name","2026-10-05",,
"3xBbmWwDPhEaGcwWgBarkI","Jessica Sanchez","2138801","Jessica Sanchez","name","2026-10-05",,
"0xGWbDs5hpYFmiOoMpm0EL","Jessie Early","11503739","Jessie Early","name","2026-10-05",,
"2gsggkzM5R49q6jpPvazou","Jessie J","985109","Jessie J","name","2026-10-05",,
"0GzIauSfKRc5BlNXpTWAGz","Jessie James Decker","5812125","Jessie James Decker","name","2026-10-05",,
"3kSM7OQ4gOhKDxvog4rFyu","Jessie Payo","1480317","Jessie Payo","name","2026-10-05",,
"1n2tZIkXg5B7jtlnfgnHiK","Jessie Willow Hart","131334412","Jessie Willow Hart","name","2026-10-05",,
"6oSTtYd3B3OJubFU8mVhHQ","JHart","5912085","Jhart","name","2026-10-05",,
"2aaGbpl5Y2ykZsNFZM6ofw","Jill Johnson","74323","Jill Johnson","name","2026-10-05",,
"6ctgu4FFlnNhMgrKiIzCxp","Jillian Edwards","5195821","Jillian Edwards","name","2026-10-05",,
"2u2MvYsk6gZY0Khn9SAMeO","Jillian Rossi","7215466","Jillian Rossi","name","2026-10-05",,
"40HDiLfKm0tXk2FxlJx6aO","Jim Yosef","7001295","Jim Yosef","name","2026-10-05",,
"3klvuxan8KcvysB5d9q7Ls","Jimi Cravity","1053818","Jimi Cravity","name","2026-10-05",,
"147nKr9upHZSSxqCzh9j7c","Jimmie Allen","1289502","Jimmie Allen","name","2026-10-05",,
"7mAcgRMD6EfCKHO6cIkDOP","Jimmy Fallon","152050","Jimmy Fallon","name","2026-10-05",,
"7dq8KEwf0kQXJhM79iwcPh","JJ Heller","197484","JJ Heller","name","2026-10-05",,
"0XgzaFjKPFJT7VziwGD6o5","JJ Shiplett","1304996","JJ Shiplett","name","2026-10-05",,
"0jPImtthkCFniVEREJBvgD","JK The Kid","242581311","JK The Kid","name","2026-10-05",,
"2L5veEIBHLt3J7clUe8pH4","Jo O'Meara","272038","Jo O'meara","name","2026-10-05",,
"0XNvr6bnNywV946ZKaJtr0","Joakim Lundell","11921789","Joakim Lundell","name","2026-10-05",,
"7LiXWdVvacbnA3fct7cL1G","Joanna Ampil","364496","Joanna Ampil","name","2026-10-05",,
"7ArfjsEANVFT6WSDiJ7i8T","Joanné Nugas","14905779","Joanné Nugas","name","2026-10-05",,
"3LpFNC9X6KX4aUmGaWaeGP","Jobe","1142066","Jobe","name","2026-10-05",,
"7iymigONRODGl6XJIprcuF","Jocelyn Alice","4176619","Jocelyn Alice","name","2026-10-05",,
"18DSAZlsL3vGFN0Bu9ZwGx","Jocelyn Cole","300967821","Jocelyn Cole","name","2026-10-05",,
"1W0jgt0r6ladSy83zw9Ik4","Joe Bills","13508205","Joe Bills","name","2026-10-05",,
"66ko2UINS5X1TRK48kdsyh","Joe Buck","391065","Joe Buck","name","2026-10-05",,
"4A5MQi1opEqAcE0yZCmrZw","Joe Dolman","7470800","Joe Dolman","name","2026-10-05",,
"5Nbg0g30EwMpYD6jQ2xcfX","Joe Elliott","4485861","Joe Elliott","name","2026-10-05",,
"142TY556WknD1ZRV8XilJQ","Joe Janiak","876379","Joe Janiak","name","2026-10-05",,
"7gbmX8SsfjEjxDMzBi1ZOL","Joe Jonas","1352692","Joe Jonas","name","2026-10-05",,
"33NMcyv6JnMdwAMWI2vrFS","Joe McLeod","70444462","Joe McLeod","name","2026-10-05",,
"4aJTB79uwT4sP0Nb8QGWHc","Joe Nichols","7798","Joe Nichols","name","2026-10-05",,
"36jaGQtMj5UWD0eO1fCVdD","Joel Adams","7576806","Joel Adams","name","2026-10-05",,
"0VUeSHZjbneQ8Ti7whkL9A","Joel Brandenstein","5617908","Joel Brandenstein","name","2026-10-05",,
"4dv6khcueYOkWzoFRZgtPj","Joel Crouse","4369297","Joel Crouse","name","2026-10-05",,
"0LAqQNqZSCpMUXRgONL5iB","Joel Vaughn","5168678","Joel Vaughn","name","2026-10-05",,
"1GkD8ZKQbiwrVSYGDeLSz1","Johanna Dahl","7416986","Johanna Dahl","name","2026-10-05",,
"4G5XZKnrbIYhCE5bRAMu4w","Johannes Strate","1424537","Johannes Strate","name","2026-10-05",,
"6vdDNKDO5i45r4GSxXYunE","John & Jami","276875351","John & Jami","name","2026-10-05",,
"4LaimQU44rsz2kMWQmY6Bi","John Adams","125184762","John Adams","name","2026-10-05",,
"5Lm11SK4ucpjLoWPoOCJAJ","John Allred","410167","John Allred","name","2026-10-05",,
"4BFwCPazCgskaVOV5mfb8s","John Canada","12649083","John Canada","name","2026-10-05",,
"3GNSeGfBuZWIfsBMUVJs10","John Coggins","4387131","John Coggins","name","2026-10-05",,
"3TVjdmhfFoYJLgBEkkZTBm","John De Sohn","1203037","John de Sohn","name","2026-10-05",,
"7EK1bQADBoqbYXnT4Cqv9w","John Denver","412319731","John Denver","name","2026-10-05",,
"2MLeFAQDqyt3trIU9Xq17l","John Eric Parker","882928","John Eric Parker","name","2026-10-05",,
"17HQFQXpYK1YSqSyjqHvkF","John Garrity","81151072","John Garrity","name","2026-10-05",,
"4x1nvY2FN8jxqAFA0DA02H","John Lennon","226","John Lennon","name","2026-10-05",,
"11LbPHLi2sCqOVjknt0jmW","John Lundvik","4456013","John Lundvik","name","2026-10-05",,
"5yQzAW33GfPLJ77Jf4vWmj","John Marc","10189096","John Marc","name","2026-10-05",,
"0T1KC0OHfbRO0O5bNH2tek","John Mark McMillan","562547","John Mark McMillan","name","2026-10-05",,
"0hEurMDQu99nJRq8pTxO14","John Mayer","10059896","John Mayer","name","2026-10-05",,
"4BqK6JLgMwQ99hx85DxNhP","John Michael Howell","4769284","John Michael Howell","name","2026-10-05",,
"5LbFyIkuT9CraXUmsARWX0","John Muirhead","10848340","John Muirhead","name","2026-10-05",,
"34v5MVKeQnIo0CWYMbbrPf","John Newman","1141019","John Newman","name","2026-10-05",,
"5WNmvkYvn4ua4IAM1xHbzk","John Starling","1630078","John Starling","name","2026-10-05",,
"4Wm66SItUBLYFqJq03WH6d","John Tibbs","4007381","John Tibbs","name","2026-10-05",,
"6dvyPWo1nhnDOOZ5WYwQg8","John V. Patixas","283427081","John V. Patixas","name","2026-10-05",,
"2TPyCsRoh2tjeZLTQ2ojlj","John Waite","11575","John Waite","name","2026-10-05",,
"1yPdXrLhRc50YbwiwCr1uN","Johnning","5789901","Johnning","name","2026-10-05",,
"6cXU3B0U7wNEOOU8UjaWww","Johnny Balik","10468385","Johnny Balik","name","2026-10-05",,
"5U8Xyp22AsF2SX5Fi7x9KC","Johnny Manuel","6807249","Johnny Manuel","name","2026-10-05",,
"456xttLRgJDyFjCYyDpDoU","Johnny McDaid","4407980","Johnny McDaid","name","2026-10-05",,
"2QnCvSa46mN4Wi4gDVdnso","Johnny Reid","393022","Johnny Reid","name","2026-10-05",,
"6VZlYTq8lqmm4EFmZwK2fQ","Johnny Rzeznik","3243","Johnny Rzeznik","name","2026-10-05",,
"00OF0nwYaoBSO3AnPVq3vE","Johnny Stimson","4852835","Johnny Stimson","name","2026-10-05",,
"4igDSX1kgfWbVTDCywcBGm","Johnnyswim","4029516","JOHNNYSWIM","name","2026-10-05",,
"6KjdyuW6Rhg60YSVJo3UZi","Johns' Boys","247473112","Johns' Boys","name","2026-10-05",,
"5CwfiISAaEFNdcOC8ZySck","Joliet4","106351302","Joliet4","name","2026-10-05",,
"2gzH4rGNFJeNg13yv2uI4L","Jon Bryant","2391291","Jon Bryant","name","2026-10-05",,
"65lCLhmmyUwnPBD2Bq7FQx","Jon Henrik Fjällgren","5858261","Jon Henrik Fjällgren","name","2026-10-05",,
"7yxi31szvlbwvKq9dYOmFI","Jon Hopkins","258846","Jon Hopkins","name","2026-10-05",,
"6z29S0IoiBJpSMP8plyCj7","Jon McLaughlin","14535","Jon McLaughlin","name","2026-10-05",,
"3MKuZm9eAVMdw9ni14mzCP","Jon Mullins","9785088","Jon Mullins","name","2026-10-05",,
"4MoAOfV4ROWofLG3a3hhBN","Jon Pardi","648668","Jon Pardi","name","2026-10-05",,
"7H0gjeKVq6IPXcAUZzzhD2","Jon Reddick","8410902","Jon Reddick","name","2026-10-05",,
"42SPXNOsQBxnOBIZwaneJH","Jon Robert Hall","9219500","Jon Robert Hall","name","2026-10-05",,
"3bqHSYVBMI0gs3v86080ZT","Jon Wiilde","61462222","Jon Wiilde","name","2026-10-05",,
"0csxoNewLFf0Ao4tLwWeAF","Jon Young","4046650","Jon Young","name","2026-10-05",,
"5KsRA81UaMVKvLNiwDySfp","Jonah Kagen","118917212","Jonah Kagen","name","2026-10-05",,
"4h3Go7Vr34F8zzGvEFj9P8","Jonah Marais","7463026","Jonah Marais","name","2026-10-05",,
"3Ztgr9y1L9ZfoIOEsCrZEb","Jonah Matranga","258401","Jonah Matranga","name","2026-10-05",,
"3hBlM0AsvBiJGRISz0xFCL","Jonah Platt","60248712","Jonah Platt","name","2026-10-05",,
"0oqycKHsajVQAXB1PyGv3h","Jonah Taylor","5207725","Jonah Taylor","name","2026-10-05",,
"1fT7SM7581wUG6YOYCoorg","Jonas Lewis","11268260","Jonas Lewis","name","2026-10-05",,
"2NFO8MvrS1FOyjQZKwgra5","Jonas Myrin","2374561","Jonas Myrin","name","2026-10-05",,
"2oYXPOHsXljvSD7jDatP22","Jonathan Antoine","5223627","Jonathan Antoine","name","2026-10-05",,
"1hOBbdBjbeXf3uO1ik4G43","Jonathan Hutcherson","11211896","Jonathan Hutcherson","name","2026-10-05",,
"5ItTHwcEtFh6DEOBheMub9","Jonathan McReynolds","606398","Jonathan McReynolds","name","2026-10-05",,
"4oI0W9neUi7nvxcQKDY5Xa","Jonathan Nelson","291100","Jonathan Nelson","name","2026-10-05",,
"62ggJuZV87VvP3sAHM0V3K","Jonathan Roy","1297024","Jonathan Roy","name","2026-10-05",,
"6J2ErK4n48YiU1mSQl1XSx","Jonathan Tilkin","9905528","Jonathan Tilkin","name","2026-10-05",,
"6WO2DV4CMeEs2b96NPUxC9","Jonathan Tinne","6379432","Jonathan Tinne","name","2026-10-05",,
"7KcmdvVaaO7Y0pmHQjOEFo","Jonathan Traylor","4329154","Jonathan Traylor","name","2026-10-05",,
"00AD6EEi6hXB02RdGT6Ntf","Jonny Diaz","204385","Jonny Diaz","name","2026-10-05",,
"4HKCjseZVD2vG7EJG3yLwt","Jonny Diaz","204385","Jonny Diaz","name","2026-10-05",,
"1qU42wkaU38Cskh90z3Y6c","Jonny Houlihan","3950691","Jonny Houlihan","name","2026-10-05",,
"5x14lJIr8aAD9IiK0uPdqB","Jonny Quatro","251679812","Jonny Quatro","name","2026-10-05",,
"30Zr45NzyCJSBqb30thWsL","Jonny Stanback","65399962","Jonny Stanback","name","2026-10-05",,
"37eAVTi0h4cxTkScarLPFC","Jordan Critz","104391","Jordan Critz","name","2026-10-05",,
"77kULmXAQ6vWer7IIHdGzI","Jordan Davis","1140313","Jordan Davis","name","2026-10-05",,
"41IbYYlSlUZBjudQNAGvDu","Jordan Frye","1140370","Jordan Frye","name","2026-10-05",,
"5areFBJ19kUfbc1Vy8cJ0F","Jordan Gaynor","247226852","Jordan Gaynor","name","2026-10-05",,
"5WKa7xY2Y4Lko2cQjkj1iW","Jordan Harvey","58000752","Jordan Harvey","name","2026-10-05",,
"0Zrr2qo5ISKIGEwiELTtA9","Jordan James","1575529","Jordan James","name","2026-10-05",,
"4blS7hfZtKm6XA5r2ZrxWX","Jordan Rawling","134842942","Jordan Rawling","name","2026-10-05",,
"4l5BhyCy5VoMHqheBrYf2U","Jordan Rawson","169418867","Jordan Rawson","name","2026-10-05",,
"32lz4PgLJkqkhTmx5TFX7d","Jordan Rust","13353419","Jordan Rust","name","2026-10-05",,
"3Z8dwcebhUB2AWAkISc0gv","Jordan Tavita","168471877","Jordan Tavita","name","2026-10-05",,
"69CLILkCLdR4JOoQieAFm2","Jordana Bryant","107923672","Jordana Bryant","name","2026-10-05",,
"2Z2GPhrq7UG7AMuOYjcn4m","JordinLaine","8374964","JordinLaine","name","2026-10-05",,
"6GkGAIzXHBNz1721PLvXgN","Jordon Frank","209586467","Jordon frank","name","2026-10-05",,
"0AV5z1x1RoOGeJWeJzziDz","Jordy Searcy","3540411","Jordy Searcy","name","2026-10-05",,
"00Ph35PnLLQYLvMnhbizSJ","Jørgen Dahl Moe","6485885","Jørgen Dahl Moe","name","2026-10-05",,
"7CqltXhCBv0seWSgUsJcPV","Jorgen Odegard","10470489","Jorgen Odegard","name","2026-10-05",,
"05pZjhj26S39scU4qPUhzq","Jorm","291305","Jorm","name","2026-10-05",,
"2dXGyySsUY7yYzCfMf6OSZ","Joseph & Maia","4504577","Joseph & Maia","name","2026-10-05",,
"1ibVSKkKjRcDYXTJrUprGa","Joseph O'Brien","122669","Joseph O'Brien","name","2026-10-05",,
"4YKcvEwFMxNbom5NFjiLY9","Joseph Rutakangwa","98455412","Joseph Rutakangwa","name","2026-10-05",,
"40JlNF1w2OiSOyj1nC4y0I","Joseph Vincent","1032496","Joseph Vincent","name","2026-10-05",,
"2cB6hX2LI14KUTAevpaYn2","Josh Baldwin","5358029","Josh Baldwin","name","2026-10-05",,
"5ux7zNd22iNHOAUypzsSLi","Josh Breaks","8614398","Josh Breaks","name","2026-10-05",,
"5deoijipwIdBiA27rEj14E","Josh Cumbee","7902322","Josh Cumbee","name","2026-10-05",,
"1TUHJZ0mNtVimkplNEki48","Josh Franceschi","5220233","Josh Franceschi","name","2026-10-05",,
"4dSQICBjdUIp5iK6RRU2bY","Josh Gad","5316874","Josh Gad","name","2026-10-05",,
"6cXMpsP9x0SH4kFfMyVezF","Josh Groban","2307","Josh Groban","name","2026-10-05",,
"61ePJuIL6XaEV7hoycpVGZ","Josh Herbert","5986884","Josh Herbert","name","2026-10-05",,
"763gVqfkTxYhbkyfl9Siij","Josh Johnson","1140762","Josh Johnson","name","2026-10-05",,
"7tnICxEQkOML369POsUizq","Josh Kerr","4373045","Josh Kerr","name","2026-10-05",,
"0ngASMM5dPGOByz9QmIY7C","Josh Krajcik","544018","Josh Krajcik","name","2026-10-05",,
"2n2ZK9vsACHkBhQqYRHFeF","Josh Lamkin","5841473","Josh Lamkin","name","2026-10-05",,
"4CrtV8yblaSN2bk8NidzaO","Josh Middleton","4789763","Josh Middleton","name","2026-10-05",,
"5zmTJA6eWcsmxevyQoK9iB","Josh Mirenda","9697636","Josh Mirenda","name","2026-10-05",,
"3NesfAi7uDuv6PQ0CGypzK","Josh Paulino","59800942","Josh Paulino","name","2026-10-05",,
"5OHmcUki5YA2u9rZSJVMc4","Josh Pence","5165995","Josh Pence","name","2026-10-05",,
"70FHBfTlsWuQy0TwBh93zR","Josh Rabenold","5390605","Josh Rabenold","name","2026-10-05",,
"5lemlzREG6FOAergTgPi9B","Josh Ramsay","1678158","Josh Ramsay","name","2026-10-05",,
"6SX3hY3ksMNOUCvF7OI1nl","Josh Record","4501505","Josh Record","name","2026-10-05",,
"37aXAbBndtjTPR4aUKumLV","Josh Sahunta","5485158","Josh Sahunta","name","2026-10-05",,
"1IQuA3YDUhUozBo7r30v1n","Josh Vietti","1068096","Josh Vietti","name","2026-10-05",,
"0o6MmR5oIre0aMhKCeSj77","Josh Wall","14584559","Josh Wall","name","2026-10-05",,
"0pge2gEtqePVRTkYcK4hQb","Josh Wantie","9207684","Josh Wantie","name","2026-10-05",,
"1SbnQl7KrIVnXhYcQcMjL2","Josh Wilson","244704","Josh Wilson","name","2026-10-05",,
"1VIDdmbn9nycvSOTeC32LV","JoshM","248999902","joshM","name","2026-10-05",,
"4VdV2qRAYBLINR6uU72V1J","Joshua Bassett","68248772","Joshua Bassett","name","2026-10-05",,
"1g2FuohdcqUzFBtdx2Fpii","Joshua David Evans","1602294","Joshua David Evans","name","2026-10-05",,
"1I7oHjCjMrMUz66v67yJJu","Joshua Hyslop","1352902","Joshua Hyslop","name","2026-10-05",,
"6pLDSW3de0uRB6cP30krKv","Joshua Micah","4164568","Joshua Micah","name","2026-10-05",,
"7omzannyG2lfDqP5xyZo34","Joshua Radin","4200","Joshua Radin","name","2026-10-05",,
"4iDnoM4BjR5ZMtVer9j08Q","Joshua Wicker","9975974","Joshua Wicker","name","2026-10-05",,
"7yAymwuYh9RcpX84GSNIq2","Josiah Queen","85704202","Josiah Queen","name","2026-10-05",,
"2KgFtUjEtayfuximKppSAq","Josie Dunne","6371150","Josie Dunne","name","2026-10-05",,
"7rrTqtOUOwva4sgTx9C9F9","Joy Oladokun","6907889","Joy Oladokun","name","2026-10-05",,
"25eQCECJH4VTpBYV9jhpyE","Joyce Jonathan","318673","Joyce Jonathan","name","2026-10-05",,
"1UfzhwcOR4yfX7yHTPfC9m","Joywave","472323","Joywave","name","2026-10-05",,
"66W9LaWS0DPdL7Sz8iYGYe","JP Saxe","4902872","Jp Saxe","name","2026-10-05",,
"3k4Tgw8lb1CtDAiErniQu1","JPOLND","13521875","JPOLND","name","2026-10-05",,
"0ZA6uKUCcTW9su5Rw514jC","JTM","141477152","JTM","name","2026-10-05",,
"3wWtfT7S2uVJJ3hGZlOLkZ","Judah & the Lion","4629561","Judah & the Lion","name","2026-10-05",,
"7yD78gcA2QR0sRQM4Lj7sM","Juha Tapio","247291","Juha Tapio","name","2026-10-05",,
"3mDo5Nv0SWpslJe9HzA2xY","Juke Ross","10341130","Juke Ross","name","2026-10-05",,
"0L8jXe7QeS9oYUoXbANmX4","Jukebox The Ghost","71003","Jukebox The Ghost","name","2026-10-05",,
"57ZjZU8vSOeP0Q2hbwh8wn","Jukka Poika","399550","Jukka Poika","name","2026-10-05",,
"205CbtBaTjs0pxHmv232EC","Jules Aurora","12154788","Jules Aurora","name","2026-10-05",,
"66fOsZEHm1oSOEGov5KxxW","Jules Larson","1699734","Jules Larson","name","2026-10-05",,
"0MhjpGnrxp2pkd78xbcoWM","Jules LeBlanc","113762982","Jules LeBlanc","name","2026-10-05",,
"4jHWpUyRI2rzJVimtasEBF","Julia Sheer","1003281","Julia Sheer","name","2026-10-05",,
"2HaJR92U9WIouR0v84hvzU","Julia Westlin","5649393","Julia Westlin","name","2026-10-05",,
"34YxoBNpxn6Gk7vKZ4tOgX","JULIAN KALEL","250059132","JULIAN KALEL","name","2026-10-05",,
"60rE8L4eGCSSaJCS1kqNKy","Julian Lamadrid","10120462","Julian Lamadrid","name","2026-10-05",,
"4BA9Z6ZV2JBwwLGGoZX7bs","Julianne Hough","74358","Julianne Hough","name","2026-10-05",,
"2Tg0aF5cbZktYFzgR1iAKv","Julie Bergan","4330987","Julie Bergan","name","2026-10-05",,
"2HR1xMXsvA2zBfiiADeZo7","Juliette Reilly","9094082","Juliette Reilly","name","2026-10-05",,
"5I7l0lSOyusetwCv1aQPMf","Jump Smokers","330565","Jump Smokers","name","2026-10-05",,
"639mapjt3km7OblpMSFRnq","Jun Kung","4029863","Jun Kung","name","2026-10-05",,
"4Dp0vVy8BpziagOylB21Tp","Jung Youth","4602446","Jung Youth","name","2026-10-05",,
"6EGjEUrXuFvkH4n7CyxkrI","Just Like Us","14757661","Just Like Us","name","2026-10-05",,
"7xAO3x13zwxGoIM7N3pXL9","Just Loud","14812009","Just Loud","name","2026-10-05",,
"719a6TvHrH0Zzpv9HEcufs","Just Pete","98664472","Just Pete","name","2026-10-05",,
"1NyxTiCivDmzgFWYD1V01m","Justin Caruso","5262992","Justin Caruso","name","2026-10-05",,
"7lAEeQHAtYITsUktcK80m9","Justin Ebach","4644286","Justin Ebach","name","2026-10-05",,
"3xOsqNaO7F3UNdQjJJif8o","Justin Garner","1360639","Justin Garner","name","2026-10-05",,
"1QDrz3DMMaz3TB1cm0PGDu","Justin Jesso","13225825","Justin Jesso","name","2026-10-05",,
"7MFJyevu6jq0shwDuVLymu","Justin Mylo","10301004","Justin Mylo","name","2026-10-05",,
"1A2uplrPcSu6bqDaRp7Xs9","Justin Paul","382163","Justin Paul","name","2026-10-05",,
"31TPClRtHm23RisEBtV3X7","Justin Timberlake","1147","Justin Timberlake","name","2026-10-05",,
"2FKvcZLG5cDJ0PrjpfEQvg","Justin Tyler","390065","Justin Tyler","name","2026-10-05",,
"0glNoSZpt2ePbrQFAIu5uo","Justine Rafael","14416477","Justine Rafael","name","2026-10-05",,
"5Fd7uQWqAWTmcOidyOUhDo","K E M A L","50112332","K E M A L","name","2026-10-05",,
"6pWcSL9wSJZQ9ne0TnhdWr","K-391","1722651","K-391","name","2026-10-05",,
"0pCNk4D3E2xtszsm6hMsWr","K.Flay","988686","K.FLAY","name","2026-10-05",,
"7pGyQZx9thVa8GxMBeXscB","K'NAAN","8003","K'naan","name","2026-10-05",,
"29f8h7eSlWQAUyfjkdOUGe","Ka2","14705351","KA2","name","2026-10-05",,
"4Ic7DhztrIgVLuytvqD8tE","Kadant","60385632","Kadant","name","2026-10-05",,
"0Ig1oVkbCSVFXSA5HYZrWM","Kady Z","1688402","Kady Z","name","2026-10-05",,
"3gWrqVNUebQF7alIH0bzZ8","Kaela Sinclair","5230951","Kaela Sinclair","name","2026-10-05",,
"3ib0ROvqntFv8PPQ2CIlso","Kaiak","355380","Kaiak","name","2026-10-05",,
"14U00lrwrlwVofSYM3KaUz","Kainoa Sorensen","55610542","Kainoa Sorensen","name","2026-10-05",,
"5MjuLUt6QtnRbaZdffu4F8","Kait Weston","4739389","Kait Weston","name","2026-10-05",,
"6QmSTo72BYMATkQVOV1axD","Kaitlin Butts","10088460","Kaitlin Butts","name","2026-10-05",,
"2bcwiBEOwX5xBYvpvbtxZj","Kaitlyn Bristowe","94426882","Kaitlyn Bristowe","name","2026-10-05",,
"1s1DnVoBDfp3jxjjew8cBR","Kaizers Orchestra","7040","Kaizers Orchestra","name","2026-10-05",,
"0Sz2jslaxjcw2VM5zYh2jK","Kaleena Zanders","4457117","Kaleena Zanders","name","2026-10-05",,
"5l2O3KSyCkTtjwcTLixHi5","Kalie Shorr","9938318","Kalie Shorr","name","2026-10-05",,
"4bWjtfjHZBEFmFxPibvy57","Kalo","11312928","KALO","name","2026-10-05",,
"5uOO6CI45847UsjUQsd2iS","Kamehameha Schools Children's Chorus","1131943","Kamehameha Schools Children's Chorus","name","2026-10-05",,
"3LzHaN3Y3gT35BudaFqVyy","Kamferdrops","12435374","Kamferdrops","name","2026-10-05",,
"7FDBRnC4rfJhAkiSSkoePM","Kandi Peterson","5654287","Kandi Peterson","name","2026-10-05",,
"3oSJ7TBVCWMDMiYjXNiCKE","Kane Brown","176423757","Kane Brown","name","2026-10-05",,
"1Q6fwxJ9j46RqSFY9EXBj9","Kapteinen","12266618","Kapteinen","name","2026-10-05",,
"01hcqBKMrPmHtg3RBJsxaP","Karen Olivo","1545790","Karen Olivo","name","2026-10-05",,
"6w5nIAeqFbZa9qssSwPsyn","Kari Kimmel","866019","Kari Kimmel","name","2026-10-05",,
"5V3WPdOWvo6ZMil5ETsQye","Karl Queensborough","13261293","Karl Queensborough","name","2026-10-05",,
"6xkLy2wC14w6EDxziJNGxO","Karmina","167801","Karmina","name","2026-10-05",,
"3X23gpg1vPacr0hBARyxtN","Karpe","14271403","karpe","name","2026-10-05",,
"3U47KYSzkeq9AGPP5uYBuu","KarreV","74838922","KarreV","name","2026-10-05",,
"0ix8tTQpoazYsJEkn0TazD","Kat Conner Sterling","124104732","Kat Conner Sterling","name","2026-10-05",,
"48XeauxB5rhLPXPtACuuUR","Katastrofe","1358419","Katastrofe","name","2026-10-05",,
"3J9oPSOtWiwtitCxyKWD1v","Kate Cosentino","4099567","Kate Cosentino","name","2026-10-05",,
"6sfUgwUTFjy1SNF2uWOcPp","Kate Miller-Heidke","201325","Kate Miller-Heidke","name","2026-10-05",,
"7whckrkkTMEuvqfaNfMs7S","Kate Voegele","74296","Kate Voegele","name","2026-10-05",,
"5wONG6j4El6k5iOXQdA0Ha","Kate York","1137027","kate york","name","2026-10-05",,
"14aJsSAhOrAHk0wXiB1Vm7","Katelyn Epperly","1407221","Katelyn Epperly","name","2026-10-05",,
"6i8Tae6takoQos2JZ4vdRn","Katelyn Tarver","494766","Katelyn Tarver","name","2026-10-05",,
"6HIvdxEp3DJ5IoiPcqIquO","Katie Buxton","7977980","Katie Buxton","name","2026-10-05",,
"20D6Jrpn4bZvOBq63Jisfx","Katie Garfield","1614966","Katie Garfield","name","2026-10-05",,
"34P8mPdsRblmeUuXsGeTRk","Katie Hargrove","7743680","Katie Hargrove","name","2026-10-05",,
"5jbP6txZCMe5l7QLZ1pmJ3","Katie Herzig","199299","Katie Herzig","name","2026-10-05",,
"1c5w8KrxGwq44fxM5lGB4s","Katie Pruitt","14225311","Katie Pruitt","name","2026-10-05",,
"31bkgXHo67awewnmvrdsah","Katie Sky","2502331","Katie Sky","name","2026-10-05",,
"1jFtp5typFk2APxea5TfQk","Katrina Stone","9851672","Katrina Stone","name","2026-10-05",,
"4sdhhi6q1Ez9l5PagQsykC","Katy Nichole","157930972","Katy Nichole","name","2026-10-05",,
"6jJ0s89eD6GaHleKKya26X","Katy Perry","144227","Katy Perry","name","2026-10-05",,
"5IaEr6F07mcnxiMncoQIas","Kay Malik","14187311","Kay Malik","name","2026-10-05",,
"7o6uQNwIGw0FgF8U5vnfBV","Kaya May","6140578","Kaya May","name","2026-10-05",,
"4hXT6A14n901v8DU5Of337","KAYEF","4322111","KAYEF","name","2026-10-05",,
"4wfpSYrkbZDCORuOeSTdS4","KAYKO","66262722","Kayko","name","2026-10-05",,
"4AmUGb0jed9TEc5NFINRyv","Kayla Hall","5454773","Kayla Hall","name","2026-10-05",,
"43G7qlx7v7OGJJrUTXIqLq","Kayla Rae Haywood","264119891","Kayla Rae Haywood","name","2026-10-05",,
"4J3TXBvAMckFbTxqxNYpDj","Kaylee Bell","3892951","Kaylee Bell","name","2026-10-05",,
"7jB0NZ1IvNO3vkpVXOZs95","Kaylee Federmann","13884193","Kaylee Federmann","name","2026-10-05",,
"6T6PhZvVp4pb5rbnj1ygeQ","Kayley Bishop","140948272","Kayley Bishop","name","2026-10-05",,
"2IHsK4JgDj7rDVHQkLQ4Kx","Kayna Montecillo","284134951","Kayna Montecillo","name","2026-10-05",,
"317ZSOlGddnfDmwE7DyITA","KAYNAH","260743181","KAYNAH","name","2026-10-05",,
"53A0W3U0s8diEn9RhXQhVz","Keane","106","Keane","name","2026-10-05",,
"5pJ0z6sODdkG2w8xTrxBQ8","Keegan Allen","11899863","Keegan Allen","name","2026-10-05",,
"4dOtX7sKkyguhRj1Gkvvl7","Keelan Donovan","4040154","Keelan Donovan","name","2026-10-05",,
"6Ge3YISmUWPCUcSVx8VGor","Keenan Te","107861442","Keenan Te","name","2026-10-05",,
"0chh7dlaUzEreDTulHiOlm","KEiiNO","56259622","Keiino","name","2026-10-05",,
"7ey2WoBWg8ibvFA69UNy0M","Keir Gibson","67080852","Keir Gibson","name","2026-10-05",,
"3Q1T3DDlR4lY9kqIQsDhMn","Keith Goodwin","5203282","Keith Goodwin","name","2026-10-05",,
"5mRROw71EceBbR8KutvmOx","Keith Harkin","3955041","Keith Harkin","name","2026-10-05",,
"0u2FHSq3ln94y5Q57xazwf","Keith Urban","3249","Keith Urban","name","2026-10-05",,
"1WmFkdy2mHEoItVK2t7OL9","Keith Wallen","4682014","Keith Wallen","name","2026-10-05",,
"4NhBhwipQcDsV9mqqOltay","Kellie Loder","1545704","Kellie Loder","name","2026-10-05",,
"49FeZO3eSrJs7oH7lYLU1r","Kelly Price","9988","Kelly Price","name","2026-10-05",,
"3AuMNF8rQAKOzjYppFNAoB","Kelly Rowland","13124","Kelly Rowland","name","2026-10-05",,
"1WKwvWRG8MdHAwHsSv9lXb","Kelsey Hart","9623180","Kelsey Hart","name","2026-10-05",,
"2eoYr2pnDgyoDe9GLhuBoo","Kelsey Lamb","11477098","Kelsey Lamb","name","2026-10-05",,
"712ZtYak5pWK9RJjcyxdKl","Kenan Thompson","5852452","Kenan Thompson","name","2026-10-05",,
"1WRqSjab6ACpYs4kvdrmFq","Kent Olsson","7247134","Kent Olsson","name","2026-10-05",,
"1L3mQeJx5YUcTqhIHD7pjV","Kenzie Nimmo","7204586","Kenzie Nimmo","name","2026-10-05",,
"3G1hbI92R8VG7TaczEhQG1","Kenzie Wheeler","7230724","Kenzie Wheeler","name","2026-10-05",,
"63wjoROpeh5f11Qm93UiJ1","Keri Hilson","75206","Keri Hilson","name","2026-10-05",,
"7juYa1BWDjXZN6LlOiB6JL","Kerry Degman","4911708","Kerry Degman","name","2026-10-05",,
"6LqNN22kT3074XbTVUrhzX","Kesha","12768673","Kesha","name","2026-10-05",,
"0DwdA5ZgTJcIQ2uIhc110D","Keung To","126889862","Keung To","name","2026-10-05",,
"7vjysb7HY9cLyDyHCMEtZu","Kevin Boine","8725492","Kevin Boine","name","2026-10-05",,
"2Ax0HcxOx9VO9TYQNZBNTm","Kevin Close","71992272","Kevin Close","name","2026-10-05",,
"66ScZxprvrMbCtN4ivA0JX","Kevin Devine","2771","Kevin Devine","name","2026-10-05",,
"7H0dyws9JvjtecZazKLNpM","Kevin Faye","6096526","Kevin Faye","name","2026-10-05",,
"3fl6aHqIakh3BULwkrpmJ2","Kevin Lake","13219055","Kevin Lake","name","2026-10-05",,
"4RPUSziPHrjcBUEfIUcb2I","Kevin Olusola","1133264","Kevin Olusola","name","2026-10-05",,
"5BlScQ5iWCzbxbcwhkeNLd","Kevin Paris","1274414","Kevin Paris","name","2026-10-05",,
"1CuoMwkIXKILoyW9dIXziU","Kevin Simm","159469","Kevin Simm","name","2026-10-05",,
"0Mihk33hOz5pYMIDALdiFG","Kevin Winebarger","13391867","Kevin Winebarger","name","2026-10-05",,
"5jDPj9yB2GIcEBMzOBnBO6","Kevjumba","12407366","KevJumba","name","2026-10-05",,
"7xWOrth47J9AH1TsUSlTgD","Kfir Ochaion","10669749","Kfir Ochaion","name","2026-10-05",,
"4m6ubhNsdwF4psNf3R8kwR","KHEA","13028375","KHEA","name","2026-10-05",,
"2pkCWhqM1yj2UAFXcAZx95","Kheela","12330952","Kheela","name","2026-10-05",,
"5fUbM1zPxRNlooyLpOB2j3","Kid Astray","4099982","Kid Astray","name","2026-10-05",,
"4yF9R6XUAJ6EFURuOzVYQg","Kid Politics","11921109","Kid Politics","name","2026-10-05",,
"3JQMhGLU0F6IeOzlDZiUNW","KiD RAiN","94396702","KiD RAiN","name","2026-10-05",,
"6ovlMe2HTmv1MmrZfsoBqY","Kids In America","88862062","Kids In America","name","2026-10-05",,
"1Vvvx45Apu6dQqwuZQxtgW","Kidz Bop Kids","320265","Kidz Bop Kids","name","2026-10-05",,
"4OxvBCXH7LFVjugbQOaTTz","Kiera Loveless","13566909","Kiera Loveless","name","2026-10-05",,
"6AVon1me4OpHj4mfxTFSHW","Killian Donnelly","7414584","Killian Donnelly","name","2026-10-05",,
"1FbsmLXvj5CccZj6JLk46Z","Kim Cesarion","4551763","Kim Cesarion","name","2026-10-05",,
"0k5dfZ7J3tg2cvsjkTX796","Kim Rysstad","13661959","Kim Rysstad","name","2026-10-05",,
"7h4j9YTJJuAHzLCc3KCvYu","Kina Grannis","405995","Kina Grannis","name","2026-10-05",,
"1IdbSuYtF7RSaFarmctwoE","King Calaway","58000722","King Calaway","name","2026-10-05",,
"3jivTPQnC8Vupqc3EFO33c","King Green","1054009","King Green","name","2026-10-05",,
"2qPxiZiD34NtmokWN6RoP2","King Topher","124688132","King Topher","name","2026-10-05",,
"5XAc3nSssOTAg4LIZ1XVpT","King Vvibe","63017562","King Vvibe","name","2026-10-05",,
"6c2qQFq3xfxFJndX6wSe4f","Kingfishr","177075417","Kingfishr","name","2026-10-05",,
"6ucciFhPKqdBV2tWwJTUJh","Kingtwiins","107749372","Kingtwiins","name","2026-10-05",,
"6MB38cbBCtoUoLWf8U22Ub","Kiran + Nivi","14819323","Kiran + Nivi","name","2026-10-05",,
"1gDqusjIzYDk5QhSjeRvvT","Kirk Ross","2611251","Kirk Ross","name","2026-10-05",,
"5wZea2jH6qM1cRkKLPZ3S1","Kirsten Collins","2144361","Kirsten Collins","name","2026-10-05",,
"1bBuI4Wy0ChdLM9QKlyQNH","Kirstin Maldonado","8946974","Kirstin Maldonado","name","2026-10-05",,
"1KFcbdF1lM9FGM0pMzfoqF","KJ Apa","1646790","Kj Apa","name","2026-10-05",,
"1yNnmCrLBExyTTvdYKy1bb","Kjartan Sveinsson","4486124","Kjartan Sveinsson","name","2026-10-05",,
"1L9i6qZYIGQedgM9QLSyzb","Klingande","414428182","Klingande","name","2026-10-05",,
"6XFNM3VxPM64ATHs1EYJn9","Klockrent!","11427496","Klockrent!","name","2026-10-05",,
"4CSD8L9KIPNIYFaUQPgENh","Klovner I Kamp","1240004","Klovner I Kamp","name","2026-10-05",,
"2yNwUFuBo1AHku44k9GT5r","knowhere","1133345","Knowhere","name","2026-10-05",,
"3TJPh0fdh43ILheLWkYDHv","Knut Marius","5395818","Knut Marius","name","2026-10-05",,
"1OTNNdgU6qLUTCwvJxcObX","Knutsen & Ludvigsen","272624","Knutsen & Ludvigsen","name","2026-10-05",,
"7s2utRyhOMtRg54HNRjzGg","Kodi Lee","180454617","Kodi Lee","name","2026-10-05",,
"58R5LHkK3vkmEyGUPOR5kS","KONGOS","712900","Kongos","name","2026-10-05",,
"2RE8NwNxsOyuNZDD0jRxHP","Kool Moe Dee","71885","Kool Moe Dee","name","2026-10-05",,
"2y6QeIG1ybty5FFijFCk3Z","Koolulam","50732312","Koolulam","name","2026-10-05",,
"5xaoFkc3w6UTdTZ1GJOIsG","Korbee","4185692","Korbee","name","2026-10-05",,
"31lnFZEM6ysvjOx59VyxRE","Krept & Konan","4777938","Krept & Konan","name","2026-10-05",,
"0Cd6nHYwecCNM1sVEXKlYr","Krewella","1707587","Krewella","name","2026-10-05",,
"1XsNOsypcygLr6VcuR74eg","Krista Nicole","251549272","Krista Nicole","name","2026-10-05",,
"6H2X3nGSnuLh8UeEyair9A","Kristian Bush","4417376","Kristian Bush","name","2026-10-05",,
"75ZTlOo6olxm9thcXVh6Ta","Kristian Kristensen","5395820","Kristian Kristensen","name","2026-10-05",,
"61fqRzZ9aHyPeTdUIqEEFx","Kristian Stanfill","244957","Kristian Stanfill","name","2026-10-05",,
"2quK1rzyuUq4XuyMlZOsKJ","Kristian Valen","80815","Kristian Valen","name","2026-10-05",,
"2vxWDuk2inw00eo3Hag2QR","Kristin Amparo","4669222","Kristin Amparo","name","2026-10-05",,
"4EDpB4Vu2ZZW1vdcnvxhir","Kristina Dorothea Drivdal","13363317","Kristina Dorothea Drivdal","name","2026-10-05",,
"4y5d67UxD0QON2vRZOjXZ6","Kristle Edwards","4555328","Kristle Edwards","name","2026-10-05",,
"31Rv7Yk0rBrYdQ0ELNZDaR","Kristolyn Lloyd","4389562","Kristolyn Lloyd","name","2026-10-05",,
"5zzrJD2jXrE9dZ1AklRFcL","KT Tunstall","284","KT Tunstall","name","2026-10-05",,
"3fFoaTI85WuaVkSMUxeYRd","Kurt Darren","102794","Kurt Darren","name","2026-10-05",,
"49HPMFWsosCuRf810Ay1Vv","Kurt Nilsen","5633","Kurt Nilsen","name","2026-10-05",,
"3hxWaqOFMEKfbdxs3O9Iwj","Kurt Stevens","8042707","Kurt Stevens","name","2026-10-05",,
"1XTGADISSMRf8B4TcVGYUC","Ky-Mani Marley","119801","Ky-Mani Marley","name","2026-10-05",,
"5i7H54Igst2P6hLWPyalGu","Kylan Road","9551168","Kylan Road","name","2026-10-05",,
"6LamrVF16MEe2AO5WAGodJ","Kyle Church","11627533","Kyle Church","name","2026-10-05",,
"0p3tzEAt0XWrBqbrwBoN1I","Kyle Hume","13610227","Kyle Hume","name","2026-10-05",,
"3VLXw7Phdo2mLlUoB5B59j","Kyle Lionhart","11664741","Kyle Lionhart","name","2026-10-05",,
"66QoLs8jMZmdI0AX5V5PsC","Kyle Wesley","57064152","Kyle Wesley","name","2026-10-05",,
"3cWV5Q9peiGm9snMvrzDYx","Kyler Fisher","79348382","Kyler Fisher","name","2026-10-05",,
"3g2yaL04Uapb5fxmwsUZgV","Kylie Morgan","1029322","Kylie Morgan","name","2026-10-05",,
"0c6DUuMDIsuhBUUgYRGI30","Kyson Facer","8931300","Kyson Facer","name","2026-10-05",,
"3Zzo9G7beienFXgXl0N3IJ","Lachie Gill","57162712","Lachie Gill","name","2026-10-05",,
"32WkQRZEVKSzVAAYqukAEA","Lady A","115208942","Lady A","name","2026-10-05",,
"6tPHARSq45lQ8BSALCfkFC","Lainey Wilson","6303698","Lainey Wilson","name","2026-10-05",,
"0vWxIYduLUVIrf0jCB8bOb","Lajon Witherspoon","4502620","Lajon Witherspoon","name","2026-10-05",,
"3xUOfcjI28K3wDVZfblMBV","Lakelands","12303514","Lakelands","name","2026-10-05",,
"5WKHVPD6N8FP2ixMse2RX3","LaKesha Nugent","60237662","LaKesha Nugent","name","2026-10-05",,
"4q4aWx2s5KS9s0FA8MTRn7","Landeveiens Helter","120137372","Landeveiens Helter","name","2026-10-05",,
"7v7ZHMKWTZiq4btxQHZSeP","Landon Austin & Julia Sheer","4736036","Landon Austin & Julia Sheer","name","2026-10-05",,
"2SpckG1WSOarR05nGg5tjE","Landon Wolfe","87011292","Landon Wolfe","name","2026-10-05",,
"7uRgKJfoqXp05a5OKhpEXS","Laney Jones","5373691","Laney Jones","name","2026-10-05",,
"5lhCycgJCjQIMpWNk4DycY","Lanie Gardner","109873752","Lanie Gardner","name","2026-10-05",,
"6rPGKWFVuwuRPPuh1QitHc","LaPeer","11015524","LaPeer","name","2026-10-05",,
"6bzG909aYBHPSo8DVqvJK3","Lara Samira","66479372","Lara Samira","name","2026-10-05",,
"7d10VF1J4LqW7vrpPOngzm","Larkin Poe","389902","Larkin Poe","name","2026-10-05",,
"6wMcOYgBlkGB7Vj888cNGr","Lars Erik Blokkhus","6594874","Lars Erik Blokkhus","name","2026-10-05",,
"4CsBncSx4uJndJSDmVr0KJ","Lasse Lundberg","53634562","Lasse Lundberg","name","2026-10-05",,
"7uUGXxrFbbWncAjVWgMXo1","Lasso the Sun","85869372","Lasso The Sun","name","2026-10-05",,
"4XcWGQLABhobEjxJJWvu4h","Last Night","1013160","Last Night","name","2026-10-05",,
"71o2qG4Qam85pPaPlw4zhN","Late Night Thoughts","13986293","Late Night Thoughts","name","2026-10-05",,
"5CN1DkR3F5RoHI2QZF1cn9","Late Nine","120817722","Late Nine","name","2026-10-05",,
"6Wg68vsyRjVt7TRJsWNWSP","Lathan Warlick","12374194","Lathan Warlick","name","2026-10-05",,
"5hqM93qFRmwRv3QGrLO0jK","Laura Dreyfuss","7621412","Laura Dreyfuss","name","2026-10-05",,
"1WKj0LfG2ZQXTszvdQ5yPK","Laura Izibor","66089","Laura Izibor","name","2026-10-05",,
"6wIj7GdxBjFtw6ySpzazwo","Laura Williams","4555327","Laura Williams","name","2026-10-05",,
"43sKBGtNLR3Ovs81KWzQg7","Laura Zocca","8833054","Laura Zocca","name","2026-10-05",,
"1v3tdpIdBSW14rHUfiEVOv","Lauren Alaina","1218821","Lauren Alaina","name","2026-10-05",,
"7imY9slM0vCCTWjaEtRdqL","Lauren Cimorelli","4507947","Lauren Cimorelli","name","2026-10-05",,
"40LHVA5BTQp9RxHOQ9JPYj","Lauren Daigle","5265504","Lauren Daigle","name","2026-10-05",,
"65Soberz2DNvbx2hrxHcx5","Lauren Duski","6404912","Lauren Duski","name","2026-10-05",,
"79AyR6ATpj2LTPxfb6FX50","Lauren Spencer Smith","139289332","Lauren Spencer Smith","name","2026-10-05",,
"0eYsDVXAe2mc4F8QrBLHAq","Lauren Weintraub","6960497","Lauren Weintraub","name","2026-10-05",,
"6hAenNlARdfhIsPSamrmfc","Lauren-Michael Sellers","1407213","Lauren-Michael Sellers","name","2026-10-05",,
"1N0l9m9vGNeUwDT8YoengP","Lauryn Evans","49457562","Lauryn Evans","name","2026-10-05",,
"0LcYBwBCEx7HtiwI1UJnqA","Lawrence Stallings","5316883","Lawrence Stallings","name","2026-10-05",,
"43wzl0k3DORwdmXqLPUmkp","Lawson Bates","7451548","Lawson Bates","name","2026-10-05",,
"6IdzRunozxePQ14ElzQGtz","Layne Elizabeth","14011911","Layne Elizabeth","name","2026-10-05",,
"3fGhNTTL2CbmVAkGWpcJAA","Layup","5412382","Layup","name","2026-10-05",,
"51WaYKBXeKKZuI5XLnD39k","Leah Marlene","7239536","Leah Marlene","name","2026-10-05",,
"5WHKBKrvTBMPoQX3v3Bq8J","Leah Nobel","1284593","Leah Nobel","name","2026-10-05",,
"3dm6lDgdQh05XDHGhb9XQf","Leanna Crawford","7047363","Leanna Crawford","name","2026-10-05",,
"67igAZjBrO42dnYYbTT6WI","Leaving Austin","5340597","Leaving Austin","name","2026-10-05",,
"0zp9qNDSeYi3QEodhcKAAA","Lebo M.","184989","Lebo M.","name","2026-10-05",,
"1CFCsEqKrCyvAFKOATQHiW","Lecrae","394387","Lecrae","name","2026-10-05",,
"738OS3zrCO782uDiUN9pet","Lee Ann Womack","2313","Lee Ann Womack","name","2026-10-05",,
"5Zq7R5qmi58ByYyBQTlNuk","Lee Brice","393469","Lee Brice","name","2026-10-05",,
"6q2Zv0SpjeSMuDb2o1QBoB","Lee Cole","1501050","Lee Cole","name","2026-10-05",,
"1KNNZV9twnpQBqyUoGvWA6","Lee DeWyze","478697","Lee DeWyze","name","2026-10-05",,
"3osLvnBGfFBUHhuWDLLmOB","Lee Harris","1129568","Lee Harris","name","2026-10-05",,
"6j1fmLreVuAay7k6Gudfa2","Leeland","261944571","Leeland","name","2026-10-05",,
"5slpk6nu2IwwKx0EHe3GcL","Lena","10337688","Lena","name","2026-10-05",,
"5TrH0BhpRgs2gkOb992bGC","Lene Marlin","627","Lene Marlin","name","2026-10-05",,
"720fJ5sGqAOhvU2IUypqIr","Lennon & Maisy","4101832","Lennon & Maisy","name","2026-10-05",,
"1cZQSpDsxgKIX2yW5OR9Ot","Lennon Stella","4438241","Lennon Stella","name","2026-10-05",,
"53jnmn9H7xBlHrveqx9p2A","Leo Dante","175902847","Leo Dante","name","2026-10-05",,
"6SFfIuD5GBbqUj5BKAlfNZ","Leo Soul","5399336","Leo Soul","name","2026-10-05",,
"20Ao9QW4XqXbQS1sMAonqE","Leo Varga","217779865","Leo Varga","name","2026-10-05",,
"3qnGvpP8Yth1AqSBMqON5x","Leon Bridges","73487932","Leon Bridges","name","2026-10-05",,
"1qwVM2JnEMXbKgvZESGsRn","Leroy Sanchez","4432402","Leroy Sanchez","name","2026-10-05",,
"1hKEBSwDGhKmshGFWiWm7S","Lesley Roy","146632","Lesley Roy","name","2026-10-05",,
"0pocOEvAFVPdmWwXtvsLYi","Leucadia","11437098","Leucadia","name","2026-10-05",,
"74wwB8fuPfI5zliwuEy3IS","LEW","101165172","Lew","name","2026-10-05",,
"6Mpy1KBXWPyimTZsdFWmT7","Lewi Bergrud","5135968","Lewi Bergrud","name","2026-10-05",,
"1Wo7IA61yYktODuRzN4QEE","Lewis Canner","7521432","Lewis Canner","name","2026-10-05",,
"4GNC7GD6oZMSxPGyXy4MNB","Lewis Capaldi","12088868","Lewis Capaldi","name","2026-10-05",,
"40ELTAg7Kg6vbWnlyx2n9R","Lewis Watson","1389730","Lewis Watson","name","2026-10-05",,
"31TM5zBknJ7ZInbxnR0rlX","lewloh","103893412","lewloh","name","2026-10-05",,
"6DMW6nsE4jwbBxUxrvNi2X","Lex Press","5517953","Lex Press","name","2026-10-05",,
"1qo3qvulyeKNNWjFCPXwwb","LeyeT","11927385","LeyeT","name","2026-10-05",,
"2mDhHH4fB6g1dSgmHlqN3Z","Liahona Olayan","11631885","Liahona Olayan","name","2026-10-05",,
"11sO0qmpXmWTao5o5nL8lT","Liam Cooper","9902594","Liam Cooper","name","2026-10-05",,
"3dkie6yywJJVPCTO4b5AP9","Liam Ferrari","7961540","Liam Ferrari","name","2026-10-05",,
"6PzLgWfLqrDzp9QzR5RZTE","Liam Fitzgerald","5182413","Liam Fitzgerald","name","2026-10-05",,
"6wZC017FAtSMsGgYpFiGsJ","Liam Higgins","56247482","Liam Higgins","name","2026-10-05",,
"1JYg8U6q46MYYZ4sq2O031","Liam Titcomb","484010","Liam Titcomb","name","2026-10-05",,
"4Gkx2tMTpTozbt11UxJKcn","Life of a Busker","172757687","Life of a Busker","name","2026-10-05",,
"6e4aHkdDUcsaXPTQdF6Qhn","Life of Dillon","7416422","Life of Dillon","name","2026-10-05",,
"5PokPZn11xzZXyXSfnvIM3","Lifehouse","726","Lifehouse","name","2026-10-05",,
"0vcwz5p12IjG28hvDwptpt","Lights Follow","12020184","Lights Follow","name","2026-10-05",,
"2kCcBybjl3SAtIcwdWpUe3","Lil Peep","11420468","Lil Peep","name","2026-10-05",,
"0Dt97GvTO4dxdBYqyxLwLY","Lilianna Wilde","11260464","Lilianna Wilde","name","2026-10-05",,
"4EptfQNbPznyvIVtinpFnK","Lilla My","60225972","Lilla My","name","2026-10-05",,
"15saPvefLxxtw3nvTOCUg0","Lille Saus","11105842","Lille Saus","name","2026-10-05",,
"2s8bgT1CE6KOA0a2omeCDk","Lilly Ahlberg","9224668","Lilly Ahlberg","name","2026-10-05",,
"50OApTJurDusIo9dGTqSU4","Lilly Wood and The Prick","307677","Lilly Wood And The Prick","name","2026-10-05",,
"2W45jv4PMTan9mtbMOtPne","Lily Costner","5296166","Lily Costner","name","2026-10-05",,
"1mY66135CEOJg0KTwDIk4N","Lily Fitts","220114665","Lily Fitts","name","2026-10-05",,
"5WC6EbIrTO76x30w5LtzS6","Lily Meola","5226738","Lily Meola","name","2026-10-05",,
"1pBLC0qVRTB5zVMuteQ9jJ","Lily-Rose Depp","10507817","Lily-Rose Depp","name","2026-10-05",,
"1aoy0R8uP3x33eqKZOLpN1","Lincoln Brewster","12230","Lincoln Brewster","name","2026-10-05",,
"3VOmLCCFgGTtFJKLza3fwp","Linda Varg","893978","Linda Varg","name","2026-10-05",,
"3iXbk9rVDOG1wOP66b90Eq","Lindsay Joan","13797557","Lindsay Joan","name","2026-10-05",,
"3Dzj993UEz8Z5ovxuirzFO","Lindsey Buckingham","2187","Lindsey Buckingham","name","2026-10-05",,
"0MVykwUsSXnEBk8hAwKjYY","Lindsey Fish","106938112","Lindsey Fish","name","2026-10-05",,
"2qkGoWlOdUyYI4L2AqnASY","Lindsey Ray","470650","Lindsey Ray","name","2026-10-05",,
"5lVz6NdSc7oMg1eIExCrO7","Linedy Genao","10273462","Linedy Genao","name","2026-10-05",,
"2aBpZ2C5sQ8eZuHG7xLEAt","Link Lewis","51554202","Link Lewis","name","2026-10-05",,
"6XyY86QOPPrYVGvF9ch6wz","Linkin Park","92","Linkin Park","name","2026-10-05",,
"3wuG1n9nWNz4szSzITG7wO","Linnea Dale","1592904","Linnea Dale","name","2026-10-05",,
"5NMwwvYHzJ9ItOWj8Xgth8","Linus Svenning","4904026","Linus Svenning","name","2026-10-05",,
"20a7iq8UVWB82arsmrJHFf","Liquid Todd","403708","Liquid Todd","name","2026-10-05",,
"3LnKjRAWZqaSyJnHqc05Rq","Lisa Cimorelli","4507945","Lisa Cimorelli","name","2026-10-05",,
"1waNCj8NsTBTb1WzOPkTyR","Lisa Oribasi","13613107","Lisa Oribasi","name","2026-10-05",,
"6UcChJFHqKzPPnNxAY5D0s","Listener Kids","10787934","Listener Kids","name","2026-10-05",,
"02JcGUwsRP5xgPDdWMxCW0","Liteyears","10089760","Liteyears","name","2026-10-05",,
"2N19kPGlqKY8GiyE4DkAtp","Little Glee Monster","8002186","Little Glee Monster","name","2026-10-05",,
"3QN1rAppoKbXhExveckTuO","Little Hurt","72927562","Little Hurt","name","2026-10-05",,
"0X9dw83QR5kirBVlMffpKW","Liv Harland","13821063","Liv Harland","name","2026-10-05",,
"65lZRTNk0g1FdoZQCpgaP8","Liv Harris","72057572","Liv Harris","name","2026-10-05",,
"0880SwmMnloU70bjrwbdOa","Liv Romano","171647337","liv romano","name","2026-10-05",,
"1FN3UEetBb2iNjcNAmrv4r","Live Lounge Allstars","92086112","Live Lounge Allstars","name","2026-10-05",,
"1syVE7WNhBm2aXgvZ4HaLZ","LIVVIA","13757557","LIVVIA","name","2026-10-05",,
"5v4XGACPGcMZs2ANXBzVmC","Liz Lawrence","625303","Liz Lawrence","name","2026-10-05",,
"0Yo6U1xuKe8YYdr09KEQt2","Liz Stewart","4803643","Liz Stewart","name","2026-10-05",,
"6ErLTSGjADcbmh10k8uion","Lizzie Morgan","246362842","Lizzie Morgan","name","2026-10-05",,
"4Zhze2S9VmhQbetT3nHm6r","Lizzy Greene","60248692","Lizzy Greene","name","2026-10-05",,
"1Cg7AdS9hOJBqmGUdbQ6Ux","Lizzy Land","10495009","Lizzy Land","name","2026-10-05",,
"1GmsPCcpKgF9OhlNXjOsbS","Lizzy McAlpine","14157839","Lizzy McAlpine","name","2026-10-05",,
"5ClI85R53c2eVqUUOVRS8X","Lloyd Miller","270594","Lloyd Miller","name","2026-10-05",,
"1r2EC1UsQXwtqVN9valnT2","Llunr","54139762","Llunr","name","2026-10-05",,
"7tje8UB3cuR1ZfeJx2U38T","Logan Mize","4335007","Logan Mize","name","2026-10-05",,
"20zLPIxzak3so35tlWU4ZR","Logan Smith","5133363","Logan Smith","name","2026-10-05",,
"3HRTvR1YBk5ca06q8qtphu","Loomin","12850201","Loomin","name","2026-10-05",,
"6ltzsmQQbmdoHHbLZ4ZN25","Lord Huron","887565","Lord Huron","name","2026-10-05",,
"6LY5FulhprTEQRAUJQOnPX","Loren Allred","5371927","Loren Allred","name","2026-10-05",,
"66JYtwqQMdDFgBgMP1NENW","LOS LEO","15307803","LOS LEO","name","2026-10-05",,
"22LWBhZGE9ycuFtLV6jJYG","Lost Stars","11165594","Lost Stars","name","2026-10-05",,
"4RCALXqxv2udxtuLatKPSi","Lost Stories","1351220","Lost Stories","name","2026-10-05",,
"634K1Y2zhBHexel2Ma4xsC","Lost Under Heaven","10816428","Lost Under Heaven","name","2026-10-05",,
"03UTtO2Zq2GKk4gQRY9zq6","Lou Elliotte","53633412","Lou Elliotte","name","2026-10-05",,
"0i387pRmgJfOoxYD3oDeFW","Louis II","51703602","Louis II","name","2026-10-05",,
"5BetBW9qPtByS2TTnZ3O3U","Louis Knight","70150122","Louis Knight","name","2026-10-05",,
"0owrNlxvcLL8KI0U5sYBUb","Louis York","7572046","Louis York","name","2026-10-05",,
"5IHqlcCbQkyhWl0KmIwgeq","Louisa Johnson","9507694","Louisa Johnson","name","2026-10-05",,
"6xEkTJqTsYdjbnj0MJeu3j","Loulou LaMotte","157873","LouLou Lamotte","name","2026-10-05",,
"4FH6xGueB6CRmiEdtPnu41","Louyah","13837521","Louyah","name","2026-10-05",,
"3MPhQdwcGDArJTh3SvU9nj","lovad","76536272","lovad","name","2026-10-05",,
"1xU1V8I8pFrMOjtuSmjPBs","Love & The Outcome","4704518","Love & The Outcome","name","2026-10-05",,
"0svmVqwlzmbBfwofH6uGbk","Lovespeake","9459742","Lovespeake","name","2026-10-05",,
"6psCCMHymYfQy6VvYRr6cs","Loving Caliber","14580005","Loving Caliber","name","2026-10-05",,
"13lPePI5ccWaNF2wzSi1GN","Lovisa Bengtsson","81503502","Lovisa Bengtsson","name","2026-10-05",,
"1mbybf2CrAiwWiznqA8R3g","LOWES","12436350","LOWES","name","2026-10-05",,
"4bKUAe1VLjBB1W0SmfHjhG","loyalties","81471522","loyalties","name","2026-10-05",,
"6IZ4ctovY9dl7bgHClAvKJ","LSD","110950032","LSD","name","2026-10-05",,
"3qvcCP2J0fWi0m0uQDUf6r","Luan Santana","1264078","Luan Santana","name","2026-10-05",,
"149gSkst4bm3PyT2CR7lht","Luca Aprile","8255106","Luca Aprile","name","2026-10-05",,
"3GKdEPHUSBp3iNT4SG2Med","Luca Fogale","11436152","Luca Fogale","name","2026-10-05",,
"5fiYAV2DWASxAUKDq7Gbe9","Luca Schreiner","7120815","Luca Schreiner","name","2026-10-05",,
"2KJz63KAQx9VwpZVTvYy0s","Lucia Sousa","12605727","Lucia Sousa","name","2026-10-05",,
"60ht0hWRy1yjUDfNsLuHuP","Lucinda Williams","6981","Lucinda Williams","name","2026-10-05",,
"3SXyu7eV3yPbCexRli5H2q","Lucky Dropout","83882582","Lucky Dropout","name","2026-10-05",,
"6xzw5aUZjoW4siq4PDB1QC","Lucky Socks","213288907","Lucky Socks","name","2026-10-05",,
"4gWAItIMhYCdD82T8tvv3T","Lucy Hale","4036211","Lucy Hale","name","2026-10-05",,
"6f5Tjpxz9kTRj05LKWlOpf","Lucy Schwartz","205216","Lucy Schwartz","name","2026-10-05",,
"6QH7pTgRTfOhXcZHmFwPNl","Lucy St. Louis","171473497","Lucy St. Louis","name","2026-10-05",,
"74ELd1GTp5fY2NFCiY5RNl","Ludwig Hart","1596477","Ludwig Hart","name","2026-10-05",,
"07XauCrxPFWsh2M4Uqn1W0","Lukas Claude","75113082","Lukas Claude","name","2026-10-05",,
"3oiT7YsN5cdWj1DppuZ4SA","Lukas Larsson","49856522","Lukas Larsson","name","2026-10-05",,
"0e4advNieUnd0MDe4rRFSF","Luke & Jay","60077012","Luke & Jay","name","2026-10-05",,
"0BvkDsjIUla7X0k6CSWh1I","Luke Bryan","242132","Luke Bryan","name","2026-10-05",,
"6z2b34bVnh4qkdXKdpuFic","Luke Charles","74117752","Luke Charles","name","2026-10-05",,
"787bCXOIvGeBw0Bc4kEjhD","Luke Christopher","4121726","Luke Christopher","name","2026-10-05",,
"331m5tLxS4H6mBbwO9hCXY","Luke Conard","2249461","Luke Conard","name","2026-10-05",,
"7eUxT2qrnRN7aRmwmhRSdg","Luke Cyrus","12698293","Luke Cyrus","name","2026-10-05",,
"7t6cXssTAtfc6F316tvLv7","Luke Elliot","776643","Luke Elliot","name","2026-10-05",,
"5rhcXbjwP1pnyqjlNo4AoP","Luke James Shaffer","5336557","Luke James Shaffer","name","2026-10-05",,
"5XuL1nOVleSzGz6sN8H7rN","Luke May","4827059","Luke May","name","2026-10-05",,
"2Cd44ho20XhLnQu1ArHqWh","Luke Thompson","998471","Luke Thompson","name","2026-10-05",,
"50NR3xfwggUJ0KUJgx2dGv","Luke Treadaway","5001674","Luke Treadaway","name","2026-10-05",,
"7zrkFhYAp6dBxsydmJkouN","lullaboy","62270582","lullaboy","name","2026-10-05",,
"7a3sDI6GCVntr6RXmCphhl","Lulu West","13219737","Lulu West","name","2026-10-05",,
"3yo2YhKm6tyM9NHkd3zgYJ","Luminate","319999","Luminate","name","2026-10-05",,
"3L3LFvtOjqaNkOvZDIFnW0","Luminati Suns","200898707","Luminati Suns","name","2026-10-05",,
"1Mqp7hngFJzrCbUePtHzTj","Luna Keller","11855903","Luna Keller","name","2026-10-05",,
"3Ei4Zm5sKiLabWKEd8hfRh","Luna Morgenstern","11405354","Luna Morgenstern","name","2026-10-05",,
"2QlwnS23KrBeshXFyK5U6M","LVNDSCAPE","7981212","LVNDSCAPE","name","2026-10-05",,
"6kveFlWW2CZY1bfiX51UnW","Lxandra","11847389","Lxandra","name","2026-10-05",,
"5RPn6T4WDkHKAnEoUw874J","Lynda DeFuria","646781","Lynda DeFuria","name","2026-10-05",,
"0yZG22ntdDqVCFIulOTc8x","LYRA","1036001","Lyra","name","2026-10-05",,
"3Nbau9SoiH72jmJdUTqjOY","Lzzy Hale","5796373","Lzzy Hale","name","2026-10-05",,
"3Y93cY3JZhLEfBVf7HL6o6","MAAPS","274909461","MAAPS","name","2026-10-05",,
"1MIVXf74SZHmTIp4V4paH4","Mabel","103103","Mabel","name","2026-10-05",,
"2dSu4iBQikoVlBc43gwaHY","Mac McAnally","610665","Mac McAnally","name","2026-10-05",,
"4qZZBNH9JdMhWUwplqFgHS","Mackan n Matthew","14490923","Mackan n Matthew","name","2026-10-05",,
"3pg4cfNfPC0ehk912YtXe9","MacKenzie Bourg","5876084","MacKenzie Bourg","name","2026-10-05",,
"6nXco5Q3cJJ0ZutnBOsSpq","MacKenzie Porter","5577068","MacKenzie Porter","name","2026-10-05",,
"28WNtilgFPn1mdz3h0FjHl","Mackenzy Mackay","13337229","Mackenzy Mackay","name","2026-10-05",,
"6WLvgbfYXQPO396oJEYCsi","Macklemore & Ryan Lewis","893222","Macklemore & Ryan Lewis","name","2026-10-05",,
"5BcAKTbp20cv7tC5VqPFoC","Macklemore & Ryan Lewis","893222","Macklemore & Ryan Lewis","name","2026-10-05",,
"29ZmYR2TwSfAjdosOQmIpG","Madalyn Rae","308285271","Madalyn Rae","name","2026-10-05",,
"6c4sUNBgdonFJz8Kx2VsGz","Madcon","74787","Madcon","name","2026-10-05",,
"6p0HFtE6QhdHNY1H4Nk0mo","Maddi Jane","2722271","Maddi Jane","name","2026-10-05",,
"34bhyY8jfKez7uKakMfy4y","Maddie & Tae","6047468","Maddie & Tae","name","2026-10-05",,
"2Wda8QEZK7twazWzqDvOdk","Maddie Poppe","7919288","Maddie Poppe","name","2026-10-05",,
"15MDrArE0tDC8GTMSOCKcp","Maddy Newton","8156894","Maddy Newton","name","2026-10-05",,
"6zDp0CVVeCtAaPC8AbogQS","Madeleine Queen","9662646","Madeleine Queen","name","2026-10-05",,
"6z5JOa3Lt249Q0B2XAGHGB","Madeleine Tverberg","156721052","Madeleine Tverberg","name","2026-10-05",,
"3eJCIS7ytlYvT3pgReuWWa","Madeline Edwards","10604727","Madeline Edwards","name","2026-10-05",,
"4KH3T3jZJtfFtNyfBqwUuu","Madeline Merlo","5510457","Madeline Merlo","name","2026-10-05",,
"7E1o9IcnpiFQDlAUk2H7Az","Madi Diaz","402289","Madi Diaz","name","2026-10-05",,
"7gmqFSfEPYa2Sbt8NjIHDG","Madilyn Paige","7188854","Madilyn Paige","name","2026-10-05",,
"3h9TfIgwhovQELlP2jj4xL","Madison Cunningham","7066915","Madison Cunningham","name","2026-10-05",,
"03rZGNLcaUYnzsTxlXpJ3F","Madison Hughes","59120302","Madison Hughes","name","2026-10-05",,
"4BCf8cjf2cyqkwksisjnNT","Madison Watkins","5383274","Madison Watkins","name","2026-10-05",,
"3KCO1VWpmHG0T2zYJjXVgj","Madizin","6877931","Madizin","name","2026-10-05",,
"5mUjsoGKzooIWdZs77bJLy","Mads Hansen","102005","Mads Hansen","name","2026-10-05",,
"21LyIUoc6Xh6A8WjLSbYIW","Mads Veslelia","489304","Mads Veslelia","name","2026-10-05",,
"6fg51LVMgKxGjpIR9ihl9k","Madysyn","83667642","Madysyn","name","2026-10-05",,
"0uGk2czvcpWQA383Im6ajf","Maggie Lindemann","8814864","Maggie Lindemann","name","2026-10-05",,
"4NZvixzsSefsNiIqXn0NDe","Maggie Rogers","5617341","Maggie Rogers","name","2026-10-05",,
"7eaa5bidliPI0djFYv166f","MAGIC GIANT","5810319","Magic Giant","name","2026-10-05",,
"1m02BQX2BPiqVzbaxBueXT","Magic Whatever","132775412","Magic Whatever","name","2026-10-05",,
"6gPHdKkaoP152zp04WDdq1","Magical Thinker","11530199","Magical Thinker","name","2026-10-05",,
"7csb5DNIneyYzQnoAW0e3M","Magnus Bokn","13104413","Magnus Bokn","name","2026-10-05",,
"12VIfmT1N5FGyCuuXGKuYB","Magnus Carlsson","66676","Magnus Carlsson","name","2026-10-05",,
"2xtgYE7gox5t043BJWi7bd","Maia Hirasawa","345309","Maia Hirasawa","name","2026-10-05",,
"0DfxS8QiRFFyMNZzH1KHKX","Maia Nkenge Wilson","5316885","Maia Nkenge Wilson","name","2026-10-05",,
"7bwfEzfIXjtmMbSxyD44R5","MAIKA","110232542","MAiKA","name","2026-10-05",,
"738wLrAtLtCtFOLvQBXOXp","Major Lazer","282118","Major Lazer","name","2026-10-05",,
"0RLWJI1UwVofxre5k3py4a","Malcolm B","4806288","Malcolm B","name","2026-10-05",,
"0muluUHym4N0wB62sD0MPo","Malena Ernman","274659","Malena Ernman","name","2026-10-05",,
"45Dc572GdbJ6Guc8X3UW24","Mali-Koa","12000850","Mali-Koa","name","2026-10-05",,
"7yVXoYjAE7rrkQ28aGBgUo","Malia Civetz","13476843","Malia Civetz","name","2026-10-05",,
"7yf7WsRvoRDq5va1SKGgBa","Malin Christin","90191972","Malin Christin","name","2026-10-05",,
"4uOFEWy9mIcvQbr03IbPcL","Manafest","242019","Manafest","name","2026-10-05",,
"1XHyxA5AhMBW2FItcfOeoC","Mandi Fisher","91006392","Mandi Fisher","name","2026-10-05",,
"15BFYS3S38ABXsEs8AVrXL","Mandy Harvey","1122450","Mandy Harvey","name","2026-10-05",,
"40vl1jO3M2576V7tP8h4SR","Mange Olsson","14503539","Mange Olsson","name","2026-10-05",,
"7aJZYok9DZVunBme9WSJbA","Manny Blu","58093412","Manny Blu","name","2026-10-05",,
"1IxP1g9VrPzJqXFCsuyHKe","Måns Zelmerlöw","251454","Måns Zelmerlöw","name","2026-10-05",,
"4BlvtBHdjc4cdPnI97QU1U","Mar10","11268972","Mar10","name","2026-10-05",,
"6PsCB1ta5pOcrvcK1ZDzG5","Marc Atlas","285478761","Marc Atlas","name","2026-10-05",,
"4cEwEednPwWCdYT7ZhROZe","Marc Broussard","143969","Marc Broussard","name","2026-10-05",,
"4CHiVarfTsFhkFOk5vHS77","Marc Scibilia","898584","Marc Scibilia","name","2026-10-05",,
"1To04L8WKIbAy00qDBrZkf","Marcel","100392452","Marcel","name","2026-10-05",,
"6VTUhYONG3oqq10TWNLswp","Marcel Kapteijn","5243575","Marcel Kapteijn","name","2026-10-05",,
"2yC71UmbUTmzgocDzuwDx8","Marcus Ellis","63767602","Marcus Ellis","name","2026-10-05",,
"2UYzL7g2ekqwxnpjgHE47d","Marcus Svartserud","9000324","Marcus Svartserud","name","2026-10-05",,
"44HQ4cmv8MKMNHkPtXwZbQ","Marcus Warner","6416622","Marcus Warner","name","2026-10-05",,
"57FMzmHiLpBnSANavRnfjQ","Maren Emilie","14094683","Maren Emilie","name","2026-10-05",,
"4t4unGD2iYlkONGDmBbkcE","Mari Boine","7070","Mari Boine","name","2026-10-05",,
"2W0nmsVAw83oDzN3PpAzKi","Maria and the Coins","11307824","Maria and the Coins","name","2026-10-05",,
"7ozwKwvNxzQzlgsD1TNG65","Maria Petra","81403992","Maria Petra","name","2026-10-05",,
"50dO3ZgIhCt8OEmmMougtn","Maria Solheim","134802","Maria Solheim","name","2026-10-05",,
"68EB3QvNdVLkC7SAgDbHIR","Marianas Trench","16271","Marianas Trench","name","2026-10-05",,
"2qHlT3DfJoJNI4I8IzQmky","Marie Klåpbakken","2221221","Marie Klåpbakken","name","2026-10-05",,
"4h08PzGTaAqN1uAhj4IHFW","Marie Lang","6920961","Marie Lang","name","2026-10-05",,
"6yAM1PGDw9qo26YNtIHLjt","Marion Ravn","1524162","Marion Ravn","name","2026-10-05",,
"11p2E654TTU8e0nZWBR4AL","Mark Ambor","63317272","Mark Ambor","name","2026-10-05",,
"1ouWk11NyDfAh4DXEvKgwf","Mark Bodino","3634461","Mark Bodino","name","2026-10-05",,
"7Il2FrLyoQt0JlyhJRDL1c","Mark Diamond","4774817","Mark Diamond","name","2026-10-05",,
"0oeLTriLBq9avDlMepaN3i","Mark Dohner","13410573","Mark Dohner","name","2026-10-05",,
"36RSMY5KaK2Bk8HwFrOq04","Mark Jones & Twenty Paces","62048542","Mark Jones & Twenty Paces","name","2026-10-05",,
"7ysDgZ3JkblCgOsDTJWttt","Mark Keali'i Ho'omalu","3950","Mark Keali'i Ho'omalu","name","2026-10-05",,
"0FI0kxP0BWurTz8cB8BBug","Mark Knopfler","1384","Mark Knopfler","name","2026-10-05",,
"52FfIpdtGWPNnTQtRDXIid","Mark McGrath","251397","Mark McGrath","name","2026-10-05",,
"7AgS2ycsLUG0NPTY1AAboT","Mark Mendy","9168358","Mark Mendy","name","2026-10-05",,
"3hv9jJF3adDNsBSIQDqcjp","Mark Ronson","13204","Mark Ronson","name","2026-10-05",,
"0s7Ro7Q2XagXEYhWbI9PHv","Mark Schultz","4008","Mark Schultz","name","2026-10-05",,
"4EHooxQINmAojyf0kgbzMP","Mark Tazzman","397944601","Mark Tazzman","name","2026-10-05",,
"0dlwjJe4kg9TgOMN184bJF","Mark Wills","13609","Mark Wills","name","2026-10-05",,
"7sv89W9sP0NujFoaPcurVZ","Markus Neby","7311136","Markus Neby","name","2026-10-05",,
"72Qf1fefTAXa70YZ5MrKpq","Markus Nordh","178398407","Markus Nordh","name","2026-10-05",,
"6a7klgE3LXiT3XYhaulycZ","Marla Morris","489328","Marla Morris","name","2026-10-05",,
"6KGuYVnF7JVw7WpKPdfkvr","Marnix Emanuel","6464015","Marnix Emanuel","name","2026-10-05",,
"7iURZ6msGELD5SZqMqKa7G","Martin Almgren","9312970","Martin Almgren","name","2026-10-05",,
"3LAab4Z2iD5VbrMQo4RXvU","Martin Hagfors","1121035","Martin Hagfors","name","2026-10-05",,
"3Qg69CFtPUh3Uu14OfjV2t","Martin Kerr","1120990","Martin Kerr","name","2026-10-05",,
"48TuNB1Ej271xV8XAUWWeP","Martin Lepperød","70831742","Martin Lepperød","name","2026-10-05",,
"7gULlMYPd5zbqr7wpvAtsQ","Marty James","4431360","Marty James","name","2026-10-05",,
"1gEKgN8vLb6MqzVI47e6YF","Martyn Ell","4343577","Martyn Ell","name","2026-10-05",,
"0qAmeOULjwn04k6jMMeDyr","Mary Chapin Carpenter","8237","Mary Chapin Carpenter","name","2026-10-05",,
"1XkoF8ryArs86LZvFOkbyr","Mary J. Blige","152","Mary J. Blige","name","2026-10-05",,
"5Z2NUZiY3FA00HKu5WTMhA","Mary Lambert","1117945","Mary Lambert","name","2026-10-05",,
"1uU7g3DNSbsu0QjSEqZtEd","Masked Wolf","13658563","Masked Wolf","name","2026-10-05",,
"6xvpfMjWTougrRRtK7iikz","Mason Ramsey","8586262","Mason Ramsey","name","2026-10-05",,
"3U0qz6QvONMmrEb3gO1jZN","Mason Watts","74735602","Mason Watts","name","2026-10-05",,
"0KVR8D2dx5Td8ONhNZRLkM","Mass Anthem","5940894","Mass Anthem","name","2026-10-05",,
"4F8dV25EPLvvKVABCaSr8b","Mat and Savanna Shaw","96163632","Mat and Savanna Shaw","name","2026-10-05",,
"2NQEwAVHBNcI0tGMLlWwF1","Mat Kearney","5310","Mat Kearney","name","2026-10-05",,
"3Ngh2zDBRPEriyxQDAMKd1","Matchbox Twenty","2133","Matchbox Twenty","name","2026-10-05",,
"49MBtaeudo3dqGDzZfgl3J","Mateo Brooks","112052852","Mateo Brooks","name","2026-10-05",,
"4IELX7NrLBXuw8f51cUZuM","Mates of State","1735","Mates of State","name","2026-10-05",,
"5XG2NyvMVgff8ZAeKWX8yS","Mathew V","8442192","Mathew V","name","2026-10-05",,
"5V5dtgxeHu6JMxDTl0SRFO","Mathias Fritsche","5026535","Mathias Fritsche","name","2026-10-05",,
"5it6zrytrTjWPOpcZSHk2n","Mathias Simmons","352053132","Mathias Simmons","name","2026-10-05",,
"4W6fwRbqEy1dfEoE6OCyZu","Mathieu Koss","6432746","Mathieu Koss","name","2026-10-05",,
"1H4uKsuwBNq7Ct6KNbP3BN","Matilda Skoglund","80879682","Matilda Skoglund","name","2026-10-05",,
"5eyMzR1hYiEZtN2c9ly2kw","Matisyahu","839","Matisyahu","name","2026-10-05",,
"5M76Uwozk3WE3oYE8TNKoR","Matt Bellamy","5726418","Matt Bellamy","name","2026-10-05",,
"6cJhMTxBvrX7ASn98Puprc","Matt Bloyd","7864136","Matt Bloyd","name","2026-10-05",,
"2xTLvxdOIlfWVXV2ovn3oi","Matt Fella","6479197","Matt Fella","name","2026-10-05",,
"4ZWNX2CI1b5lTFuPCkpR4a","Matt Franco","11232724","Matt Franco","name","2026-10-05",,
"3auezSKINVsH57RnAwltDR","Matt Gorman","62611312","Matt Gorman","name","2026-10-05",,
"51ZJCe1WhaIDtkjJR5bVhO","Matt Gresham","407119","Matt Gresham","name","2026-10-05",,
"0o77vi5tCsW348tzvdjNPw","Matt Hammitt","1274949","Matt Hammitt","name","2026-10-05",,
"6wlhqnATSJIc0NQ64VxOVJ","Matt Hansen","54323242","Matt Hansen","name","2026-10-05",,
"6OkqAt7MtIDPOadHr1gEkz","Matt Hartke","426135","Matt Hartke","name","2026-10-05",,
"061JBjuVelzd01JSxPsTBw","Matt Haughey","53336322","Matt Haughey","name","2026-10-05",,
"5r2ltbRmBrS2c0J4oTwfGo","Matt Hires","280296","Matt Hires","name","2026-10-05",,
"13zOfSuwHaEmdNMnzMcSaC","Matt Howard","1150402","Matt Howard","name","2026-10-05",,
"3FQ8OZA3NwBaVfTbldZYa5","Matt Hylom","5095428","Matt Hylom","name","2026-10-05",,
"42o4AcPbHwxBYJm1MK7OqC","Matt Jordan","4987294","Matt Jordan","name","2026-10-05",,
"6jBTh9L9gCjrEMY6GjRJpv","Matt Lashoff","6750147","Matt Lashoff","name","2026-10-05",,
"1R1mzxpfcPbukGhfJDSQFo","Matt Luneburg","50404612","Matt Luneburg","name","2026-10-05",,
"4NGiEU3Pkd8ASRyQR30jcA","Matt Nathanson","3277","Matt Nathanson","name","2026-10-05",,
"38jStfZwiNvdn1PKt9ma35","Matt Ngesa","12592409","Matt Ngesa","name","2026-10-05",,
"0bz9hDpUbAw5JElgEiuIYZ","Matt Redman","16437","Matt Redman","name","2026-10-05",,
"4vVxbs6ObO2twnMdjtpqtf","Matt Santry","11289402","Matt Santry","name","2026-10-05",,
"4HNYqvVDimiWSfGfSyGJGD","Matt Schuster","140160202","Matt Schuster","name","2026-10-05",,
"1vPzy6OyUBCO1l5yX2TZdp","Matt Sierra","52521502","Matt Sierra","name","2026-10-05",,
"7d7wkbwirj66v5w5YAIrvx","Matt Sky","56469682","Matt Sky","name","2026-10-05",,
"2nPIXmAYsFJ4DwYydnATFI","Matt Walden","4964394","Matt Walden","name","2026-10-05",,
"6JVRYNneRsYNInT4TNr5vU","Matt Wertz","13617","Matt Wertz","name","2026-10-05",,
"5nrKbDQoztn1qIZAwXvGUq","Matt White","16775","Matt White","name","2026-10-05",,
"5tECdXibmWAxONygvS9ktT","Matt Wills","8818118","Matt Wills","name","2026-10-05",,
"3SzmIPVTtVc0AzbR8kwk0w","Matteo Bocelli","51450992","Matteo Bocelli","name","2026-10-05",,
"2mhqgf0GxdfXpO6gwLohyX","Matthew Barber","264105","Matthew Barber","name","2026-10-05",,
"3I5xwleKFrTP1sqwdZ6d19","Matthew Gold","1650251","Matthew Gold","name","2026-10-05",,
"1mU61l2mcjEFraXZLpvVMo","Matthew Koma","1516471","Matthew Koma","name","2026-10-05",,
"1LfnIuggAY5qQdS4sP1K86","Matthew Mole","4482238","Matthew Mole","name","2026-10-05",,
"0QT3cPPXMGYtTG3kN8Ez54","Matthew Parker","1608538","Matthew Parker","name","2026-10-05",,
"68524z8sd176IRenNb1Fjy","Matthew Perryman Jones","399182","Matthew Perryman Jones","name","2026-10-05",,
"2D24jOmU0AiPYctJuloI7a","Matthias Nebel","12840619","Matthias Nebel","name","2026-10-05",,
"0gFk1Wd2yws9WIB6dqaO4b","Mattias Andréasson","1404321","Mattias Andréasson","name","2026-10-05",,
"1RQ3ZwCNI7KniEKIN5kkio","MATTN","10044478","MATTN","name","2026-10-05",,
"4h77nHXzQBpUySMOwo5UgD","Mav City Gospel Choir","136337422","Mav City Gospel Choir","name","2026-10-05",,
"58r1rB5t3VF5X6yXGPequV","Maverick City Music","70542502","Maverick City Music","name","2026-10-05",,
"0cTSCsVx04SSht9V6cpKN0","Mavis Staples","12980","Mavis Staples","name","2026-10-05",,
"1q6Erwlg8yTeH3XgngViVn","Max Allais","99060902","Max Allais","name","2026-10-05",,
"4F61AGzQENQgEyYBLDXx6G","Max Boyle","14475975","Max Boyle","name","2026-10-05",,
"1xp4FMUbnrpNhiD88X1eum","Max City","337462111","Max City","name","2026-10-05",,
"5VwbADUdH8ryktypdkpX06","Max Cooper III","290322931","Max Cooper III","name","2026-10-05",,
"3UoV4JMHa9EtQYspb9hvAP","Max Ehrich","11572681","Max Ehrich","name","2026-10-05",,
"224CDJhbm230iSo9ZomTWe","Max Giesinger","1587666","Max Giesinger","name","2026-10-05",,
"6uxoiISyynknybWW6SQrTe","Max Jackson","7369004","Max Jackson","name","2026-10-05",,
"340PS4ZcZ4UCBgyrXzEjcp","Max McNown","209730607","Max McNown","name","2026-10-05",,
"7FOzloBoqarxp9qgDfDTQm","Max Restaino","10860298","Max Restaino","name","2026-10-05",,
"2Q9c6ETFOkDDTy53U7DIgr","Maximillian","167459737","Maximillian","name","2026-10-05",,
"12lFBaie1IW75Q7eViLrjd","Maya Payne","6280112","Maya Payne","name","2026-10-05",,
"4duIbj6StsNdouR1jo4sec","Maya Scott","124870852","Maya Scott","name","2026-10-05",,
"36L4aidPfPFcI1KPY1XDFM","MAYLYN","51740032","Maylyn","name","2026-10-05",,
"2MbY32LPINIi9P6PCkrOJI","MC4D","13115583","MC4D","name","2026-10-05",,
"6rMYxscXk2MNP8THgDs3FD","McKane Davis","5777113","McKane Davis","name","2026-10-05",,
"1zZbpWUUxJdr9aJzgWh75S","McZo","99800232","McZo","name","2026-10-05",,
"2Yo4bePbtB2MV3qOfjRA6Q","Meck Creative","261063051","Meck Creative","name","2026-10-05",,
"6q6isSwnbC9MxmWGZYl7sk","MEG + JAC","249918302","MEG + JAC","name","2026-10-05",,
"1I84ICwXGdegIrMPLkgoaU","Megan Lee","2252141","Megan Lee","name","2026-10-05",,
"0aAQxfnyKfbTRfkUfxSCIu","Megan McKenna","13118167","Megan McKenna","name","2026-10-05",,
"5Ppie0uPnbnvGBYRwYmlt0","Megan Moroney","122856502","Megan Moroney","name","2026-10-05",,
"3OiVNeHkjQfnikmcBXbplT","Megan Nicole","3730791","Megan Nicole","name","2026-10-05",,
"3J84729yu2ddpUVNcbqeWQ","Megan Tibbits","5272423","Megan Tibbits","name","2026-10-05",,
"6JL8zeS1NmiOftqZTRgdTz","Meghan Trainor","1181430","Meghan Trainor","name","2026-10-05",,
"60vX3zLcdKRXvKLITVh5Df","Melanie C","4582","Melanie C","name","2026-10-05",,
"1cLipMi0mKHQft01CiTuGn","Melanie Wehbe","1597126","Melanie Wehbe","name","2026-10-05",,
"0YYTgnGTxzDL1ISzmFFLof","Melissa Dunn","60553192","Melissa Dunn","name","2026-10-05",,
"5JOrooY68JXo5Lg7eSfco7","Melissa Montgomery","5854343","Melissa Montgomery","name","2026-10-05",,
"0pWq17x6LUC0Io5byaG4zC","Melissa O'Neil","1402739","Melissa O'Neil","name","2026-10-05",,
"2awER03McUZ6flcwKpvI7m","Melker","11949379","Melker","name","2026-10-05",,
"7278H817J8zuWdexxqgXL8","Melodifestivalen 2018","14048837","Melodifestivalen 2018","name","2026-10-05",,
"6NA5WdQi9RbQe2woDzs5yi","Melody Noel","3266581","Melody Noel","name","2026-10-05",,
"6RyqvNd3p1Sj8ESiPTV3mr","Melonie Daniels","4584441","Melonie Daniels","name","2026-10-05",,
"5zSKPb6DWwcQUuD09U3KJO","Meludo","9599212","Meludo","name","2026-10-05",,
"7q7ESkyTOB2AJsJmL7kUE3","Mentum","10506309","Mentum","name","2026-10-05",,
"6APm8EjxOHSYM5B4i3vT3q","MercyMe","4004","MercyMe","name","2026-10-05",,
"2HB65P72dFRiOKvbLLcil2","Meryl Streep","188312","Meryl Streep","name","2026-10-05",,
"2ye2Wgw4gimLv2eAKyk1NB","Metallica","119","Metallica","name","2026-10-05",,
"3xz98KLAh4lOROF8mhplbL","Methil and District Pipe Band","121364962","Methil and District Pipe Band","name","2026-10-05",,
"78Kg9n3kS6KKrfXNzIj0po","MGP Jr 2009","4018367","MGP Jr 2009","name","2026-10-05",,
"2bLRDjmQ0HYdZr1UUBncb7","MGP Jr 2011","1443356","Mgp Jr 2011","name","2026-10-05",,
"55K7WDAWzI3a6dCfPaGHVY","MGP Junior 2008","4018402","MGP Junior 2008","name","2026-10-05",,
"0UUC2ZuFsBKrZJNjdt29AH","MGPjr 2012","3697711","MGPjr 2012","name","2026-10-05",,
"0AXIjeFfUvJ5IFfZOZJ8cS","Mia Black","7204098","Mia Black","name","2026-10-05",,
"0eYGcUXdOgkriGd1Niegcl","Mia Niles","60388462","Mia Niles","name","2026-10-05",,
"5ky4yhXKn4OZw7KtZmfJKE","Micah & Julia","76633132","Micah & Julia","name","2026-10-05",,
"509kZLEQjku1ScSWEts4Yx","Michael Barnum","10961524","Michael Barnum","name","2026-10-05",,
"6YHEMoNPbcheiWS2haGzkn","Michael Bolton","1458","Michael Bolton","name","2026-10-05",,
"37tIbs09B2RFdrel3XF1Wt","Michael Castro","402361","Michael Castro","name","2026-10-05",,
"4vR6Xfagr0EsCf8t9oLy1t","Michael Collings","1436772","Michael Collings","name","2026-10-05",,
"5RIA0Nu4LvmOvomuo99oIJ","Michael Constantino","1628316","Michael Constantino","name","2026-10-05",,
"4M1N7cIFTN8S1Y53g3Beqi","Michael Einziger","4607563","Michael Einziger","name","2026-10-05",,
"1mHuZMOP8FG5ip4yAb1vrB","Michael Franti & Spearhead","64221","Michael Franti & Spearhead","name","2026-10-05",,
"0QlmyIn6tbtm2hn8dpljom","Michael Hausted","9244936","Michael Hausted","name","2026-10-05",,
"6s4rOPtOKfysNsTm7ykO8L","Michael James Scott","5316882","Michael James Scott","name","2026-10-05",,
"6UUPmOaF0syyjXaWHB68xK","Michael Lane","4099876","Michael Lane","name","2026-10-05",,
"7zMVPOJPs5jgU8NorRxqJe","Michael Learns To Rock","497","Michael Learns to Rock","name","2026-10-05",,
"1AEUPalR3ZMu7wXAlUM61B","Michael Lee Brown","14024545","Michael Lee Brown","name","2026-10-05",,
"47BciNwYgsn7PfgwNxfNC3","Michael Leonardi","9137526","Michael Leonardi","name","2026-10-05",,
"7KaasLUJvHN32JTeXBmowR","Michael Logen","401738","michael logen","name","2026-10-05",,
"2mFyX9z0ZGgGUhiKHiwlv9","Michael Lynch","113291","michael lynch","name","2026-10-05",,
"0E1dRyvTHusqYjhbTm2skL","Michael Minelli","5301736","Michael Minelli","name","2026-10-05",,
"4OGiMt96TFUKkKWf7Imlno","Michael Patrick Kelly","1533472","Michael Patrick Kelly","name","2026-10-05",,
"3LN0smgJZFeHPFy1fcB6uD","Michael Potts","2875911","Michael Potts","name","2026-10-05",,
"5QclwTG2aoAwoeBBphkegt","Michael Rice","5553320","Michael Rice","name","2026-10-05",,
"54LJoumlGbXHOSoC01aSYm","Michael Sanzone","253016692","Michael Sanzone","name","2026-10-05",,
"7K4cef9h3NvU7Xb3BH7Ade","Michael Seyer","11626869","Michael Seyer","name","2026-10-05",,
"1hoLjrdiXJoP9abACQNgx3","Michael Shynes","5480975","Michael Shynes","name","2026-10-05",,
"1o8YyOnq2CcHPjGFzY6Xbh","Michael Stenmark","60225952","Michael Stenmark","name","2026-10-05",,
"5xxL6lJNSeb1D22HZxoj5K","Michael Tyler","1373712","Michael Tyler","name","2026-10-05",,
"5aBxFPaaGk9204ssHUvXWN","Michael W. Smith","3111","Michael W. Smith","name","2026-10-05",,
"6VMiCKfMjcq2KzrozRA9ko","Michel Fannoun","13562205","Michel Fannoun","name","2026-10-05",,
"0oL26Dn9y761yfJgNb3vfu","Michigander","10083826","Michigander","name","2026-10-05",,
"7bRRWmUqERkyOVSSU6MPFu","Mick Fleetwood","161050","Mick Fleetwood","name","2026-10-05",,
"6nfN5B7Jmi853SHa9106Hz","Mickey Guyton","5565365","Mickey Guyton","name","2026-10-05",,
"3ml6MvdCLzBBhK2zT9AhOl","Micky Skeel","4470116","Micky Skeel","name","2026-10-05",,
"4S68NkkjbHX38i0ytVmpOh","Midnight Hour","413124","Midnight Hour","name","2026-10-05",,
"5w39eY1aNDybnDGTNgVt3r","Midnight Kids","405524","Midnight Kids","name","2026-10-05",,
"7hQmntLjIT4MjvY3BiujTd","Midnight Til Morning","333670511","Midnight Til Morning","name","2026-10-05",,
"5AVJt6VYXT4hMRP8D3MRAC","Mighty Oaks","4859735","Mighty Oaks","name","2026-10-05",,
"2jKlK6gsKyZDItyVP36II2","Mike Donehey","4724657","Mike Donehey","name","2026-10-05",,
"6fMFAugldzxdvpZl0fZNKd","Mike Mains","562540","Mike Mains","name","2026-10-05",,
"0OCgRH2JnfJo0nNDJzEG0Q","Mike Mains & The Branches","4514751","Mike Mains & The Branches","name","2026-10-05",,
"0mdmHLHIpNOZ2ulJZo3D3E","Mike Reed","2059221","Mike Reed","name","2026-10-05",,
"7zchcn4SERfMjsjOmWhdqh","Mike Rogers","14504329","Mike Rogers","name","2026-10-05",,
"4Ki9oFarfgc2BQa6zbT8DK","Mike Slap","9835298","Mike Slap","name","2026-10-05",,
"3h3F1qpVfzQDCODlvMCQZm","Mike Tompkins","1937601","Mike Tompkins","name","2026-10-05",,
"35rZNMlMkBs7ghHmGKt0xq","Mike Waters","5712981","Mike Waters","name","2026-10-05",,
"2Uk1SfxshYKxVMmtGqFtzo","Mikey Wax","427601","Mikey Wax","name","2026-10-05",,
"3Yq0Ww7oAbgxcoOxthlS30","Miki Ratsula","10912740","Miki Ratsula","name","2026-10-05",,
"4d5lT8L9TN7RfbYCs1sa8n","Mikko Harju","8234684","Mikko Harju","name","2026-10-05",,
"1buzCmyYZE4kcdLRudsb8V","Mikky Ekko","393373","Mikky Ekko","name","2026-10-05",,
"6Kz7MXIUFMtp5Ts91lagtR","MIKOLAS","259194362","Mikolas","name","2026-10-05",,
"62lirbb6qJs4VOGpdCNHK8","MILCK","9646632","Milck","name","2026-10-05",,
"4w21F6N3M1Sdflo4zY1MPw","Miles Hardt","12587708","Miles Hardt","name","2026-10-05",,
"5YGY8feqx7naU7z4HrwZM6","Miley Cyrus","12436","Miley Cyrus","name","2026-10-05",,
"5541CDtM5WSS0EbLIvsTnR","Mimi & Josy","64464312","Mimi & Josy","name","2026-10-05",,
"22tB2wbnB3pexB04xtncrG","Mimoza","13621117","Mimoza","name","2026-10-05",,
"3A9uzW3A0TSd7VNzjdEPcV","Mina Lund","57577672","Mina Lund","name","2026-10-05",,
"5DwnPlijNCMYMFh40sQ4vX","Mindme","60387142","Mindme","name","2026-10-05",,
"59tKOkhJrclGzrKPygAHiV","MinTrio","115257702","Mintrio","name","2026-10-05",,
"5Bcrb5qQMVTEbJ43fdIS4A","Mipso","5269973","Mipso","name","2026-10-05",,
"2NM1t8dMvgeu9Lfl06574g","Mishaal Tamer","51727872","Mishaal Tamer","name","2026-10-05",,
"2iihIjipKKOFSJfxrn3gcE","Miss Congeniality","13566445","Miss Congeniality","name","2026-10-05",,
"04HqRx07Bv9gh7rsrMTqs7","Miss Li","181909","Miss Li","name","2026-10-05",,
"06eTdzI1FA6c2cPQAeVHY2","Miss Montreal","422129","Miss Montreal","name","2026-10-05",,
"6aP8ry8w3bSNyfyqhE8rGf","Missy Higgins","4114","Missy Higgins","name","2026-10-05",,
"65oocmSeB6z75kHwrZo1le","Mitch James","4434816","Mitch James","name","2026-10-05",,
"3LtLqBXTdKiroUNFlqZLOM","Mitch Langley","8908296","Mitch Langley","name","2026-10-05",,
"0cEVpgfIpUSsUKUMsRrhtZ","Mitch Rossell","1118304","Mitch Rossell","name","2026-10-05",,
"0HrcSCqklP5G1QFHrIiztO","Moa Lignell","1461539","Moa Lignell","name","2026-10-05",,
"3L0guCaIo8WSeLTgBJHRsc","Moa Michaeli","7854926","Moa Michaeli","name","2026-10-05",,
"390x0qxDdsMmN20RAwspbf","Molly Kate Kestner","8684408","Molly Kate Kestner","name","2026-10-05",,
"5dUUxJQg27XaHdKyLYwNg5","Molly Parden","563499","Molly Parden","name","2026-10-05",,
"0NRMzT05nsc8mTm4iUvuHY","Molly Sandén","266270","Molly Sandén","name","2026-10-05",,
"3X2bWmlO8Oq7dIeEgAbTAB","MOLOW","158677182","Molow","name","2026-10-05",,
"6pvai2QB2c0defVI0UTFos","Mon Rovîa","51408962","Mon Rovîa","name","2026-10-05",,
"15lMav195dBJKGtRHPTWVw","Mona Rue","173037277","Mona Rue","name","2026-10-05",,
"2o4R2rK7FetH40HTv0SUWl","Monali Thakur","129840","Monali Thakur","name","2026-10-05",,
"3Rwe4Z3daHKZAWLZOiK7fc","Monica Nyhus","301917201","Monica Nyhus","name","2026-10-05",,
"7daC9VgKeuynNhg7yzYyXR","Monk & Neagle","444895","Monk & Neagle","name","2026-10-05",,
"0ndpuECxVStTsHhzq4Euxz","Moody Joody","100550932","Moody Joody","name","2026-10-05",,
"3BNm4fmUmSdJyQmKH0Xn0r","Morgan Coblentz","70503632","Morgan Coblentz","name","2026-10-05",,
"1N9n8MSxrr4Emhb566493b","Morgan Page","117035912","Morgan Page","name","2026-10-05",,
"4NAuhahng7kSZqvfIXHFR9","Morgan Ranney","114823842","Morgan Ranney","name","2026-10-05",,
"4kAyoGhVlC6PFg0FvMqmFB","Morgan St. Jean","10103878","Morgan St. Jean","name","2026-10-05",,
"034u8Qcs47NHkRQXaWkLXW","MORGXN","10470729","Morgxn","name","2026-10-05",,
"1BpA2cVbwAqy6itxKDCPbF","Moriah Plath","245150862","Moriah Plath","name","2026-10-05",,
"1WAFrFBTxCQljp8iidU9sn","Moritz Garth","7610654","Moritz Garth","name","2026-10-05",,
"5hPR4Atp3QY2ztiAcz1inl","Morningsiders","5852896","Morningsiders","name","2026-10-05",,
"5pfO7LvYDQhiyTk5hSaXNN","Morten Pøhner","5472110","Morten Pøhner","name","2026-10-05",,
"1yhrcszLI48qsBjDnvuwoh","Mount Sion Choir","58438682","Mount Sion Choir","name","2026-10-05",,
"3gTsbSe32ITI2q210AqNjH","Mountenz","12473426","Mountenz","name","2026-10-05",,
"05iOTNQoyNW1Sc41L9ySMj","Movie Night","135134872","MOVIE NIGHT","name","2026-10-05",,
"4XaUmUGjidSklcDHxv3XWf","MS MR","1424671","Ms Mr","name","2026-10-05",,
"2xU6IU13MYie8RcM54Ovt0","Mugeez","5242208","Mugeez","name","2026-10-05",,
"1IBn2aJZWGL4e8PUTnewGB","Mully","1182189","Mully","name","2026-10-05",,
"2qNrJcE9LjzPdiXbrjkqFa","Music Travel Love","72042482","Music Travel Love","name","2026-10-05",,
"40ihpkhQnvx9rwuVyBIfd3","Music Travel Love","72042482","Music Travel Love","name","2026-10-05",,
"0djpRTkdehwLdqRg7iuX7F","MVMURO","351148072","MVMURO","name","2026-10-05",,
"1TSyM7PiY3ZgFteD9mKa4W","MVRE","12214070","MVRE","name","2026-10-05",,
"2AsDsftlkzKAT10Yhj3lDU","My Alibi","296909011","My Alibi","name","2026-10-05",,
"01pbsrLZgBLuMIoU10Ypyb","My Brothers And I","6004396","My Brothers And I","name","2026-10-05",,
"6ZzQtFgvmqdNtmB3pvh6UR","My Sun and Stars","8723442","My Sun and Stars","name","2026-10-05",,
"0e04xgVBPU6mE2QkSHlufD","Mylène Farmer","358","Mylène Farmer","name","2026-10-05",,
"66j659Hro81qoa1vgG75Ae","Myles Erlick","6204460","Myles Erlick","name","2026-10-05",,
"2YZOQlBE1v44RxPEAVSdVR","Myles Kennedy","489858","Myles Kennedy","name","2026-10-05",,
"6HYjkczJfUdGcwIGPOq5P2","Myra Granberg","11313294","Myra Granberg","name","2026-10-05",,
"25lA8PN4jtIYhYrgiZqkuy","Nadja Alsén","62885002","Nadja Alsén","name","2026-10-05",,
"35fFUv2850L9CQjjNrLBpb","Nahko And Medicine For The People","4791756","NAHKO AND MEDICINE FOR THE PEOPLE","name","2026-10-05",,
"4jgDZnxIF0VovlrnTqWcA4","Nahscha","84362812","Nahscha","name","2026-10-05",,
"2kPJ3uWBBRjfh0dZNEW7ET","Nakkia Gold","109885912","Nakkia Gold","name","2026-10-05",,
"4OJNnbwrNhUSPNJGvL71jR","Nancy Daines","13305125","Nancy Daines","name","2026-10-05",,
"4rc8nzClXj7sUjvsHVg6AD","Naomi Raine","6012472","Naomi Raine","name","2026-10-05",,
"4rNKsg7PLOeJY6EFH2sW2u","Natalie Paris","49394212","Natalie Paris","name","2026-10-05",,
"4MZwP4l2VfGsYn8ERumSol","Natalie Weiss","765789","Natalie Weiss","name","2026-10-05",,
"06N2vXOkhKnI5kVb9Dks41","Natan Dagur","119019122","Natan Dagur","name","2026-10-05",,
"6RirlTQj9fdEjCXIQZJWaA","Natasha Slayton","5181280","Natasha Slayton","name","2026-10-05",,
"43hBNBhA1gsG85S9JqXJv4","Natasia Greycloud","14919509","Natasia Greycloud","name","2026-10-05",,
"2OPyK48uFk5aZ8GKWa5FPl","Nate Good","6356798","Nate Good","name","2026-10-05",,
"1qUjOF5fzrpoNycD36b2jZ","Nate Ruess","4419657","Nate Ruess","name","2026-10-05",,
"4NYMUsIcUUsBHbV9DICa5x","Nate Smith","147110552","Nate Smith","name","2026-10-05",,
"57MyPA2CqgcigML6JnIixn","Nate Waite","68820512","Nate Waite","name","2026-10-05",,
"2K7ajrQVgS9eXO8fPGuisc","Nath Brooks","10032428","Nath Brooks","name","2026-10-05",,
"2SqgsdjQfoeGLl8Zq2O5aE","Nathan Angelo","405601","Nathan Angelo","name","2026-10-05",,
"0A6FsymCRiVdbEWDOVQBur","Nathan Bloom","10829830","Nathan Bloom","name","2026-10-05",,
"4Fmq45tfxyX9SjVUvEI3X0","Nathan Colberg","14189643","Nathan Colberg","name","2026-10-05",,
"1PKErrAhYFdfrDymGHRQRo","Nathan Evans","5072975","Nathan Evans","name","2026-10-05",,
"2CxdgVG8zBFMBPZb4NCb9l","Nathan Grisdale","6131014","Nathan Grisdale","name","2026-10-05",,
"2Jo4Zz3YTkRH5hq65BFMqe","Nathan Kawanishi","64071712","Nathan Kawanishi","name","2026-10-05",,
"0P0do9GwiSgweSF6Ui3mrv","Nathan Lane","256268","Nathan Lane","name","2026-10-05",,
"6WfsgevyXjoFI4tT5ghvhV","Nathan Pacheco","4559819","Nathan Pacheco","name","2026-10-05",,
"2Rf4X6m0oayCJhaJ5K63GQ","Nathan Sykes","4441692","Nathan Sykes","name","2026-10-05",,
"6U4uEoS3ISgppqupG6GJoZ","Nathan Trent","10578003","Nathan Trent","name","2026-10-05",,
"38SDKkFukvrdnDuyrdXKDx","Nathanael Martin","14831545","Nathanael Martin","name","2026-10-05",,
"5shcpL3Z66Kw1ckbUsmuGa","Natholdet","11524893","Natholdet","name","2026-10-05",,
"0sicYxfFEHrVTYM4BjOvFA","Navarra","1300188","Navarra","name","2026-10-05",,
"64ZANaRbMsvrYbeGdIr1go","Naya Rivera","5096284","Naya Rivera","name","2026-10-05",,
"5Wj12iPc23dZqX3K67PwE6","Ndlovu Youth Choir","11323032","Ndlovu Youth Choir","name","2026-10-05",,
"21E3waRsmPlU7jZsS13rcj","Ne-Yo","104","Ne-Yo","name","2026-10-05",,
"610EjgFatGvVPtib97jQ8G","NEEDTOBREATHE","64337","NEEDTOBREATHE","name","2026-10-05",,
"6ZnXl9qPs2YKT5k9NyhdcR","Negash Ali","392356","Negash Ali","name","2026-10-05",,
"1X9iZlQXfAAx4Vvmlqeao7","Negramaro","2959","Negramaro","name","2026-10-05",,
"71Dhj822M1LGpuryPIV2KO","NEIMY","13305087","NEIMY","name","2026-10-05",,
"57uDIJIYiejbwkjyOKPdxN","NeiNei","62885012","NeiNei","name","2026-10-05",,
"1dUrqVHcv2FCXxlIqzIbiG","NERIAH","1192371","NERIAH","name","2026-10-05",,
"6SLbaDa56f1CZlUNuF0gk3","Neulore","486284","NeuLore","name","2026-10-05",,
"7rmhKdnRIfu1yqwFcx7T0A","New York City Gay Men's Chorus","1000086","New York City Gay Men's Chorus","name","2026-10-05",,
"0pf1lcBxh6HiiHQAIzhTI5","Newton Faulkner","15012","Newton Faulkner","name","2026-10-05",,
"6fOMl44jA4Sp5b9PpYCkzz","NF","1037707","NF","name","2026-10-05",,
"2IR0GSCHsTo7gSw8HHLBnr","Ni/Co","15329281","Ni/Co","name","2026-10-05",,
"14nRu7BBWmBVENgfwi1YjY","Ni/Co's Covers","156495002","Ni/Co's Covers","name","2026-10-05",,
"3HMSWfOFrYEocd591VAemA","Nicholas Hamilton","10524525","Nicholas Hamilton","name","2026-10-05",,
"0KSjxPoT71Dq8qcgfWTdHh","Nichole Nordeman","5238","Nichole Nordeman","name","2026-10-05",,
"3jBNLmJDEBWEoidTT7l1Jn","Nick & Simon","317166","Nick & Simon","name","2026-10-05",,
"66CpLcmXc2KqnD2g2TmGLO","Nick Edwards","2982591","Nick Edwards","name","2026-10-05",,
"4qJIglM3Dn1UiMz4bzEdr2","Nick Fabian","10873646","Nick Fabian","name","2026-10-05",,
"0YklCNXJmtsiaFPCEjWXut","Nick Fradiani","1263828","Nick Fradiani","name","2026-10-05",,
"71Y8ndRmife7cyzPIPNEqL","Nick Gerard","54048952","Nick Gerard","name","2026-10-05",,
"7LiAa7T3c3xYt47RefalhP","Nick Howard","399065","Nick Howard","name","2026-10-05",,
"3INQD45A4I7hWypSUOLyB6","Nick Isham","52134162","Nick Isham","name","2026-10-05",,
"6ewMqjrF31lC8ywRsvm073","Nick Lachey","4586","Nick Lachey","name","2026-10-05",,
"5b7BgLtigNQcMfhB6GWCjI","Nick Smith","1447037","Nick Smith","name","2026-10-05",,
"6Y92NtvBVk5tL0wIYXGVhl","Nick Wayne","14813681","Nick Wayne","name","2026-10-05",,
"2CoZDCWClAEVFwb3lN3ru1","Nick Wheeler","4403953","Nick Wheeler","name","2026-10-05",,
"09Z3wZ88af1pfyJxziESQF","Nick Wilson","1094733","Nick Wilson","name","2026-10-05",,
"3A9B6c1CrSPauiOblw7pWz","Nico Santos","409717","Nico Santos","name","2026-10-05",,
"4ajsfliQ1g8WHPthltN3U0","Nicole Garza","1402402","Nicole Garza","name","2026-10-05",,
"1Q3Bf69OLRJEZBigSjtUs5","Nicole Serrano","5351937","Nicole Serrano","name","2026-10-05",,
"72gC2IIj21UAPKneFwl4NM","Nicotine Dolls","59116192","Nicotine Dolls","name","2026-10-05",,
"3oKLD3PuOc20nNDoSCKDY7","Niello","4415537","Niello","name","2026-10-05",,
"7m3fe3erw9iO9gs4AeLSG8","Night Terrors of 1927","4238200","Night Terrors of 1927","name","2026-10-05",,
"1Yybte8g5co6ZQaFZdhMQH","NIGHT TRAVELER","14516539","NIGHT TRAVELER","name","2026-10-05",,
"61drgErIKJq61Lbqdd62GP","Nike Sellmar","80446202","Nike Sellmar","name","2026-10-05",,
"3TyzFhjcE4DtMNc5edayQl","Nikisha Reyes-Pile","4605188","Nikisha Reyes-Pile","name","2026-10-05",,
"4nqXJm2HDxew6vauRbyUAM","Nikita Karmen","10533939","Nikita Karmen","name","2026-10-05",,
"0uGROBOrxSjGZ25OmwORW0","Nikki Phillippi","4675644","Nikki Phillippi","name","2026-10-05",,
"1n02UdnML6G4wR162YsSRi","Nikki Yanofsky","256322","Nikki Yanofsky","name","2026-10-05",,
"3nEiRzdQNmkUgoknNt9IRu","Niklas Strömstedt","241474","Niklas Strömstedt","name","2026-10-05",,
"2mGY9GWzeVhGxwHQAeut6d","Nils Mikael Hætta","129278052","Nils Mikael Hætta","name","2026-10-05",,
"71nXz1szMSa66s0VB916xi","Nils Noa","332938","Nils Noa","name","2026-10-05",,
"5lFSHgxz53iq69mFl0gJuY","NIMT","103760802","Nimt","name","2026-10-05",,
"7AzjETXRUKNRSJHMW9GIqd","Nina Nesbitt","1724041","Nina Nesbitt","name","2026-10-05",,
"4DnyVXu8v4xfnVPjSu1NNS","Ninyabp","369466772","Ninyabp","name","2026-10-05",,
"34482S5nfxR441wcnVfrHi","Noah Gundersen","469556","Noah Gundersen","name","2026-10-05",,
"6b0Wy4mw8ePj9w2EX3s4V3","Noah Guthrie","6459257","Noah Guthrie","name","2026-10-05",,
"7Iz5t3KpNWPtB2uB2YyeN6","Noah Rinker","173153117","Noah Rinker","name","2026-10-05",,
"47WlUGFrUj1hDhjzX1l6nc","Noak Hellsing","76873182","Noak Hellsing","name","2026-10-05",,
"0tHXdyrtyC1gWEcEvmWfbn","Noble Heart","68791502","Noble Heart","name","2026-10-05",,
"2V17eU6gWyvIWAMxuDMoUJ","Noelle Johnson","62635742","Noelle Johnson","name","2026-10-05",,
"35kBMx0nauaGZIhWESWrc5","Norges Nye Megahit","151103152","Norges Nye Megahit","name","2026-10-05",,
"2cWZOOzeOm4WmBJRnD5R7I","Normani","12549876","Normani","name","2026-10-05",,
"6egxV3HlGSMfPE2L5opbvx","NORSJÖ","97085662","NORSJÖ","name","2026-10-05",,
"3XHKj8I1h4GNsaViEId6Bs","North of Nine","6688293","North of Nine","name","2026-10-05",,
"5jAMCwdNHWr7JThxtMuEyy","NOTD","11625613","NOTD","name","2026-10-05",,
"0m77k2AK3NjOt2nBk1n0Af","Nova North","55287732","Nova North","name","2026-10-05",,
"08DIGNsHigr3JMUH0BAuIW","Novaspace","6653","Novaspace","name","2026-10-05",,
"13FBdMZnPKuU6QYIgagrcS","NSH","10659555","NSH","name","2026-10-05",,
"1XynjLPAyPi8SZAx8LHN0Z","Nuka","115060492","Nuka","name","2026-10-05",,
"4sIPNUYiz7FcZBx1oHuMHe","O.N.E The Duo","140682342","O.N.E The Duo","name","2026-10-05",,
"1qGohIp3a4kh1Euymx0pyL","Ocean Park Standoff","11151946","Ocean Park Standoff","name","2026-10-05",,
"64zdCzD7lOFBTIpQBSH8Uv","Odd Nordstoga","16284","Odd Nordstoga","name","2026-10-05",,
"33flJthxKOZaTdeOZHJez0","Odhran Murphy","9612710","Odhran Murphy","name","2026-10-05",,
"0Tx7b9IhhC83jmoxFNU6Zf","Odin Waage","90853912","Odin Waage","name","2026-10-05",,
"4dwdTW1Lfiq0cM8nBAqIIz","Of Monsters and Men","1581786","Of Monsters And Men","name","2026-10-05",,
"1oJpCBvv7mYhrLxV8nnqMw","Of Sea And Stone","12323256","Of Sea And Stone","name","2026-10-05",,
"1SiCF4gVjnR5iAIwk1nkXo","OG3NE","12043778","OG3NE","name","2026-10-05",,
"2jgQHDMb4tea3Gmzm2oEpr","Oh Gravity","8730550","Oh Gravity","name","2026-10-05",,
"3yQxGz288i3AqOxq7LYHUU","Oh Honey","5610297","Oh Honey","name","2026-10-05",,
"2h2AvgbE9f7C0CLVZMYoPb","Oh Jeremiah","4545819","Oh Jeremiah","name","2026-10-05",,
"3p5nfUyEYsxx8izMCym07n","Oh The Larceny","11806689","Oh The Larceny","name","2026-10-05",,
"7cpjCdauAvnZuOys36bntk","Oh, Hush!","4578462","Oh, Hush!","name","2026-10-05",,
"5c73wRE0oKiJKJvwLBFUqD","ohFrank","91233442","ohFrank","name","2026-10-05",,
"40LzaNxYeMt3RVPw6dHJRy","Okay Mann","10668815","Okay Mann","name","2026-10-05",,
"6L7tIdRpMMZb5l2tk42YLA","Oli Fox","14789393","Oli Fox","name","2026-10-05",,
"3HOzMjYCyvdPCNKdvjs3np","Olive James","12467736","Olive James","name","2026-10-05",,
"4jyVFoPpztkIpYXNNFBv75","Oliver Lanning","77725002","Oliver Lanning","name","2026-10-05",,
"4QAp87iZerUP9PKxtLhmW1","Oliver Nelson","11175752","Oliver Nelson","name","2026-10-05",,
"10uOf0MNfjh90mGfD1bS6Q","Oliver Tompsett","1415554","Oliver Tompsett","name","2026-10-05",,
"0Kp8BEwvYuGMcuKu5aEuCC","Olivia Collingsworth","57704592","Olivia Collingsworth","name","2026-10-05",,
"188VINPQh5dyNfLUkevKqf","Olivia Holt","4019667","Olivia Holt","name","2026-10-05",,
"6ytGxUYeXamODJwiXuZvjO","Olivia Penalva","4337597","Olivia Penalva","name","2026-10-05",,
"2iQwAqrlg3vD9E8rgAX5R4","Olivia Rudeen","3921901","Olivia Rudeen","name","2026-10-05",,
"74XKIzsuxCaIYB19npo5zc","Oliviya Nicole","5484128","Oliviya Nicole","name","2026-10-05",,
"61OfgWqIShFcYZekhBsljE","Ollhage","11853453","Ollhage","name","2026-10-05",,
"1FWuEwWawlnaMKPCaxnMxa","Ollie Wade","4645138","Ollie Wade","name","2026-10-05",,
"5vBSrE1xujD2FXYRarbAXc","Olly Alexander (Years & Years)","4023815","Olly Alexander (Years & Years)","name","2026-10-05",,
"2IgHMpFsnNb4T0HtVx0ZK1","Olympique","4479669","Olympique","name","2026-10-05",,
"7bD3cjwHYADj9rsonLyx7U","Omar Sheriff","96001362","Omar Sheriff","name","2026-10-05",,
"13Li6fzmLzxxOzMEIRr0TN","On The Outside","1304418","On The Outside","name","2026-10-05",,
"7jXFtoRnuxXJ0trzvt3DNj","Once Monsters","13625781","Once Monsters","name","2026-10-05",,
"7GUyb3aEJHskmBRrhckLa6","OnklP","1954201","Onklp","name","2026-10-05",,
"5uP9fBIVGSwIQJoGVDBRqk","OnklP & De Fjerne Slektningene","5452327","OnklP & De Fjerne Slektningene","name","2026-10-05",,
"609oUDC1ffDczoYZPdmnRl","Only Little Clouds","66991082","Only Little Clouds","name","2026-10-05",,
"3Z40kLBFU7C8532e2YLE9t","Only The Poets","11974545","Only The Poets","name","2026-10-05",,
"4QawfzCb5NbFRNn4BySXb1","Oral Bee","4904687","Oral Bee","name","2026-10-05",,
"5bi4lyuj5ZrayYKlibl9ij","Original Broadway Cast of Dear Evan Hansen","11474678","Original Broadway Cast of Dear Evan Hansen","name","2026-10-05",,
"3UUJfRbrA2nTbcg4i0MOwu","Original Broadway Cast of Hamilton","8910688","Original Broadway Cast of Hamilton","name","2026-10-05",,
"2W2MyOwxAxKWGxWVk0vw8v","Original Broadway Cast of Moulin Rouge! The Musical","72025572","Original Broadway Cast of Moulin Rouge! The Musical","name","2026-10-05",,
"6cWNrRKA5mvjU8svgRc7gw","Original Broadway Cast of Pretty Woman","49730362","Original Broadway Cast of Pretty Woman","name","2026-10-05",,
"2apx0wGXPeZG2A4EzS9omR","Original London Cast of & Juliet","73554952","Original London Cast of & Juliet","name","2026-10-05",,
"7lx0wr5ielfxtapVYT8EzX","Osby Berry","9242280","Osby Berry","name","2026-10-05",,
"1rfH6kxUn8tYlzejKr3894","Oscar Enestad","12368618","Oscar Enestad","name","2026-10-05",,
"21PEkJjPYN8SDkaATbMdl9","Oscar Stembridge","55264772","Oscar Stembridge","name","2026-10-05",,
"0AbsJYcsj8UhM58ryG7mwo","Oshins","11217062","Oshins","name","2026-10-05",,
"69ZOZoebEshyscvb3HktEf","Oskar Häggström","11362938","Oskar Häggström","name","2026-10-05",,
"0IMdiv0CUmzAsdp47mEsKy","Oskar Levin -_-","250988662","Oskar Levin -_-","name","2026-10-05",,
"2swW41brftKD1enZjcdTVh","Oslo 2016","9901062","Oslo 2016","name","2026-10-05",,
"4e2YUhdd1EKare0kqDSP8j","Oslo Gospel Choir","67202","Oslo Gospel Choir","name","2026-10-05",,
"47iUuA2aVFaZ4ozNn0Yiyj","Oslo Soul Children","1682717","Oslo Soul Children","name","2026-10-05",,
"3XtFKTD758zwzEUHBWYDRD","Oslokoret","286867621","Oslokoret","name","2026-10-05",,
"1ayRHYCUUOcHRhBSZQKwtv","Osmo Ikonen","338624","Osmo Ikonen","name","2026-10-05",,
"0wCVIpaF36VvTjQ4zWuZKX","OTTO BLUE","90858642","OTTO BLUE","name","2026-10-05",,
"5fahUm8t5c0GIdeTq0ZaG8","Otto Knows","1671767","Otto Knows","name","2026-10-05",,
"5Yp0ywd05n7U64KpZ8JSbu","Out of the Dust","1419729","Out of the Dust","name","2026-10-05",,
"4Ge1nKihvBgEWLJrKxoKrN","Outlaw Algorithm","350389192","Outlaw Algorithm","name","2026-10-05",,
"5TGdkTyHliaYLHPGxqcSUt","OVERSTREET","11293","Overstreet","name","2026-10-05",,
"07QEuhtrNmmZ0zEcqE9SF6","Owl City","183201","Owl City","name","2026-10-05",,
"66HYtbv5hfcPygYVYOBT8p","OXLEE","74506912","Oxlee","name","2026-10-05",,
"6igLFRJLPsYcxcaV9PHRHO","Øystein Hegvik","52205472","Øystein Hegvik","name","2026-10-05",,
"0VZ8JqfDQhdhAAJvVEnteR","Øyvind Storesund","11086506","Øyvind Storesund","name","2026-10-05",,
"5wqjeyQhV9mvu43Bv4wiLy","P.Priime","75935872","P.Priime","name","2026-10-05",,
"7n17tju4Xhlj1IkZR4Q2LX","Pa Sheehy","133035902","Pa Sheehy","name","2026-10-05",,
"1PAbQjJvHN4Q3R75FHO20g","Pace Randolph","83307202","Pace Randolph","name","2026-10-05",,
"6jr10TKOZ2OzaJMporFoPD","Painted West","7050971","Painted West","name","2026-10-05",,
"4nFxpXEJ269dKW3CrDEWkO","Palm City","8029955","Palm City","name","2026-10-05",,
"6au2tFFIEY6IeOdw4Ulxgj","Panski","8182284","Panski","name","2026-10-05",,
"4RddZ3iHvSpGV4dvATac9X","Papa Roach","89","Papa Roach","name","2026-10-05",,
"34Q1USAO0pv4gNxcnOKNav","Papa Zeus","70220222","Papa Zeus","name","2026-10-05",,
"5F2Bwl7Is7KVwTbNbMclIS","Papayo","4814135","Papayo","name","2026-10-05",,
"6dewigIOIcG6m1XGsG4Mc3","Paper Idol","55077212","Paper Idol","name","2026-10-05",,
"0ju7FGlkT14KpsSjP2Cs3C","Paper Kings","1106272","Paper Kings","name","2026-10-05",,
"3LpFXwJ6CtWXPuXB9eRSUV","Paperboys","397653","Paperboys","name","2026-10-05",,
"4D4PLsPPSmcrYtGT3VNnus","Papermaps","1629783","Papermaps","name","2026-10-05",,
"677o3tYf3N8f8Ef4XY2tZa","Paradise Fears","1019619","Paradise Fears","name","2026-10-05",,
"75N2nC2KNgaQ1e6bGs0wyc","Paradox Interactive","2171361","Paradox Interactive","name","2026-10-05",,
"11I8qWK4foqycuPFRDFH6e","paris jackson","59148702","Paris Jackson","name","2026-10-05",,
"3r9gr1Mz9wRaELdt8LGGbx","Parklands Family","321086851","Parklands Family","name","2026-10-05",,
"151qX7FdFzbxCQ8lttcotn","PARRIS MITCHELL","4238271","Parris Mitchell","name","2026-10-05",,
"4R2DybM5OIPMBklyGe0ZKS","Particle House","60391502","Particle House","name","2026-10-05",,
"7gjAu1qr5C2grXeQFFOGeh","Passion Pit","95538","Passion Pit","name","2026-10-05",,
"0289SkqAn0iOohwm0pIHv3","Pat Barrett","4831298","Pat Barrett","name","2026-10-05",,
"7n3r1FC137xLzQd3P4WzPv","Pat Monahan","71565","Pat Monahan","name","2026-10-05",,
"1MIq5NXNxANzwF7LJj6UQR","Patch Crowe","5929833","Patch Crowe","name","2026-10-05",,
"0xNdN9NbR572rKrGQBjPlH","Patent Pending","398523","Patent Pending","name","2026-10-05",,
"0DOm3VLDtv0mzfkG1FqOH7","Patric Scott","1495020","Patric Scott","name","2026-10-05",,
"1kJJf3Y5B4VatTp5CRhic7","Patricia Kelly","3181281","Patricia Kelly","name","2026-10-05",,
"15dlO1Qk3oUYkGPyBW4eGi","Patrick Dorgan","6731965","Patrick Dorgan","name","2026-10-05",,
"78Rk1F0jGdipWWfrhyWwt3","Patrick Droney","470060","Patrick Droney","name","2026-10-05",,
"5IdCpGeu22vX9cXMCdpGWp","Patrick Jørgensen","8746916","Patrick Jørgensen","name","2026-10-05",,
"510MIxLGKiHhlVwGU1U9Km","Patrick Thomalla","297598151","Patrick Thomalla","name","2026-10-05",,
"4XoQlBAwtqZx9FI5QCmJrK","Patrick Thomas","128974","Patrick Thomas","name","2026-10-05",,
"5QCf1Qb08Q4E3EPnyo8mw1","Patrik Jean","7462884","Patrik Jean","name","2026-10-05",,
"6kZQOOVmBEdPxeWYe4xbDj","Patti Scialfa","77376","Patti Scialfa","name","2026-10-05",,
"7tNLRmiAN8hpmFrbIHiHsy","Patty Griffin","5312","Patty Griffin","name","2026-10-05",,
"11Rb0Ax3Q2dZJ7jNlOvxxP","Paul Brandt","251367","Paul Brandt","name","2026-10-05",,
"7FQRbf8gbKw8KZQZAJWxH2","Paul Cardall","107756","Paul Cardall","name","2026-10-05",,
"3LXppAFXdbOtym6ZRajha7","Paul Janeway of St. Paul & The Broken Bones","11203804","Paul Janeway of St. Paul & The Broken Bones","name","2026-10-05",,
"4STHEaNw4mPZ2tzheohgXB","Paul McCartney","1446","Paul McCartney","name","2026-10-05",,
"6UhDX431GWF6SQrcwu4NhX","Paul Otten","1105516","Paul Otten","name","2026-10-05",,
"5FjiYgLczmrP2j1gijAGWp","Paul Rey","3046581","Paul Rey","name","2026-10-05",,
"0zn6IJVVx4SdJXR9WJMVve","Paul Wilkins","8696598","Paul Wilkins","name","2026-10-05",,
"6ja6QKojqolpOJpChYXHTf","Paula Fuga","1461429","Paula Fuga","name","2026-10-05",,
"69lNua6PEluHihKfuIRPKc","Paulini","320295","Paulini","name","2026-10-05",,
"7rYBN0oKCQeSw2SHYgcck5","Paxel","4103481","Paxel","name","2026-10-05",,
"0XzqxMZhGhAioqpcrql7fj","Paxton Ingram","11055326","Paxton Ingram","name","2026-10-05",,
"5D6xERKDE4AjAJ2WKGw85Q","Peacemode","12534002","Peacemode","name","2026-10-05",,
"1w5Kfo2jwwIPruYS2UWh56","Pearl Jam","1319","Pearl Jam","name","2026-10-05",,
"56zJ6PZ3mNPBiBqglW2KxL","Peder Elias","14640915","Peder Elias","name","2026-10-05",,
"2lLqHBjAnD1QyH24pOPoH6","Peg Parnevik","10012956","Peg Parnevik","name","2026-10-05",,
"6IWxOu9w3PtIpLa7A178ad","Pegasus","101471","Pegasus","name","2026-10-05",,
"3ayMV7TAUoJ7jHass1hSxI","Peggy Harley","4803645","Peggy Harley","name","2026-10-05",,
"70ovkdfy4QSPHKJQ0Qy9zR","penelope Q","123819772","penelope Q","name","2026-10-05",,
"65o6y7GtoXzchyiJB3r9Ur","Penny and Sparrow","412907021","Penny and Sparrow","name","2026-10-05",,
"1lBXMK3XNyJs5k555G4jDh","Perfect Plan","14155951","Perfect Plan","name","2026-10-05",,
"4tUajUzujJgjYQ6mMbsMRf","Pernilla Wahlgren","251437","Pernilla Wahlgren","name","2026-10-05",,
"7CfcrGoabPfkAToFD8oBF3","Perrin Lamb","405746","Perrin Lamb","name","2026-10-05",,
"3b6h32F8106P4eodXJHhmd","Persia Holder","286449531","Persia Holder","name","2026-10-05",,
"2ycnb8Er79LoH2AsR5ldjh","Pet Shop Boys","412348021","Pet Shop Boys","name","2026-10-05",,
"0Cgijkl49Ktl93nFDK9CTi","Pete McCredie","13956749","Pete McCredie","name","2026-10-05",,
"7zX44fpv6srJt3HfBv0GCn","Pete Parkkonen","153286","Pete Parkkonen","name","2026-10-05",,
"1E9NK1pRcari6VAPFFEy6K","Peter & Bruno","10698833","Peter & Bruno","name","2026-10-05",,
"1672I4FOIEA58baau2xHk0","Peter Burton","418054262","Peter Burton","name","2026-10-05",,
"7C4sUpWGlTy7IANjruj02I","Peter Gabriel","1048","Peter Gabriel","name","2026-10-05",,
"1RORiKtAbKns0JTwTjOk0k","Peter Gallagher","70478","Peter Gallagher","name","2026-10-05",,
"3fA5zBQWEa0uzYo43SvXaj","Peter Jöback","278679","Peter Jöback","name","2026-10-05",,
"6O5zKwY8kFFYhBwZdJ7VKI","Peter Katz","406724","peter katz","name","2026-10-05",,
"30B2OY2t19A6zCXGFUNlGB","Petey Martin","11066850","Petey Martin","name","2026-10-05",,
"62uiaKAdkbY94iXJnXyKzc","Peyton Parrish","5449683","Peyton Parrish","name","2026-10-05",,
"2RdwBSPQiwcmiDo9kixcl8","Pharrell Williams","103","Pharrell Williams","name","2026-10-05",,
"3U6rbhm05Jzcux0IOP0poA","Phil Beaudreau","4330766","Phil Beaudreau","name","2026-10-05",,
"4lxfqrEsLX6N1N4OCSkILp","Phil Collins","186","Phil Collins","name","2026-10-05",,
"3MDqk7o9WcL4FSvlyyGjRv","Phil Good","1559682","PHiL GooD","name","2026-10-05",,
"1XhhO2dTs2fKyhILj0aam6","Phil Vassar","71827","Phil Vassar","name","2026-10-05",,
"5d1JhBfyb58upMXCZOdbQu","Phil Wickham","133427","Phil Wickham","name","2026-10-05",,
"5HdoLuXD0KtSA3gECZqkty","phil's ok.","196282667","phil's ok.","name","2026-10-05",,
"3zCRsgYimWW3rYsaEgXIeG","Philip Klein","6111110","Philip Klein","name","2026-10-05",,
"7oaSITFPadI3fnIxbv7hTa","Philipp Dittberner","6796671","Philipp Dittberner","name","2026-10-05",,
"13Ir7pfxQ5ZkpCHaD2NoX2","Philippa Hanna","563778","Philippa Hanna","name","2026-10-05",,
"7gIDHAJ0iFOGSMTiqsNUZT","Phillip LaRue","241143","Phillip Larue","name","2026-10-05",,
"4ax5Muh1D7VX3aYWPR3g8K","Phillip LaRue and The Wildwoods","137273292","Phillip LaRue and The Wildwoods","name","2026-10-05",,
"6Q5pAb8ZaL7rWcJdpgzimj","Phillip Sweet","4494656","Phillip Sweet","name","2026-10-05",,
"0JAA5Ru4PGTa9oWXsp9DnQ","Phillip Vo","84243442","Phillip Vo","name","2026-10-05",,
"0GUFrEry7OHxPMcpjPH9lQ","Phillip-Michael Scales","9728390","Phillip-Michael Scales","name","2026-10-05",,
"5yLiSpA4wPJNf7kYBIZegG","Philmon Lee","93718822","Philmon Lee","name","2026-10-05",,
"1pz6Uk6RETJmyNuxp4TD5m","Phineas and the Ferbtones","293796","Phineas And The Ferbtones","name","2026-10-05",,
"4N874uPqBka1QiCvnCVOtr","Phoebe Ryan","5341762","Phoebe Ryan","name","2026-10-05",,
"011ht7cUss0grzXM4nm43Y","Photronique","5320167","Photronique","name","2026-10-05",,
"7MmKfvl13ktxYrbHh9JkZA","Pia Toscano","1218851","Pia Toscano","name","2026-10-05",,
"6wbpT3ouvjUUWqKWJ5iQ9z","Pierce Brosnan","4464618","Pierce Brosnan","name","2026-10-05",,
"5JPJ42Eu1xc9gMl7AeSoYl","Pink Cafe","134620192","Pink Cafe","name","2026-10-05",,
"6XdwqUASZa813jPPSFNh3S","Piper Rose","15375953","Piper Rose","name","2026-10-05",,
"1RryIbDjpwt00AKkSpCGvP","PJ Harding","9794264","PJ Harding","name","2026-10-05",,
"1OljsZe7Vq0I7f488aaSHx","Plappert","161802832","Plappert","name","2026-10-05",,
"2XkAnHaxAoItvImcFLVV4S","Playfield Tunes","5187683","Playfield Tunes","name","2026-10-05",,
"2nJYGgfTf2846LtVB3AES8","Plested","10135354","PLESTED","name","2026-10-05",,
"2tbxcCCM7A71cmkzuB8lyH","Plumb","115899492","Plumb","name","2026-10-05",,
"6EokhXVfuwkt5542gzakJ9","Plumbo","403755","Plumbo","name","2026-10-05",,
"6n28c9qs9hNGriNa72b26u","PNAU","152789","Pnau","name","2026-10-05",,
"5dHfLBNU8zoypgKefzEB1c","Pomplamoose","1017735","Pomplamoose","name","2026-10-05",,
"6E9qPOOjsuwnt5kFLFCnWF","Port Cities","10618181","Port Cities","name","2026-10-05",,
"5eNDu0xRakAeO0Za8pRIuG","Portair","51811552","Portair","name","2026-10-05",,
"3DdqT0OIZY3arBWnZ3NJeb","Postgirobygget","17289","Postgirobygget","name","2026-10-05",,
"6bmlMHgSheBauioMgKv2tn","Powfu","14107147","Powfu","name","2026-10-05",,
"6KDdCRjDPwIY4GdkKRTWlh","Prairie Grass","8442502","Prairie Grass","name","2026-10-05",,
"20QoRE4MEXGJpQwRktZ0LJ","Praytell","13023095","Praytell","name","2026-10-05",,
"3k8O7zZkBaZaGCectYYrYb","Pretty Panther","66639772","Pretty Panther","name","2026-10-05",,
"2ZVouz4dTMifmRDJLVfySB","Prime Circle","211421","Prime Circle","name","2026-10-05",,
"4GmdQFh1OBMUdEg4QldbdA","Prince. Elvis","283535121","Prince. Elvis","name","2026-10-05",,
"7DxIIpW0PtfhtapcntyExb","Private Drive","13300215","Private Drive","name","2026-10-05",,
"0cYR74av162l4qeGYj3uWX","PRKR.","162751057","PRKR.","name","2026-10-05",,
"2RhRT6DNOVoDTfS0rG31pZ","Project 46","1931301","Project 46","name","2026-10-05",,
"1BNQnTVxfQqeMxr6xBi8X6","Puggy","310268","Puggy","name","2026-10-05",,
"2WBJQGf1bT1kxuoqziH5g4","Purple Disco Machine","1658572","Purple Disco Machine","name","2026-10-05",,
"2bM99ltifHeWqA8pxQ5RdG","Q.Z.B","12507944","Q.Z.B","name","2026-10-05",,
"1tHm53NBBuFigo0RrjqDfe","Q'orianka Kilcher","6860215","Q'orianka Kilcher","name","2026-10-05",,
"4dAfBjRmZ3v6kakh2NgWpW","Que Parks","14194407","Que Parks","name","2026-10-05",,
"5L1n6wVJMxBw6sZbxD0XAU","Quietdrive","6007","Quietdrive","name","2026-10-05",,
"5n69lhq7BLWqnSjJgNPRh4","Quinn Lewis","9953716","Quinn Lewis","name","2026-10-05",,
"3ApUX1o6oSz321MMECyIYd","Quinn XCII","414859782","Quinn XCII","name","2026-10-05",,
"6d7AYr4nvqHPhfPaDLLeRU","Qulinez","1671769","Qulinez","name","2026-10-05",,
"4TH4BHy0LdBi3dpBW4P2UX","R. City","5293885","R. City","name","2026-10-05",,
"5aptPwTkTKmlPx6csmNJLA","R5","1103947","R5","name","2026-10-05",,
"4w2fF5b9OiQBhh6Z34rL8t","Rachael Nemiroff","12971341","Rachael Nemiroff","name","2026-10-05",,
"0ekCwZGQUkAISV1h48jlHn","Rachel Grae","131540842","Rachel Grae","name","2026-10-05",,
"3QLIkT4rD2FMusaqmkepbq","Rachel Platten","427604","Rachel Platten","name","2026-10-05",,
"5Kcu1E5qhltjwmxpn440Jr","Rachel Potter","1103411","Rachel Potter","name","2026-10-05",,
"2vfOmfh5nQaf2btb8CSbLf","Rachel Talbott","4675646","Rachel Talbott","name","2026-10-05",,
"5EM6xJN2QNk0cL7EEm9HR9","Radical Face","13613","Radical Face","name","2026-10-05",,
"4Z8W4fKeB5YxbusRsdQVPb","Radiohead","399","Radiohead","name","2026-10-05",,
"5dMnvpYEfXvSexjwnSRH5n","RaeLynn","1960571","RaeLynn","name","2026-10-05",,
"4f9iBmdUOhQWeP7dcAn1pf","Rag'n'Bone Man","4101559","Rag'n'Bone Man","name","2026-10-05",,
"25IZcQsNwnvgeBiTEjBNI4","RAIGN","5825982","RAIGN","name","2026-10-05",,
"6KppEstsN6Krnqh1uvKkrd","Rain Perry","1102845","Rain Perry","name","2026-10-05",,
"6MLDcHrNh4OqxDZAjMt5pt","Ralph Tresvant","11834","Ralph Tresvant","name","2026-10-05",,
"5Ofb5xRIUszJdtHNPJTAXV","RAM6","11996616","Ram6","name","2026-10-05",,
"2caaCPRmsp0wFF9utMxeMP","Ramin Karimloo","1162001","Ramin Karimloo","name","2026-10-05",,
"2FGn6OfsEQZgpvji9xCVbL","Ranald Macky","67181362","Ranald Macky","name","2026-10-05",,
"1txRZgDfWlxnYNTuBiiWls","Randall Kent","7364574","Randall Kent","name","2026-10-05",,
"1jHQI26XkjY8BHwvDnh9Jw","Raphael Lake","4998678","Raphael Lake","name","2026-10-05",,
"0a1gHP0HAqALbEyxaD5Ngn","Rascal Flatts","315","Rascal Flatts","name","2026-10-05",,
"3loTvAld5Tpk5aSNbboGpj","Rasmus Gozzi","5145931","Rasmus Gozzi","name","2026-10-05",,
"2xE7TMnsr4hxdQW5F3urtq","Rasmus Hagen","8715562","Rasmus Hagen","name","2026-10-05",,
"6OyK42iougc4gKyClSFG17","RAVEN","107898372","Raven","name","2026-10-05",,
"3NWaix6Tlb7dFlJybjAO7Z","Ravenscode","4344934","Ravenscode","name","2026-10-05",,
"33Cti7pK8o3exjycH47Xk5","Ravi","106785","Ravi","name","2026-10-05",,
"6xLPkpzIIFo22cVp9HNrdT","Ravi","106785","Ravi","name","2026-10-05",,
"4lf5sycK82JMzmkebi1Kic","Ray Lorraine","73953112","Ray Lorraine","name","2026-10-05",,
"14w8BJMukAOb1KQuY3d5Jc","Raye Zaragoza","7833538","Raye Zaragoza","name","2026-10-05",,
"5ZMPpV5VxNpgr3IWOpcc4c","Rayelle","9997898","Rayelle","name","2026-10-05",,
"0bmxU94V20pNJ2Vie9kFYv","Rea Garvey","146100","Rea Garvey","name","2026-10-05",,
"4dDb2XLONSNrTrucRcoaYM","Really Slow Motion","5649718","Really Slow Motion","name","2026-10-05",,
"3Vl9fyKMIdLMswk8ai3mm9","Rebecca Black","1204568","Rebecca Black","name","2026-10-05",,
"4aDYrd2F7sMaEcFNWSiNRf","Rebel Camp","180904337","Rebel Camp","name","2026-10-05",,
"4qdxWWLnahrzUknTg3uPQn","Recent Rumors","11860649","Recent Rumors","name","2026-10-05",,
"0L8ExT028jH3ddEcZwqJJ5","Red Hot Chili Peppers","182","Red Hot Chili Peppers","name","2026-10-05",,
"1fKEt9S1A4iszlgL9rFjPR","Reed Deming","4344909","Reed Deming","name","2026-10-05",,
"2d58BZUfGvr3SyaCnFArKX","Reem","10125412","Reem","name","2026-10-05",,
"2mjSiRZCm8UZlqrJ3PaAyB","Reeve Stimpson","7974490","Reeve Stimpson","name","2026-10-05",,
"5E6xk4Wse6vcLXCdw6MSEZ","Reggie Ann","53927242","Reggie Ann","name","2026-10-05",,
"1LLc1LysYwIKPmcDVfrdMn","Reigan","7162306","Reigan","name","2026-10-05",,
"3C3lXCQIV1vG5SHt8pB5lj","Rein Alexander","904041","Rein Alexander","name","2026-10-05",,
"3nJWBJvK7uGvfp4iZh9CkN","Relient K","1277","Relient K","name","2026-10-05",,
"4hz2WQEgpITP9Vc5V5IZE0","Rema Webb","5316884","Rema Webb","name","2026-10-05",,
"3oIj2x6uKeZSe9Bprnt4TX","Remember Monday","51906002","Remember Monday","name","2026-10-05",,
"7LtDT7MR8nsSZxTxcp1glk","Remo Forrer","91045722","Remo Forrer","name","2026-10-05",,
"6NZ35reZGVciIT0zY980kU","Renald Francoeur","3279741","Renald Francoeur","name","2026-10-05",,
"11Y54BxlxC3UIAUkU2eadQ","Rend Collective","1046659","Rend Collective","name","2026-10-05",,
"4vXLV26Szecr2zx6St7Ppz","Renee Foy","91383822","Renee Foy","name","2026-10-05",,
"5XLWHp9tjK7PWm7SMcvo2q","Restless Road","71077512","Restless Road","name","2026-10-05",,
"6heMlLFM6RDDHRz99uKMqS","RetroVision","7020321","Retrovision","name","2026-10-05",,
"6eXJslu7IJJ6Ej8Czbd0iO","Reuben And The Dark","5251242","Reuben And The Dark","name","2026-10-05",,
"4HyffZBfBLghKnOmJcuAdm","Reuben Gray","10060874","Reuben Gray","name","2026-10-05",,
"5LNXxtryNy0LF1pRdgggyY","Revel Day","7117349","Revel Day","name","2026-10-05",,
"0GlCo4o05HxdzR4Gj7GKyw","Revel Day","7117349","Revel Day","name","2026-10-05",,
"5FYfIAuN8mV5KgVtugwfc0","Revolverheld","4565","Revolverheld","name","2026-10-05",,
"63wibApVUYfmveozcZrmOu","Rhys Coventry","212307877","Rhys Coventry","name","2026-10-05",,
"5yMkHmsdRZA4OVeCylF4xU","Rhys Frank","106339792","Rhys Frank","name","2026-10-05",,
"3QvuHlyW42Ei3AyGOO4AMT","Ria Mae","788379","Ria Mae","name","2026-10-05",,
"3ar8JGsr43jlNDacAnqt34","Rich Fayden","9969460","Rich Fayden","name","2026-10-05",,
"2mea0mgmpQwyvBJGtWcAXo","Rich-Tone Chorus","1445786","Rich-Tone Chorus","name","2026-10-05",,
"1ZDET5tZjBIjNBb7WIqGTw","Richard Smitt","11559659","Richard Smitt","name","2026-10-05",,
"5kB0G3lwKLOpXQl4EM1cOU","Rick Hale","381889271","Rick Hale","name","2026-10-05",,
"7kvfne8CQPhLpfCrxDPJlQ","Rick Pagano","13179117","Rick Pagano","name","2026-10-05",,
"1zgFodgc7kv3uSpgRJujSX","Rickard Söderberg","342645","Rickard Söderberg","name","2026-10-05",,
"2NJvQaOv0IFdN4b6IMWIvD","Ricky Braddy","6360524","Ricky Braddy","name","2026-10-05",,
"3EDwVZensg15abkTt5zfTM","Ricky Dillard","240852","Ricky Dillard","name","2026-10-05",,
"1BchvTjZ0pkAW1WPDZTSeZ","Ricky Rojas","72554462","Ricky Rojas","name","2026-10-05",,
"6Si6fslrH2xSORoY5TclT5","RIKA","1100377","RIKA","name","2026-10-05",,
"55V2PZSif52loZswGkBTeK","Riker Lynch","4680697","Riker Lynch","name","2026-10-05",,
"7yZC6AEhvCD5NFR8yDUxCG","Riley Clemmons","11685547","Riley Clemmons","name","2026-10-05",,
"1WzOZQp50Xd5NAgtmQyKUP","Riley George","346515291","Riley George","name","2026-10-05",,
"7DFV3Usu1Jrcyn45Kx31Bc","Riley Roth","5200379","Riley Roth","name","2026-10-05",,
"2KEqzdPS7M5YwGmiuPTdr5","Rina Sawayama","4680004","Rina Sawayama","name","2026-10-05",,
"60islalA9m7zDvmEGoz7Yu","Ripp + Rice","54971532","Ripp + Rice","name","2026-10-05",,
"5lrKqTTYkQDReLZqUY8Yzz","Rise Cast","14275297","Rise Cast","name","2026-10-05",,
"4ubm9Rvg1vip1AhBNvnEcy","Rise Up Children's Choir","71066492","Rise Up Children's Choir","name","2026-10-05",,
"2lkUWx6myyrFf2KOAAD1da","Rita Eriksen","479986","Rita Eriksen","name","2026-10-05",,
"7jdKX74FchWPfiPJNEwF8A","River Atley","181748997","River Atley","name","2026-10-05",,
"3XuRfMxcjE1DgQJ21eALvD","River Rose","111218712","River Rose","name","2026-10-05",,
"4LAz9VRX8Nat9kvIzgkg2v","Rivers Cuomo","75215","Rivers Cuomo","name","2026-10-05",,
"5T3N5ks9c3L7D4aXw54DVs","RIVVRS","5623392","Rivvrs","name","2026-10-05",,
"0kkxsdcaWmWU2yWAqclDh4","Rixton","5584622","Rixton","name","2026-10-05",,
"2auC28zjQyVTsiZKNgPRGs","RM","113900902","Rm","name","2026-10-05",,
"4Tqhn8v9Cws9SRsViQe61U","Roan Ash","14274863","Roan Ash","name","2026-10-05",,
"1RLZPXW7wtkg92bfPZMKWd","Roary","11546299","Roary","name","2026-10-05",,
"3nJJAQUAGkFKL93EGN7xk4","Roary and The Colony","135410462","Roary and The Colony","name","2026-10-05",,
"6mZKuVxMqyzhA0v6p9otUm","Rob & Kirby Kaple","52157052","Rob & Kirby Kaple","name","2026-10-05",,
"5JoatGOLXYnVYfHA3WUfSI","Rob Dekay","5396390","Rob Dekay","name","2026-10-05",,
"5WBdJUw6xVIet6nnHLtQZy","Rob Drabkin","544547","Rob Drabkin","name","2026-10-05",,
"6OmPUPxJmHooPogepW0elo","Rob Late","14324575","Rob Late","name","2026-10-05",,
"4VbWKy3JWAFBro0dARznBa","Rob Riccardo","10849020","Rob Riccardo","name","2026-10-05",,
"4OvBaBOYjyftit2jET0z5O","Rob Riggle","433537","Rob Riggle","name","2026-10-05",,
"5R6GD31ZP8YPGIlt73Madf","Robbie Robertson","8371","Robbie Robertson","name","2026-10-05",,
"0ZDm55WIaMpvEkX8cY1AAk","Robby Hecht","647539","Robby Hecht","name","2026-10-05",,
"5pKy8QL8CUEtkvOI6dpUm9","Robert Counts","9973756","Robert Counts","name","2026-10-05",,
"6W8rk6H6C3Mcj0lALuLVg1","Robert Grace","4472677","Robert Grace","name","2026-10-05",,
"1h7Eecf9iVlOvcTNBgXDOD","Robert Pegg","11100088","Robert Pegg","name","2026-10-05",,
"126AbEHgoM9VetiuykcCtf","Robert Redweik","5249502","Robert Redweik","name","2026-10-05",,
"0J5szBnIxlzWYAjYQeckrm","Robert Shirey Kelly","5295657","Robert Shirey Kelly","name","2026-10-05",,
"3rROvEsUJJ9y55g1PLaA16","Robert Trujillo","4155547","Robert Trujillo","name","2026-10-05",,
"1CQLPgGkfHrxNMqrXt5oWS","Robin Bengtsson","157872","Robin Bengtsson","name","2026-10-05",,
"0pG9qldCpqWvWIKhjGumaz","Robin Berrygold","7594006","Robin Berrygold","name","2026-10-05",,
"6dR0S3XklzzxSW4boUSRFk","Robin og Bugge","1682696","Robin og Bugge","name","2026-10-05",,
"3t5xRXzsuZmMDkQzgOX35S","Robin Schulz","2005781","Robin Schulz","name","2026-10-05",,
"126TYnp3S2nOpqyaeF2YBh","Robin Stjernberg","1461533","Robin Stjernberg","name","2026-10-05",,
"38ZQTzflknaehJ6IQO7KFL","Robin Tinholt","9548916","Robin Tinholt","name","2026-10-05",,
"40F1DJT6P7NOUFf7X98VYd","Robinson","104040412","Robinson","name","2026-10-05",,
"38CvLGTsjtoloDgv3OKQp8","Robinson and The Romantics","366000632","Robinson and The Romantics","name","2026-10-05",,
"3JF4Dermg0clMhFhVpeKUf","Rochelle Riser","92888802","Rochelle Riser","name","2026-10-05",,
"4zwJl0G2LUz7mVdKguN2kT","Rocky Thomas & The Rapid Fire","259901161","Rocky Thomas & The Rapid Fire","name","2026-10-05",,
"2y8Jo9CKhJvtfeKOsYzRdT","Rod Stewart","1440","Rod Stewart","name","2026-10-05",,
"2qgvmDsc4jrqbAbjq1HGM2","Rodney Atkins","7789","Rodney Atkins","name","2026-10-05",,
"4QIJ2i8I6urte2scKgkVoY","Rodney Crowell","64752","Rodney Crowell","name","2026-10-05",,
"6oTmrjAVfmAT9vExHZqmak","Roger Stangervåg","174907647","Roger Stangervåg","name","2026-10-05",,
"5w4gf9XcqZ4mmgx9Ie8dD6","Rogers Family","62860262","Rogers Family","name","2026-10-05",,
"4Rdh0AevBwePcuPgt8fNeM","rOlfFa","1672057","Rolffa","name","2026-10-05",,
"55snOo1hCfZ7FC9ogPpGnH","Roman Alexander","398089","Roman Alexander","name","2026-10-05",,
"2Ahra6XQmWA06xcO4sF9SK","Romantic Lovebirds","154184932","Romantic Lovebirds","name","2026-10-05",,
"5woC1o9bxzyhV7sXR5t5Nd","Romeo Eats","114566232","Romeo Eats","name","2026-10-05",,
"3uhIWn1OiNMD8hlPvixLmX","Ron Bultongez","12130508","Ron Bultongez","name","2026-10-05",,
"6W9RUw7xnNRYtgh8dimg7L","Ronald Isley","76066","Ronald Isley","name","2026-10-05",,
"6UxYW4p6OoRf85fNMupsfV","Ronan Hardiman","2421","Ronan Hardiman","name","2026-10-05",,
"78dSExAsGHlbMjvNDzFuXr","Ronen","10896328","Ronen","name","2026-10-05",,
"6jYlTb8Rcn6iPsRM0ZqWf9","Ronny Wikmark","4443606","Ronny Wikmark","name","2026-10-05",,
"0916zHQTAS7EIzxZVK5Zp7","RootsTech","161650502","RootsTech","name","2026-10-05",,
"5gGhRZgP9BJL9fsFdvTzeX","Rosario Dawson","4523123","Rosario Dawson","name","2026-10-05",,
"3DYAP9CXyfNiM2nlu09w4i","Rose Betts","7494632","Rose Betts","name","2026-10-05",,
"1EQiPk32D03HxHmExyCg9l","Roses & Revolutions","5511277","Roses & Revolutions","name","2026-10-05",,
"1eggYygEtBl6TJv5CtkYn7","Rosi Golan","470916","Rosi Golan","name","2026-10-05",,
"6kDXH8d9LugUAsHIozzDAI","Rosie Darling","12889189","Rosie Darling","name","2026-10-05",,
"65xwjVX0Ynr5KhBqcgY6o3","Rosie Doonan","257210","Rosie Doonan","name","2026-10-05",,
"5nHR37FDSU4I0QQta0AZ1C","Ross Copperman","14513","Ross Copperman","name","2026-10-05",,
"0y5FoMTIPsSiC4QFRrFxxC","Ross Harris","1646371","Ross Harris","name","2026-10-05",,
"4ivFOCSoFSwxPXQawDqylT","Rotlaus","9468716","Rotlaus","name","2026-10-05",,
"5KDFgnaOWRd3B8V1WQWZlE","Route 33","110679","Route 33","name","2026-10-05",,
"5rCAJczaZc1G2Xl274rzCS","Roveena","4039655","Roveena","name","2026-10-05",,
"5U4QDnlOlmZx9MHV45EoDE","Rowan Atkinson","1401566","Rowan Atkinson","name","2026-10-05",,
"7JjM4ZFJffM5vti5m241ye","Roy Tosh","7824858","Roy Tosh","name","2026-10-05",,
"54OEro9sWZ3mVfMdlz2CIt","Royal Deluxe","4054844","Royal Deluxe","name","2026-10-05",,
"0gpd8R84x5pZaGi5tgZdKc","Royal Wood","469104","Royal Wood","name","2026-10-05",,
"08zsyi6FbSP0D1FTrDyo0W","Royish Good Looks","9843930","Royish Good Looks","name","2026-10-05",,
"1LU9hKlamftkrhXmj5k0OU","Rubber Duc","5839261","Rubber Duc","name","2026-10-05",,
"1lpu6LF7kS0bfnu43pi2u0","Ruby Amanfu","151978","Ruby Amanfu","name","2026-10-05",,
"4WN5naL3ofxrVBgFpguzKo","Rudimental","174348","Rudimental","name","2026-10-05",,
"0vJ0z5dMv2v1u5PT1tzvz3","Rueben & Gotxi","284656341","Rueben & Gotxi","name","2026-10-05",,
"1f3SUOqxfGvLn3MWMphkfF","Ruff","102365302","Ruff","name","2026-10-05",,
"0bTwqu2kHGHJyomMDAGpkK","RUNAGROUND","1997681","Runaground","name","2026-10-05",,
"5vViCpDnSSDRHtSmFhrKfY","Rune Rudberg","127268","Rune Rudberg","name","2026-10-05",,
"18sPofkOiULxi2pZVJI3Ai","Rune Solheim","54587662","Rune Solheim","name","2026-10-05",,
"2dS7p3BekMQYOvkFegudoh","Rupert Pope","4998669","Rupert Pope","name","2026-10-05",,
"50CrGn6dDYeVodcHOyhFYt","Russell Taylor","104823","Russell Taylor","name","2026-10-05",,
"3bfg9PDTyp2yXpmgzERfdF","Russell Vista","73732712","Russell Vista","name","2026-10-05",,
"2M3vnW1p5w4uPRkLYTbvdB","Rusted Root","2195","Rusted Root","name","2026-10-05",,
"2WzaAvm2bBCf4pEhyuDgCY","Ruth B.","8697922","Ruth B.","name","2026-10-05",,
"31rVRoX5ZG9ZyRbHvlEwjA","RuthAnne","110361","RuthAnne","name","2026-10-05",,
"7dMEBGtGI6O7PoTEucAaBT","Ryan Griffin","1034747","Ryan Griffin","name","2026-10-05",,
"3rUE1nbUsQCtCLynsP2wQQ","Ryan Hammond","14134867","Ryan Hammond","name","2026-10-05",,
"6tTLF2AwozAFKKldqvUTNe","Ryan Higa","3993601","Ryan Higa","name","2026-10-05",,
"7lDVEkjIURPMyUYwoQRrpw","Ryan Hurd","5836065","Ryan Hurd","name","2026-10-05",,
"2TkWMeheug6T8GhiIb0Rrw","Ryan Huston","129954892","Ryan Huston","name","2026-10-05",,
"7LLZkvAZN3jH7srfTQ7woi","Ryan Keen","504366","Ryan Keen","name","2026-10-05",,
"5LGo1zHegJTWzqVXgeNplt","Ryan Mack","4620788","Ryan Mack","name","2026-10-05",,
"4tqPTKknmeQK1uDEFVfX4G","Ryan McMullan","11824569","Ryan McMullan","name","2026-10-05",,
"6eeu1cHi3LjiKnTxa7eJux","Ryan Nealon","9882230","Ryan Nealon","name","2026-10-05",,
"5xxkw4ElO0WX3v4i1W5kAQ","Ryan O'Shaughnessy","3260521","Ryan O'Shaughnessy","name","2026-10-05",,
"5dWgiDQIiaAcF76092eTTk","Ryan Payne Band","1070332","Ryan Payne Band","name","2026-10-05",,
"2kIKzdNBjtzSRxXrfkWi1R","Ryan Sheridan","666193","Ryan Sheridan","name","2026-10-05",,
"14UDrYSSYIvARs1nIdVdXA","Ryan Shupe & The Rubberband","16260","Ryan Shupe & The Rubberband","name","2026-10-05",,
"01LfDhfF9mkpmEwRalZCmO","Ryan Star","171019","Ryan Star","name","2026-10-05",,
"4we5S2VLjgY9KzIzApL1KI","Ryan Tedder","1579045","Ryan Tedder","name","2026-10-05",,
"3R2ZcnOHyjuj0a61bq9GTi","Ryan Waters Band","69023952","Ryan Waters Band","name","2026-10-05",,
"2w8ymQ2P1mh8xgsasKXjNF","Ryder Lake","357953642","Ryder Lake","name","2026-10-05",,
"4WXIF211lYZfYEn0d13Ac0","Ryland James","12809717","Ryland James","name","2026-10-05",,
"6EgpIGGBsDihJL6JucBT17","Rymdpojken","98517552","Rymdpojken","name","2026-10-05",,
"2ewL7fKy9d0mvaIwX2KopN","Så som i Himmelen Ensemblen","55332612","Så som i Himmelen Ensemblen","name","2026-10-05",,
"5PkPEYDAzPR5pJhiqPCy6y","SAARLOOS","13688723","SAARLOOS","name","2026-10-05",,
"2Mp409M6EpFr3kGdQ1mwjS","Sabina Ddumba","5371880","Sabina Ddumba","name","2026-10-05",,
"6wcGzkZa4zwU3cJxRs6seS","Sad Heroes","13922219","Sad Heroes","name","2026-10-05",,
"5WMmQuQNYBIJ3HVrKFKaPg","Sad13","10049330","Sad13","name","2026-10-05",,
"3xi1MRuWu2m9XDZPMZgmTo","Sadie Hawkins","4922530","Sadie Hawkins","name","2026-10-05",,
"0sMAHzxguan2KpnKFZPW2d","Sadie Jean","99151432","Sadie Jean","name","2026-10-05",,
"50TimuM4OM6yjsWJUAcdDc","Safedrive","347839431","Safedrive","name","2026-10-05",,
"3V8Gdws52TzoL8WLZHvpzc","SafetySuit","740959","SafetySuit","name","2026-10-05",,
"22DUlxqR0fx6R1UKit7uOz","Sahr Ngaujah","482347","Sahr Ngaujah","name","2026-10-05",,
"4LZ4De2MoO3lP6QaNCfvcu","Said The Sky","5963174","Said The Sky","name","2026-10-05",,
"0Gtv3Wi6jj0lW1Po5QbIGS","Sail North","227969965","Sail North","name","2026-10-05",,
"3OjFBZXDBX6mrezQFaadGa","SAILR","68514872","SAILR","name","2026-10-05",,
"6OE6isNAneV3vtdxKih5fg","Saint Chaos","48663241","Saint Chaos","name","2026-10-05",,
"78xOqjJTOsM2Y5XdtvjDq2","Saint Claire","6411134","Saint Claire","name","2026-10-05",,
"0H39MdGGX6dbnnQPt6NQkZ","SAINt JHN","10385666","SAINt JHN","name","2026-10-05",,
"6wbRCBmxAVoXhUPG5fx0vY","Saint Middleton","142703922","Saint Middleton","name","2026-10-05",,
"1eIoJGCu3rShrRm2wfOhN8","Saint Raymond","4644954","Saint Raymond","name","2026-10-05",,
"24Tqdcqi4xp7lWPhVBWAhr","Saintway","5832770","Saintway","name","2026-10-05",,
"3QJUFtGBGL05vo0kCJZsmT","salem ilese","413453681","salem ilese","name","2026-10-05",,
"7vK6xoR5zT4DypEu0blUku","Sally Dworsky","198741","Sally Dworsky","name","2026-10-05",,
"1HhSYZFNNPTTZuOlSfZUJP","Salt Cathedral","4952099","Salt Cathedral","name","2026-10-05",,
"4xNez1q78QXUBq6zvKuNrU","Salt Tree","12591878","Salt Tree","name","2026-10-05",,
"08GfvCW09pv2QP4y9sle2a","Sam Barber","84776892","Sam Barber","name","2026-10-05",,
"2xl5HY46iiO1RoUJ4Yo73f","Sam Clines","12523408","Sam Clines","name","2026-10-05",,
"6hnWRPzGGKiapVX1UCdEAC","Sam Cooke","12395806","Sam Cooke","name","2026-10-05",,
"4xOi6SOP1jUoAeSfuPsfx0","Sam DeRosa","5816081","Sam DeRosa","name","2026-10-05",,
"6zWCrZExrSgGtBjCO1jkjY","Sam Drysdale","5884930","Sam Drysdale","name","2026-10-05",,
"6zlR5ttMfMNmwf2lecU9Cc","Sam Fender","12096672","Sam Fender","name","2026-10-05",,
"3NWsg1qe0HyufJEhf1KoI6","Sam Heselwood","15365093","Sam Heselwood","name","2026-10-05",,
"2kucQ9jQwuD8jWdtR9Ef38","Sam Hunt","118226932","Sam Hunt","name","2026-10-05",,
"1L3vtq1Q9y95woNBYdqOCF","Sam Jenkins","4720390","Sam Jenkins","name","2026-10-05",,
"66AE89GQTx88zLYhXn1wFK","Sam Martin","4442292","Sam Martin","name","2026-10-05",,
"5hOJDPDGtR4hTrIyhO1OJq","Sam Moran","320271","Sam Moran","name","2026-10-05",,
"4SIjsqKdaPeIVDqrALa4Mv","Sam Nelson Harris","5198234","Sam Nelson Harris","name","2026-10-05",,
"6eQTaqo4g4YbBNGGLCjgWD","Sam Nicholson","8209068","Sam Nicholson","name","2026-10-05",,
"3yjSkJ3vSzmtO0il24085p","Sam O'Rourke","11398490","Sam O'Rourke","name","2026-10-05",,
"6zO84xQ3YiDtFTfKb2Tg5M","Sam Palladio","4382547","Sam Palladio","name","2026-10-05",,
"3vmCb694uLT5FBO1lVB52U","Sam Riggs","5628812","Sam Riggs","name","2026-10-05",,
"0dS6eC0a0XySm7hjOeGU3q","Sam Scherdel","6203094","Sam Scherdel","name","2026-10-05",,
"1TNfZk6KBlHbYQU31roY5q","Sam Sine","60401312","Sam Sine","name","2026-10-05",,
"4vqMBTfYzKa1c5TOTim9mO","Sam Wesley","125668152","Sam Wesley","name","2026-10-05",,
"6IBpS8Mnq0GGo3hhbtuyax","Sam Woolf","6773819","Sam Woolf","name","2026-10-05",,
"4gOl5m9dY7IGAipqpul7GZ","Samantha Barks","2254291","Samantha Barks","name","2026-10-05",,
"1fY0tGriBraq8Pzvh0PZes","Samantha Isler","10670315","Samantha Isler","name","2026-10-05",,
"5i84V8Zk7YqCN6xxb7SWgw","Samantha Jade","135957","Samantha Jade","name","2026-10-05",,
"5qEZAHDykjH5AeV9NZ9KLD","Samantha Smith","1097562","Samantha Smith","name","2026-10-05",,
"3kdwcdgnO8ocKNeFr31F9v","Samira Manners","90634712","Samira Manners","name","2026-10-05",,
"1lHLXaNa0HOLMFDwst1Vzb","Samson For President","1656642","Samson For President","name","2026-10-05",,
"78rEst9B8h5utylmzIoUgb","Samuel Jack","6066072","Samuel Jack","name","2026-10-05",,
"2GC4poyCwQjHKLcTmJ90gq","San Francisco Gay Men's Chorus","112158","San Francisco Gay Men's Chorus","name","2026-10-05",,
"6QgOGgahvXBHEEzpjbDsOj","Sanctus Real","5728","Sanctus Real","name","2026-10-05",,
"435UmkDo0uchwmDeHdKWGN","Sandra McCracken","197493","Sandra McCracken","name","2026-10-05",,
"5JYo7gm2dkyLLlWHjxS7Dy","Sandro Cavazza","10349386","Sandro Cavazza","name","2026-10-05",,
"3PvEhkL4pgu9glR6yOlYKK","Sanna Nielsen","74448","Sanna Nielsen","name","2026-10-05",,
"69TJzg9k2va4dWKlu2lzio","SANNAH SAE","90561262","SANNAH SAE","name","2026-10-05",,
"7qvsLYsYP0MHD7jkdv6DAG","Sara Evans","3236","Sara Evans","name","2026-10-05",,
"39S7Y72G0tdDPy2INGFicV","Sara Farell","8818536","Sara Farell","name","2026-10-05",,
"054HxOGnZjUe5Kk39SAQxQ","Sara Haze","391687","Sara Haze","name","2026-10-05",,
"7Lk9V7E1u5gqSHmtcKlOqH","Sara Kays","3080261","Sara Kays","name","2026-10-05",,
"5oLdTp4J7RJtC43nBnP9Hg","Sara Zacharias","5010150","Sara Zacharias","name","2026-10-05",,
"2xTlb6eueddQmWsxImpDbP","Sarah Buxton","15319","Sarah Buxton","name","2026-10-05",,
"7iK3kLye8FTBgYuqhg7v5P","Sarah Engels","1275239","Sarah Engels","name","2026-10-05",,
"5CFrJThh3hNdK5iDk7iLZq","Sarah Lake","10601291","Sarah Lake","name","2026-10-05",,
"7uz8DZsGBlVbCVpACJGfNl","Sarah Proctor","661505","Sarah Proctor","name","2026-10-05",,
"4Niye7RqB9QEWpmAKqFRw1","Sarah Pumphrey","60658962","Sarah Pumphrey","name","2026-10-05",,
"2vGA5qCDLZGW6exRQgKfLL","Sarah Reeves","240662","Sarah Reeves","name","2026-10-05",,
"5tylcLBdFfLtaA0AvpJTQB","Sarah Solovay","581966","Sarah Solovay","name","2026-10-05",,
"5Xh32TTHdwYRFFCClLGeeF","Sasha","10267328","Sasha","name","2026-10-05",,
"5F3JxNxRYVoMvBDbFqvHhB","Sassa Dagdag","9312382","Sassa Dagdag","name","2026-10-05",,
"1DGpuIJ6KAI5bcaFGbJZJs","Satellite Empire","5824163","Satellite Empire","name","2026-10-05",,
"3UBrLPj3Pgt06osGDYEtkW","Sauro Martinelli","14541421","Sauro Martinelli","name","2026-10-05",,
"0FcC38n7nTB9YS1xhFOKDX","Savannah Outen","311746","Savannah Outen","name","2026-10-05",,
"0yCXdty9c1KG2ItTiJ6oQ7","Savvy & Mandy","10730706","Savvy & Mandy","name","2026-10-05",,
"3GaRKzVcjJv5cIL8CmRAHn","Sawyer Fredericks","5766682","Sawyer Fredericks","name","2026-10-05",,
"4gKoJlqp9vHQYvXF41yrNJ","SaxbyTwins","69599472","SaxbyTwins","name","2026-10-05",,
"1jG8sNQCiRuv1Nz1GiFlax","Saxity","4807244","Saxity","name","2026-10-05",,
"6nKQmcReKxJx1vUt9g25j6","SayWeCanFly","2796621","SayWeCanFly","name","2026-10-05",,
"4rgJcOVIkUAVlg3VmGH983","Scarlett Burke","14229425","Scarlett Burke","name","2026-10-05",,
"0qHCsyxoTidA9ffAoa4JMp","Scarlett Marie","362074232","Scarlett Marie","name","2026-10-05",,
"5ltIfb6fKhN2sxGic1WRWy","Scars On 45","869422","Scars On 45","name","2026-10-05",,
"3Y10boYzeuFCJ4Qgp53w6o","Scissor Sisters","565","Scissor Sisters","name","2026-10-05",,
"06a2osd5HJVYiaET7gXswa","Scott Chesak","8794760","Scott Chesak","name","2026-10-05",,
"2LgklPXmvWVOQfzPVkuChg","Scott Helman","6004782","Scott Helman","name","2026-10-05",,
"72Q6lRKiVLErS4QjuZxsDG","Scott Hoying","1150371","Scott Hoying","name","2026-10-05",,
"0iTPv4MTYSy6e2KP7eiZuX","Scott Krippayne","64354","Scott Krippayne","name","2026-10-05",,
"2wfUus9ndQRBntDugGk5bn","Scott Mulvahill","4876793","Scott Mulvahill","name","2026-10-05",,
"4Ce0htWV1iZZN6By2iHPP1","Scott Ritchie","4986415","Scott Ritchie","name","2026-10-05",,
"6ZV6lGY0prbqpTD0Md8i29","Scotty McCreery","1218822","Scotty Mccreery","name","2026-10-05",,
"4XbTwdbMKNfkUW9KLNT9qy","SCVN","63133112","SCVN","name","2026-10-05",,
"4AbRZCdZWw8qioHDpEmojJ","Seabird","211076","Seabird","name","2026-10-05",,
"6NH017cWdDip8d3zS2lXbD","Sean Bradford","5291913","Sean Bradford","name","2026-10-05",,
"2VsXB6XjjHstoQo3vOL2CF","Sean Jacobs","4425825","Sean Jacobs","name","2026-10-05",,
"0B2fEMNaqBoBSctfjDU6Nc","Sean MacLean","6639746","Sean Maclean","name","2026-10-05",,
"42N7nSYb8pRmVpBpkLSHVC","Sean McConnell","391920","Sean McConnell","name","2026-10-05",,
"6S7fQrvmDgkoTQHHQiExI6","Sean Watson Graham","8948104","Sean Watson Graham","name","2026-10-05",,
"3kT5ssUyc0EpG5HnAj3pUC","Sebastian Fritze","4790701","Sebastian Fritze","name","2026-10-05",,
"6nVppoLxZQC587nnLTQcKx","Sebastian Walldén","55629662","Sebastian Walldén","name","2026-10-05",,
"5CGn9wJhdFhjB3DoU7LHX0","Sebastian Zalo","7828054","Sebastian Zalo","name","2026-10-05",,
"2LEZVqaxPwyaq255gRjO1Z","Sebbe Hauta","125714232","Sebbe Hauta","name","2026-10-05",,
"0gX4Kuwic0S5GfOp1oBZYC","Secret Nation","5970612","Secret Nation","name","2026-10-05",,
"7cyXffn5JLpsR4vnCtq5hI","Secrets In Stereo","875291","Secrets In Stereo","name","2026-10-05",,
"5iNrZmtVMtYev5M9yoWpEq","Seeb","278542361","Seeb","name","2026-10-05",,
"4X0v8sFoDZ6rIfkeOeVm2i","Seinabo Sey","4336474","Seinabo Sey","name","2026-10-05",,
"0C8ZW7ezQVs4URX5aX7Kqx","Selena Gomez","292185","Selena Gomez","name","2026-10-05",,
"6dJeKm76NjfXBNTpHmOhfO","Selena Gomez & The Scene","294631","Selena Gomez & The Scene","name","2026-10-05",,
"0tUfqypVbl1m19xo9T9yUL","Selma & Gustaf","7034323","Selma & Gustaf","name","2026-10-05",,
"2UNCpuBz84bsr5vIROflCa","Séra Lys","316114131","Séra Lys","name","2026-10-05",,
"3jmxkI8Jhv8bHOd2qSiU9j","Serena Ryder","240602","Serena Ryder","name","2026-10-05",,
"6srwgWWqUoJY2gS8Gevfjr","Serlina","10298914","Serlina","name","2026-10-05",,
"6OIXNsC1G1XobycFW9G14S","Seth Power","8902056","Seth Power","name","2026-10-05",,
"6fcTRFpz0yH79qSKfof7lp","Seven Lions","3859631","Seven Lions","name","2026-10-05",,
"3KwmxIhSe9UTSEF37kwngR","SHAED","379186","Shaed","name","2026-10-05",,
"6Uue2zjsE8VBfcFVPBfMbP","Shaefri","11138096","Shaefri","name","2026-10-05",,
"3qBrg0c1loxePyWQxp6F75","Shahadi Wright Joseph","9285150","Shahadi Wright Joseph","name","2026-10-05",,
"1zKD316iTPlm0I1EUk8x6j","Shane Harper","1706893","Shane Harper","name","2026-10-05",,
"5e4Dhzv426EvQe3aDb64jL","Shania Twain","3134","Shania Twain","name","2026-10-05",,
"3czjltHor6ksqHwGIvIDJr","Shanna Jackman","5749020","Shanna Jackman","name","2026-10-05",,
"78CGeleRIUbrzD47TLlI8U","Shannon K","5883037","Shannon K","name","2026-10-05",,
"4ukUyiEoZi8QxibfjuUsEw","Shaun Farrugia","9036674","Shaun Farrugia","name","2026-10-05",,
"662ARLbv66AD2qerddBiDP","Shaun Jacobs","2388841","Shaun Jacobs","name","2026-10-05",,
"4yhUpsa9uw6m2Ko9WmDdRH","Shaun Reynolds","2467471","Shaun Reynolds","name","2026-10-05",,
"6kIgB5cLdAQ1ctIgs9lrkS","Shaun Reynolds","2467471","Shaun Reynolds","name","2026-10-05",,
"0K7VN4aHxHcEb7PqkfoIVA","Shawn Colvin","7463","Shawn Colvin","name","2026-10-05",,
"4zPqypWgp5Lbtf47k8bI5c","Shawn Hlookoff","258650","Shawn Hlookoff","name","2026-10-05",,
"7blkMNJv8n9ceP9zlA4W2U","Shawn Hook","1574887","Shawn Hook","name","2026-10-05",,
"0alRw2BasYQZdFSJLfLbIY","Shawn McDonald","17081","Shawn McDonald","name","2026-10-05",,
"7n2wHs1TKAczGzO7Dd2rGr","Shawn Mendes","5962948","Shawn Mendes","name","2026-10-05",,
"1xp8arQmoMdz3b5LlJ5LJu","Shay O'Dowd","166474677","Shay O'Dowd","name","2026-10-05",,
"4gmgH3IgZoetXRskbdI02q","Shaya Zamora","221735455","Shaya Zamora","name","2026-10-05",,
"5wqQVApxKeHbMsfLJTfWMJ","Shaylen","9985698","Shaylen","name","2026-10-05",,
"6H4lieipng8aGu3Hbd1UeJ","Shayne Ward","6221","Shayne Ward","name","2026-10-05",,
"7vhG9vLpdYHL2HfIzDFDne","Shea","101645782","Shea","name","2026-10-05",,
"6SqoktSTcsCAM66DmN1IOg","Sheer Element","140483012","Sheer Element","name","2026-10-05",,
"4244ev6lbmTuq9j5yBQTc6","Shelby Darrall","12981951","Shelby Darrall","name","2026-10-05",,
"5BPQfQJaq5Hx0636gwk4uA","Sheryfa Luna","17143","Sheryfa Luna","name","2026-10-05",,
"4TKTii6gnOnUXQHyuo9JaD","Sheryl Crow","1439","Sheryl Crow","name","2026-10-05",,
"7wGFrLo9v8FKS2iWyYx75t","Shiah Maisel","13128167","Shiah Maisel","name","2026-10-05",,
"70BYFdaZbEKbeauJ670ysI","Shinedown","6691","Shinedown","name","2026-10-05",,
"09AdawDC7B5zcphs18nRB7","Shirley Clamp","78673","Shirley Clamp","name","2026-10-05",,
"1VF2jmv5aWGszBtIVPt2fT","Shoby","6007532","Shoby","name","2026-10-05",,
"1M3BVQ36cqPQix8lQNCh4K","Shovels & Rope","2653061","Shovels & Rope","name","2026-10-05",,
"46mtGROGYZpaLhRpSnGuYP","Shvman","11342836","Shvman","name","2026-10-05",,
"1wqLd3U5CCwZXJNHzcKkD0","Sian Fuller","143173172","Sian Fuller","name","2026-10-05",,
"2SMYoM2Kbcj6rI6U3FRc4U","Sidewalk Prophets","261963","Sidewalk Prophets","name","2026-10-05",,
"3XFjhIQMdbiTRn2s1j0inQ","Siff","124073932","SIFF","name","2026-10-05",,
"2mq4hucx5aRIPYrZbYgdYK","Sigrid Aase","11499126","Sigrid Aase","name","2026-10-05",,
"43Un98QNKJeX3BmNz9HpS9","Sigrid Spångberg","60225432","Sigrid Spångberg","name","2026-10-05",,
"6UUrUCIZtQeOf8tC0WuzRy","Sigur Rós","1417","Sigur Rós","name","2026-10-05",,
"29L5k8hE8bAaRJpj13SmyA","Sigvart Dagsland","240527","Sigvart Dagsland","name","2026-10-05",,
"4jrjgg3OqsSLL6JuyBXR0F","Siine","60231792","Siine","name","2026-10-05",,
"35sTROQ10vkOfLtMf1epnr","Silicone Boone","70684712","Silicone Boone","name","2026-10-05",,
"6akf848KfHiEa41gn4JsGh","Silver End","4751551","Silver End","name","2026-10-05",,
"5PqyUCb74JCPduh1k69CKB","Silver Trees","5361617","Silver Trees","name","2026-10-05",,
"6hnWurWHDHGyMKmbhls74a","Silvertone","1090784","Silvertone","name","2026-10-05",,
"7uRzbkdNrlNWyo96RIbtAr","Simon Jela","114928052","Simon Jela","name","2026-10-05",,
"1LaFuwhcBsU5wxuEXsOdEx","Simon Khorolskiy","14405189","Simon Khorolskiy","name","2026-10-05",,
"39HlGIenZzeU8w5R7fS1S4","Simon M Harris","356696","Simon M Harris","name","2026-10-05",,
"7n4yZSvg16XY22sxvZzKfw","Simon Samaeng","10880354","Simon Samaeng","name","2026-10-05",,
"3P6nMEGXn0hzBlMndKfLQH","Simon Webbe","279","Simon Webbe","name","2026-10-05",,
"7gbA1Y8n6zfP1MaHUY6lp4","Simple Thieves","12477036","Simple Thieves","name","2026-10-05",,
"4shOc51gERMCBeJALYIQmN","Simple Things","3112711","Simple Things","name","2026-10-05",,
"3C0jafNkYs3FP2rXaRa7r9","Since September","144676312","Since September","name","2026-10-05",,
"6snErdQeWzkbD2Le0P3DDh","Sion J","243776402","Sion J","name","2026-10-05",,
"36jGtr6jwJ2D7RVJBTRpsc","Sir Rosevelt","10990796","Sir Rosevelt","name","2026-10-05",,
"3DFoVPonoAAt4EZ1FEI8ue","Sir Sly","4350455","Sir Sly","name","2026-10-05",,
"2RT5vVHqNHzAHrmZRya8id","Siren Society","297315871","Siren Society","name","2026-10-05",,
"3JHcxiGZQNLJoMqHhKgK5o","Siren Ventura","104907822","Siren Ventura","name","2026-10-05",,
"4pgT4VCXp66MRcH1L6Ewi6","Sirkel Sag","7893516","Sirkel Sag","name","2026-10-05",,
"64LEkaZmatB7DhVnkDlZhh","Sirkus Eliassen","1672073","Sirkus Eliassen","name","2026-10-05",,
"6V0Hohamsv9EgCqBWGl8Gw","Sisi","1090433","SiSi","name","2026-10-05",,
"7m60UAnbgFFNuJbmS6OxTk","Sister Hazel","5372","Sister Hazel","name","2026-10-05",,
"4dcnHUWXWZAHfA8FvQBtJS","SixForty1","72116332","SixForty1","name","2026-10-05",,
"3LLMpSdGz5j8j7qxgbiRCF","sixten","11312216","sixten","name","2026-10-05",,
"1F4NLUTwRsFlczHZ4TppzV","Skei & PT","1690078","Skei & PT","name","2026-10-05",,
"0rvuzsIPX7eql9Iq8e8AUA","Skerryvore","404918","Skerryvore","name","2026-10-05",,
"4Q8IIlsZsXY1BgPzaz4DYq","Skinny Days","7810888","Skinny Days","name","2026-10-05",,
"405DvLr0FOuOWYgCt0emff","Skinny Living","6401580","Skinny Living","name","2026-10-05",,
"30GOeMwtAEN4UspT0k5I4z","Skjalg Raaen","4443607","Skjalg Raaen","name","2026-10-05",,
"2jbP92oFLWqPqogflK1wlW","Skream","198649","Skream","name","2026-10-05",,
"6cHNKcqDykgDCRgnvKdSfK","Skrizzly Adams","5206262","Skrizzly Adams","name","2026-10-05",,
"5HlXA01kcjssYDT7EoqUJF","Skunk Anansie","1025","Skunk Anansie","name","2026-10-05",,
"3uC7RGF9NH9DIJWq92UB6O","Sky Sailing","542398","Sky Sailing","name","2026-10-05",,
"33pG8GEtG6uFV3iAez3n4F","Skybourne","7405686","Skybourne","name","2026-10-05",,
"1QXyMGVMzdhyM5efhg3m3j","Skylar Astin","4447772","Skylar Astin","name","2026-10-05",,
"4utLUGcTvOJFr6aqIJtYWV","Skylar Grey","1352674","Skylar Grey","name","2026-10-05",,
"7fJlbNL7NIvdAqmouRF5ot","Skyline Motel","6089396","Skyline Motel","name","2026-10-05",,
"4Cqia9vrAbm7ANXbJGXsTE","Slash","10336","Slash","name","2026-10-05",,
"0MeLMJJcouYXCymQSHPn8g","Sleeping At Last","146195","Sleeping At Last","name","2026-10-05",,
"3XSZyY300hJOLVc9KQLlee","Sleeping Wolf","6458071","Sleeping Wolf","name","2026-10-05",,
"3i9moIfK3STAW5CD3Sdaen","Sleepy Man","5443943","Sleepy Man","name","2026-10-05",,
"3KJJk2RU4RbO0yoDUZzHwZ","Slopes","130368212","Slopes","name","2026-10-05",,
"6FoBXLAwetXmN0Ez7Qxjug","Slow Traverse","50389222","Slow Traverse","name","2026-10-05",,
"2qOpUdendy1j3h0IQRwG0j","SlyHex","285787461","SlyHex","name","2026-10-05",,
"4iiQabGKtS2RtTKpVkrVTw","Smallpools","4775509","Smallpools","name","2026-10-05",,
"2vhrwzjf9H3icunkVFi9tq","Smash Into Pieces","288319","Smash Into Pieces","name","2026-10-05",,
"2iEvnFsWxR0Syqu2JNopAd","Smash Mouth","1179","Smash Mouth","name","2026-10-05",,
"1ZrBGJWLL8NiAjgNifCy90","Smith & Thell","1443555","Smith & Thell","name","2026-10-05",,
"1aPmWgDU4JXEWg1d2BwH5M","Smithfield","289645721","Smithfield","name","2026-10-05",,
"3rIZMv9rysU7JkLzEaC5Jp","Snow Patrol","1642","Snow Patrol","name","2026-10-05",,
"5L30XpwHG77eWCZtelTns9","SoCal VoCals","1347302","SoCal VoCals","name","2026-10-05",,
"3HIVTUOVLnjWAtGoALRYHs","Society of Villains","232876201","Society of Villains","name","2026-10-05",,
"5bdLfpk3TpFVwrlHWmPL55","Sofia Camara","90429402","Sofia Camara","name","2026-10-05",,
"41sabx66zc6MlHpqf5QoXn","Sofia Franco","59055492","Sofia Franco","name","2026-10-05",,
"2msPoIYdnKVeuOOM960FC2","Sofia Karlberg","5547189","Sofia Karlberg","name","2026-10-05",,
"5eVGdFYlPXJw7xjTCziQt5","Sofie Fjellvang","89253922","Sofie Fjellvang","name","2026-10-05",,
"31VejJFhcFbkEdKEag93nM","SOLEROY","283243571","SOLEROY","name","2026-10-05",,
"1YubAuqQvdqZ42SZpBPii1","Soll","158190572","Soll","name","2026-10-05",,
"4utnV0ZxDPidklLpyc4JAC","Sombear","4948811","Sombear","name","2026-10-05",,
"4hbnUamwrCHpv4wQTwvCIc","Sondr","10091806","Sondr","name","2026-10-05",,
"6rNvkbiuJQipnU9H3kLWSx","Sondre Bjelland","10895344","Sondre Bjelland","name","2026-10-05",,
"3a0gvZAydt98HKVbGb0V67","Sondre Justad","4775179","Sondre Justad","name","2026-10-05",,
"6BpzUSRFwiTk1S0goRoKgu","Sonika Vaid","10075982","Sonika Vaid","name","2026-10-05",,
"3XyHsKlvXenLURpECPEQOJ","Sonja Aldén","74383","Sonja Aldén","name","2026-10-05",,
"2zHHEU3t9cutZFyG0fHdOR","Sonny Alven","4419878","Sonny Alven","name","2026-10-05",,
"6oUOB4546xi7BR01D5HLKd","Sonny Luca","89628192","Sonny Luca","name","2026-10-05",,
"2hPtxFv2Ftb7xGRdU76bOd","Sonny Tennet","163139197","Sonny Tennet","name","2026-10-05",,
"4WBCjNjq0MGPsvcXyOPWKW","Sons of Legion","136175412","Sons of Legion","name","2026-10-05",,
"11hAm1yZqtybebogMPzvV4","Sons of Serendip","7189214","Sons of Serendip","name","2026-10-05",,
"24ml2a3Gc8V9UX6DfAhdqZ","Sons of Sonix","10714459","Sons of Sonix","name","2026-10-05",,
"6cSxzHrQgGc4I4Ck5Gewej","Sons Of The East","4506993","Sons Of The East","name","2026-10-05",,
"4weums6IzU9u5hNt7lR31b","Sonya Isaacs","1492920","Sonya Isaacs","name","2026-10-05",,
"677I4GvMPrBPGiUUvmET6s","Sopha","10310464","Sopha","name","2026-10-05",,
"7MPa3OSyGyLNq9CedDr2LT","Sophia Fracassi","125628862","Sophia Fracassi","name","2026-10-05",,
"5T8zbK3dic52T9bFu0aY8z","Sophia Somajo","264388","Sophia Somajo","name","2026-10-05",,
"7AOCUMe3rKW4o3uADBNwVy","Sophie Simmons","8547630","Sophie Simmons","name","2026-10-05",,
"3N5ClJMyntW9ol6wR1ZI1X","Sophie Stray","51040972","Sophie Stray","name","2026-10-05",,
"1PnnRNGfichOAfPOn5mVyx","Sorana","1651733","Sorana","name","2026-10-05",,
"0QCgvplRxUtmDPfbIXsn3u","Soul Blues Icons","333365931","Soul Blues Icons","name","2026-10-05",,
"3nE9FhhwfDdyuObjky2v55","Soulidified","333669431","Soulidified","name","2026-10-05",,
"4ZVqQ5bLpSef3QmZP3gGnK","South Club","12730509","South Club","name","2026-10-05",,
"2FRfJyV85zb19tO6uiXBGl","sped up + slowed","193676717","sped up + slowed","name","2026-10-05",,
"4xAJSZolxzN6nZzJpHBYb8","Spencer Combs","4037079","Spencer Combs","name","2026-10-05",,
"6to2NJmRWY1h7rLU4c9TyG","Spencer Crandall","6236616","Spencer Crandall","name","2026-10-05",,
"6mjz3NMhNE5SK7GsbJIg6C","Spencer Sutherland","5416530","Spencer Sutherland","name","2026-10-05",,
"1U4MHCYeEgnQghKlhmH34C","Spencer Sutherland Wetmore","13796765","Spencer Sutherland Wetmore","name","2026-10-05",,
"0TeGnmwDckodQSYHlPoCvz","Spencer Washington","4803646","Spencer Washington","name","2026-10-05",,
"0uq5PttqEjj3IH1bzwcrXF","Spice Girls","785","Spice Girls","name","2026-10-05",,
"1wheYCHOG8jXrzyqvbEjKH","Spirit Of The West","64185","Spirit Of The West","name","2026-10-05",,
"2n4ScI2wdD88BSMTt7ZwKf","Spritely","8765752","Spritely","name","2026-10-05",,
"3i94wxAKQqlJyiPLDmjNdH","St. Lundi","85712862","St. Lundi","name","2026-10-05",,
"0bb1EZkY7SlcGKU9e5T9DL","Staarz","155230742","Staarz","name","2026-10-05",,
"0QSE65sdS1w23fcBY3664e","Stage Dive","1086694","Stage Dive","name","2026-10-05",,
"6H0YoV8pMik8ovVyM7aZ8m","Stage Dolls","315614","Stage Dolls","name","2026-10-05",,
"3zrUX1hQrUB9aXcOiyQLmN","Stanaj","10826646","Stanaj","name","2026-10-05",,
"0Ku9jFTJvPANO4LBOyJoWv","Stanfour","75214","Stanfour","name","2026-10-05",,
"6Xwnf3RvFGnMST0b1UpxHP","Starr Adara","273587512","Starr Adara","name","2026-10-05",,
"0oyaaWEHW362yIAlY4DAlT","Stars of Track and Field","314831","Stars Of Track And Field","name","2026-10-05",,
"5rJavWc7pViChZ614FHDK7","Starsky & The Fox","148714962","Starsky & The Fox","name","2026-10-05",,
"3Gm11qlnZpq0J9ee9rUJ3P","Staut","1659915","Staut","name","2026-10-05",,
"4tJ6n38cpgqKuzjSX24BJA","Stavangerkameratene","9938012","Stavangerkameratene","name","2026-10-05",,
"2dViR9WphpDpMB3oUiDblq","Staysman & Lazz","1234778","Staysman & Lazz","name","2026-10-05",,
"6f3R3mqKR3kHp1KBNMUn80","Stealth","11137618","Stealth","name","2026-10-05",,
"1TMa2M8BSbJP1rqX83wALz","Steerner","1018880","Steerner","name","2026-10-05",,
"2LxJgk9hfxaOFWTZRfV9kR","Stefan Hjort","8031619","Stefan Hjort","name","2026-10-05",,
"0bm9qSmVJmT9CEukIhhZY5","Stefanie Heinzmann","75424","Stefanie Heinzmann","name","2026-10-05",,
"2FYOI01brbNN7gtT58DElr","Stefanie Scott","1086773","Stefanie Scott","name","2026-10-05",,
"3mpiKqlNiCUUR0cqj6Pey2","Steffen Franco","110255222","Steffen Franco","name","2026-10-05",,
"1XVo10kDAKfZbj0V06N20X","Stella Maria","188662077","Stella Maria","name","2026-10-05",,
"0ypwPd6ZLWkYuNVRnRFor2","Stella Mwangi","472895","Stella Mwangi","name","2026-10-05",,
"7gAbIQOGMoPh5J2VtRF5Ks","Stephan Baulig","49555742","Stephan Baulig","name","2026-10-05",,
"59W7vyEBvLFnrimGrfEUiD","Stephanie Rainey","1176482","Stephanie Rainey","name","2026-10-05",,
"6B72wjgAkhvxTVCL6xS6mC","Stephen Puth","12544410","Stephen Puth","name","2026-10-05",,
"5XKFrudbV4IiuE5WuTPRmT","Stephen Sanchez","13129925","Stephen Sanchez","name","2026-10-05",,
"0AvtzKTYleNqdJXoZasQWG","Stephen Speaks","395434","Stephen Speaks","name","2026-10-05",,
"5uGLuPqfATGbvk6shtjDoX","Stephen Stanley","1042387","Stephen Stanley","name","2026-10-05",,
"6M3KVfVHZ3Bn7WSNUvETSO","Stephen Wrabel","1814581","Stephen Wrabel","name","2026-10-05",,
"2rJ1AerBug0HNEj8gIHazF","Stereo Jane","5277776","Stereo Jane","name","2026-10-05",,
"3vE2dQ30qWbC54d4K93zlB","Sterre Koning","14591731","Sterre Koning","name","2026-10-05",,
"5TzXQAdTgdJLS1Tl6Gggtn","Steve Acho","1904601","Steve Acho","name","2026-10-05",,
"6g4NDZyv8dDbZUnNu2dDEe","Steve Balsamo","405811","Steve Balsamo","name","2026-10-05",,
"3B34eWQZulLjgbkbEl3DD5","Steve Biddison","160894902","Steve Biddison","name","2026-10-05",,
"5HieGYijqqAt5A5CYC3ubT","Steve Fox","379859","Steve Fox","name","2026-10-05",,
"0Eq3akurjfHpZxo5FC6v2M","Steve Garrigan","4634618","Steve Garrigan","name","2026-10-05",,
"2CokAz18TsHK3OTTJFFmNQ","Steve Ray Ladson","85338082","Steve Ray Ladson","name","2026-10-05",,
"5MW08rvyz59mdceF4urxXO","Steven Lee Olsen","1287802","Steven Lee Olsen","name","2026-10-05",,
"5yqWHaDl8ZrYgeKANLyIv8","Steven Malcolm","5389696","Steven Malcolm","name","2026-10-05",,
"3sw7CBftCnflJN8HQiUNmK","Steven Price","1094303","Steven Price","name","2026-10-05",,
"32zks9ovi0IExzUd1C7W6o","Steven Tyler","78998","Steven Tyler","name","2026-10-05",,
"2VjaUsXjLqXvqNjLR08SyZ","Stevenson Everett","9654172","Stevenson Everett","name","2026-10-05",,
"5qMHOzLlXeOEjOncWYtRfZ","Stevie Appleton","10299384","Stevie Appleton","name","2026-10-05",,
"78GO6Kwn9eBFrHdjPtjtCm","Stevie Brock","4559343","Stevie Brock","name","2026-10-05",,
"3ZJ52oqH4GoAbp3rBzWjnf","Stevie Gold","1085506","Stevie Gold","name","2026-10-05",,
"7oAEefTqQbsi8FbDa9dD8D","Stevie McCrorie","7799730","Stevie McCrorie","name","2026-10-05",,
"1ckIb9sCfgKNb667uqs4zS","Stian Åkvik","156721072","Stian Åkvik","name","2026-10-05",,
"35j3Bv3gRKUHbiFSxVjjIf","Stig Brenner","111756112","Stig Brenner","name","2026-10-05",,
"1fUVSMKClSFfmnk13NVaPU","Stig Rästa","7747264","Stig Rästa","name","2026-10-05",,
"1fHcltkLMdUmoCLC9wpigf","Stine Bramsen","4834199","Stine Bramsen","name","2026-10-05",,
"1EJZB7kLgAPtqTdpjvoTGR","STOCKHOLM COWBOYS","328488011","STOCKHOLM COWBOYS","name","2026-10-05",,
"08bxDK7Dy7XQulw6KmLNJa","Storm & Stone","53594122","Storm & Stone","name","2026-10-05",,
"0laKk1S2tZPEJBdEjeYG6V","Storm Keating","9830142","Storm Keating","name","2026-10-05",,
"2SrSdSvpminqmStGELCSNd","Stormzy","11238359","Stormzy","name","2026-10-05",,
"3MjqsvJtWHZFbk4bEAaskX","Streaplers","265630","Streaplers","name","2026-10-05",,
"66YzHdK0FWCQSKMlXf3Rbj","Strive to Be","97141392","Strive to Be","name","2026-10-05",,
"27OSkNp2jNWP9ftZ1ALrkm","Strobe!","10137090","Strobe!","name","2026-10-05",,
"00GQFQMePsK6tyPSJkBJZG","Sture Zetterberg","12585426","Sture Zetterberg","name","2026-10-05",,
"1o9Vx2q6XqwpzydCa10cXO","Sturla","1646579","Sturla","name","2026-10-05",,
"0W0Sm3gpE3sTH1JmMyAm9h","Sugar Kids","14250239","Sugar Kids","name","2026-10-05",,
"4uN3DsfENc7dp0OLO0FEIb","Sugar Ray","13556547","Sugar Ray","name","2026-10-05",,
"0hYxQe3AK5jBPCr5MumLHD","Sugarland","8654","Sugarland","name","2026-10-05",,
"3Rkl3UpmEVgW3vEoISzJUT","SUM SUN","161086632","SUM SUN","name","2026-10-05",,
"4zXwKatKsxYa8T9dAOzlgS","Summer Kennedy","15104339","Summer Kennedy","name","2026-10-05",,
"1DRBKpmVNIT4tUFBSZ0tW5","Summer Rios","94364142","SUMMER Rios","name","2026-10-05",,
"1HLtRz2i2pDVvryjB8eaRL","Summer Wright","10824030","Summer Wright","name","2026-10-05",,
"7bvsCuLF2FR79zNzUbv18f","Sun Heat","12584972","Sun Heat","name","2026-10-05",,
"6MAu0Z9K1Si5WxLMPkx1Rw","Sunny Ray","15297503","Sunny Ray","name","2026-10-05",,
"0Wntg3GwOUnXhRr2vneYg6","Sunset Sweatshop","12105684","Sunset Sweatshop","name","2026-10-05",,
"6OsWPOGEAkvEAY3YQNZW4q","Supergirl","6532939","Supergirl","name","2026-10-05",,
"4MAUMND3QtgDADiMyBvgbS","Surfer Girl","4852217","Surfer Girl","name","2026-10-05",,
"5MLIxVYkY4Fc2dwdaYSS8G","Suriel Hess","13952055","Suriel Hess","name","2026-10-05",,
"6XxpIxIXJ0OM3F3bdySHYX","Susan Enan","399421","Susan Enan","name","2026-10-05",,
"0F7mqxAaN5oiOuSSdi5rPD","Susanne Louise","6518185","Susanne Louise","name","2026-10-05",,
"3pEGp6I1uBPalwgcku2CS0","Sval","1424649","Sval","name","2026-10-05",,
"6I6AN0IaEuakK2KTTNbv6z","Sven Karlsson","4835393","Sven Karlsson","name","2026-10-05",,
"2SGPu2oXXdaqh4KQL8lCsT","Sverre Eide","4724888","Sverre Eide","name","2026-10-05",,
"4TCxJvDPZD9i1P1CLPK9BG","Svidden","3059141","Svidden","name","2026-10-05",,
"3wRt3iJpZDOg73CTUkfv5C","SVRCINA","7070913","SVRCINA","name","2026-10-05",,
"62Jfwxon19ZOT9eSL6bvtY","Sweater Beats","4040348","Sweater Beats","name","2026-10-05",,
"599aGczoZFptUe5tbS43LT","Swedish Jam Factory","14814171","Swedish Jam Factory","name","2026-10-05",,
"5tWHm8q0y0V00mzzorSwfz","Sweet Signatures","1179845","Sweet Signatures","name","2026-10-05",,
"0vgTfoEDCKTyYfGf5HIdH2","Sweet Talk Radio","662102","Sweet Talk Radio","name","2026-10-05",,
"5sU8kGIBhMYhDIPr0zu20w","Swim","105864212","Swim","name","2026-10-05",,
"3SUZDuYq8ygITahIfvPxQ0","SWVN","11573533","SWVN","name","2026-10-05",,
"6s3e1aKtPdysxWp0sSNPp2","Sydney Gay & Lesbian Choir","4076862","Sydney Gay & Lesbian Choir","name","2026-10-05",,
"2fHcpUAFhqmfloo2HkBN3e","Sydney James Harcourt","6615800","Sydney James Harcourt","name","2026-10-05",,
"6MoGvDGYMqG2enw4cHH85t","Sydney Quiseng of Echosmith","291384401","Sydney Quiseng of Echosmith","name","2026-10-05",,
"1OmQ8TgrwtDSA6cPVWwUbR","Sylvee","12028168","Sylvee","name","2026-10-05",,
"6i1GVNJCyyssRwXmnaeEFH","Syn Cole","4344078","Syn Cole","name","2026-10-05",,
"68UvCzlIOr87VYF5icJd2d","Synne","14383701","Synne","name","2026-10-05",,
"5WDOXIkjKNjEzlXmLgZVz9","Synne Vo","65245352","Synne Vo","name","2026-10-05",,
"3aVcen0IJtz6svz8DVlpfc","SZN4","313649831","SZN4","name","2026-10-05",,
"7coYvEkmFuzzJX7nZsgVIc","Ta'Rea Campbell","5316886","Ta'Rea Campbell","name","2026-10-05",,
"44Qx9J57sKKNFIASxM4dWh","Tacabro","1624541","Tacabro","name","2026-10-05",,
"59HyKDC9r5zpdyq5eraay1","Tadhg Daly","5650910","Tadhg Daly","name","2026-10-05",,
"3tJaxh0IxzZBgVK9eJuZdy","Taffy Nivert","4404097","Taffy Nivert","name","2026-10-05",,
"2S3290k1UWwaUxXEacUUrB","Tagtraeumer","1694333","Tagtraeumer","name","2026-10-05",,
"1XgFuvRd7r5g0h844A5ZUQ","Take That","9153","Take That","name","2026-10-05",,
"3E33tPtYu9wX1t1cp8ELAW","Takida","78856","Takida","name","2026-10-05",,
"5f4bcIL7lMyDutLcj3ifDN","Taku The Bard","341890791","Taku The Bard","name","2026-10-05",,
"7bP6eltGhNnG66NPQH3Zpd","Tamar Kaprelian","439478","Tamar Kaprelian","name","2026-10-05",,
"7xz1xtNfXrh0l8b9Wsfn27","Tamaz","10748040","Tamaz","name","2026-10-05",,
"6ZyV955Ypf3JAKInn1a0dt","Tamela Mann","171069","Tamela Mann","name","2026-10-05",,
"1vgJ0JDHRTjDKpUpm3dQaE","Tanner Townsend","7319306","Tanner Townsend","name","2026-10-05",,
"25w3tzzMXC0BijfCRXyrgN","Tanner Townsend","7319306","Tanner Townsend","name","2026-10-05",,
"1ZGVS1OWpdvELiQyx3vkO7","Tanner Usrey","51022852","Tanner Usrey","name","2026-10-05",,
"0PjEfAc4kotv7fU7OiNj9L","Tanner Wareham","14350151","Tanner Wareham","name","2026-10-05",,
"6geC8EbDc3ifaSAbx3RESQ","Tape Machines","12328750","Tape Machines","name","2026-10-05",,
"4NTJRoZM1XVKRDvaMUWb9a","Tara Simon","3657791","Tara Simon","name","2026-10-05",,
"37U4NsaBXvBlPKZFbntTYD","Tariq Pijning","8495554","Tariq Pijning","name","2026-10-05",,
"5nwjcZ87CGNRiO98nFKdOD","Taron Egerton","10038450","Taron Egerton","name","2026-10-05",,
"4rx6EZQ4LRbJTJLvtKJVJy","Taryn Harbridge","4379138","Taryn Harbridge","name","2026-10-05",,
"5YxebzzreNswbtYC1td4cx","Tasha Cobbs Leonard","12661089","Tasha Cobbs Leonard","name","2026-10-05",,
"3yCv2yloJueOb4Y3HEYgSq","Tasha Layton","7898422","Tasha Layton","name","2026-10-05",,
"3707xyaqahYieQszcTCd6c","Tatum Lynn","11082930","Tatum Lynn","name","2026-10-05",,
"730X1kWAiAf4vUtlUs1nWY","Tatum Tides","201337227","Tatum Tides","name","2026-10-05",,
"3SKza3YPBri1k43LB1Tqy4","Tauren Wells","4832422","Tauren Wells","name","2026-10-05",,
"7kVuFisXCpEHzbw8DVp2Zf","Taye Diggs","4647383","Taye Diggs","name","2026-10-05",,
"1A0WloDoRE88uUwo3wensY","Taylor Acorn","11149800","Taylor Acorn","name","2026-10-05",,
"3Fxg10eJ6YmvUdM2PPB4Zk","Taylor Bickett","105445852","Taylor Bickett","name","2026-10-05",,
"3lfWOJ5akBMcUCdcK1f7jp","Taylor Conrod","142262112","Taylor Conrod","name","2026-10-05",,
"480xKab3lUPhBBnCzlzqIu","Taylor Davis","108453","Taylor Davis","name","2026-10-05",,
"2LMvoFcHZ0G38iO4Jra8ki","Taylor Edwards","1082018","Taylor Edwards","name","2026-10-05",,
"40usJiKvNyNHy3GAcNXSWx","Taylor Henderson","4501940","Taylor Henderson","name","2026-10-05",,
"73r6cgVUoNL47qnJAF0Ihw","Taylor John Williams","7851402","Taylor John Williams","name","2026-10-05",,
"2S0WpGRnEPyS5OuMp3KOEo","Tebey","1467062","Tebey","name","2026-10-05",,
"6D0UYqXOF2HFQOet85VDKd","Teddy Sky","4421683","Teddy Sky","name","2026-10-05",,
"5e1BZulIiYWPRm8yogwUYH","Tegan and Sara","1695","Tegan and Sara","name","2026-10-05",,
"2w28TUN1pz8BDBH1PW88f1","Tellow","60386512","Tellow","name","2026-10-05",,
"6NBjdxIPyMnOSmkkwd5UZT","Temecula Road","8000066","Temecula Road","name","2026-10-05",,
"3vfmc1eVYcXWTUl25loS0O","Tempo","101085492","TEMPO","name","2026-10-05",,
"2vPuwRAvVfadq3wlTgLOvt","Temur","102144292","Temur","name","2026-10-05",,
"3NccRg2H1XTSVekaTZZ3Xd","TEN TIMES","12553926","Ten Times","name","2026-10-05",,
"0gSAxSvAApQc71cTpoXDFu","Tenille Arts","11086348","Tenille Arts","name","2026-10-05",,
"3TyeX0lk4B7k56ukfzEE0z","Tenille Townes","14539731","Tenille Townes","name","2026-10-05",,
"1OepmLWhBeEx78WuUhnuHp","Tennessee Tears","12247768","Tennessee Tears","name","2026-10-05",,
"7v35CkHBaT1SStgQHl95a0","Tenth Avenue North","70713","Tenth Avenue North","name","2026-10-05",,
"0HLOP0AdsaWe5Pt5TNueGC","Terri Clark","74328","Terri Clark","name","2026-10-05",,
"5fWn9g8ERHtGKWdkAuomBx","Tessa Odden","10169612","Tessa Odden","name","2026-10-05",,
"2Yl1rRB2mi1HPnXAuy9jqq","Texas Hill","95900452","Texas Hill","name","2026-10-05",,
"4NlVHWGq2M57GbUzcBqEAS","Th3rdstream","181524357","Th3rdstream","name","2026-10-05",,
"4wxrJnsIJCAiq6neFRpgeA","That Song","307930851","That Song","name","2026-10-05",,
"4sIuoDOzSlBqeiNJl631zX","The 502s","10815654","The 502s","name","2026-10-05",,
"2CjBXcTF8Jd9WHHA2rOg0q","The 615 House","187358397","The 615 House","name","2026-10-05",,
"7xovAENFxmyEWhzbnHsB3Z","The Airborne Toxic Event","186017","The Airborne Toxic Event","name","2026-10-05",,
"2bIN86ZmfyWfkN9c3C3YXE","The Alternate Routes","232384","The Alternate Routes","name","2026-10-05",,
"6d4jrmreCmsenscuieJERc","The Band CAMINO","10100048","The Band CAMINO","name","2026-10-05",,
"41z8g885N9Yip6AGuV5TGX","The Band JAREN","203823807","The Band JAREN","name","2026-10-05",,
"75FnCoo4FBxH5K1Rrx0k5A","The Band Perry","398752","The Band Perry","name","2026-10-05",,
"2BaKphge9AdjZIxQqv7WoQ","The Barden Bellas","4017022","The Barden Bellas","name","2026-10-05",,
"3WrFJ7ztbogyGnTHbHJFl2","The Beatles","1","The Beatles","name","2026-10-05",,
"2huzXUiBGRUJ8iRFD4NHc7","The Black Mamba","1711264","The Black Mamba","name","2026-10-05",,
"2fxKap4fh2602Ob98sdHL0","The Born Love","14272671","The Born Love","name","2026-10-05",,
"6tK77FerjTNLS5EEhI0zGM","The Brevet","4657901","The Brevet","name","2026-10-05",,
"3HYuUrPKozLegaRXq4pQbe","The Bundys","4101818","The Bundys","name","2026-10-05",,
"30CTCeWTcfn1YhUcRmxinO","The Cameron Collective","11230614","The Cameron Collective","name","2026-10-05",,
"3klIj4I42yytfFk2RuC01s","The Cast of Joseph","171704947","The Cast of Joseph","name","2026-10-05",,
"3Rn6h4Auck41QvOCm2jtQQ","The Cast Of Netflix's Film A Week Away","124104702","The Cast Of Netflix's Film A Week Away","name","2026-10-05",,
"2IS9rTtWwEfUEY4u3mecIT","The Chamber Orchestra Of London","1416589","The Chamber Orchestra Of London","name","2026-10-05",,
"25IG9fa7cbdmCIy3OnuH57","The Chicks","101174282","The Chicks","name","2026-10-05",,
"4uBUJIcIKv8yrxYTxutILs","The Choir Imperfect","121041042","The Choir Imperfect","name","2026-10-05",,
"2oQJQUIpJFFnfKvHJA0xBu","The City of Prague Philharmonic Orchestra","115373242","The City Of Prague Philharmonic Orchestra","name","2026-10-05",,
"4Y2ImQoh83EyhkbaJXmJr1","The Classic Crime","211200","The Classic Crime","name","2026-10-05",,
"3mopzOAKf1rXtmBUjAeEgz","The Cocktails","1601183","The Cocktails","name","2026-10-05",,
"0hK26QoGcuKV3lH0x9MvUU","The Colourist","412790","the Colourist","name","2026-10-05",,
"18h3nc5ixeV80KKGWDAaMG","The Common Linnets","5605846","The Common Linnets","name","2026-10-05",,
"7t0rwkOPGlDPEhaOcVtOt9","The Cranberries","196","The Cranberries","name","2026-10-05",,
"31GxwBlhcV94DmaCv0XSTZ","The Dailys","107654452","The Dailys","name","2026-10-05",,
"4ug92W02N1YsgX0t5wuXSl","The Deep Dark Woods","404906","The Deep Dark Woods","name","2026-10-05",,
"47X9AuO8xyIpr0n141v1lJ","The Devil Music Co.","9616914","The Devil Music Co.","name","2026-10-05",,
"2qFOYqFxPaIwEnffVhJhEn","The Dip","10320024","The Dip","name","2026-10-05",,
"1JVoO5bwfU8GNuAZLpBoHe","The Dream Academy","64505","The Dream Academy","name","2026-10-05",,
"7LDe3yXL1AJJ2VLM9trO74","The DRIIVE","67769452","The DRIIVE","name","2026-10-05",,
"7D0V1JYNXvhpxHDoP3zu0x","The Dunwells","1474510","The Dunwells","name","2026-10-05",,
"0YAZ2nVxNnOeiGmNOxe8U3","The East Pointers","6930313","The East Pointers","name","2026-10-05",,
"6VsU92soWFLtVsSP65rkrN","The Faim","14062395","The FAIM","name","2026-10-05",,
"4PjHNisXpQqSDXOJBFRK8p","The Federal Empire","10974386","The Federal Empire","name","2026-10-05",,
"4LeF3SUf7hytyGQJoLJbym","The Field Tapes","13870655","The Field Tapes","name","2026-10-05",,
"0CRSh7BVlQExWiqzoogJga","The Fireflies","261637","The Fireflies","name","2026-10-05",,
"0qiu2HDyU3u01mZXg5zS7t","The Futuristics","8023494","The Futuristics","name","2026-10-05",,
"4QRTsrZ5XD5UIeTopREwix","The George Twins","5476998","The George Twins","name","2026-10-05",,
"4M99zWkndG6AOGK03VpjH7","The Ghosts of Liberty","98281772","The Ghosts of Liberty","name","2026-10-05",,
"5CPxrqCStgt6AfI4fLiedH","The Glorious Sons","5329718","The Glorious Sons","name","2026-10-05",,
"2sil8z5kiy4r76CRTXxBCA","The Goo Goo Dolls","65791","The Goo Goo Dolls","name","2026-10-05",,
"4gzyIFii6fWdCiLsP0bocC","The Gray Havens","4344189","The Gray Havens","name","2026-10-05",,
"6j4Fh7APZ4kJTka3mXeWc8","THE GRTNS","5639797","THE GRTNS","name","2026-10-05",,
"5btUhGNTcEvv2W2NcsKndH","The Guest and the Host","11780567","The Guest and the Host","name","2026-10-05",,
"3WuWtZ0K4xLMVB2tuZswIZ","The Hanseroth Twins","258691962","The Hanseroth Twins","name","2026-10-05",,
"5UWH3rIlO4qbXk6PMFZEbP","The Heydaze","5940878","The Heydaze","name","2026-10-05",,
"7JP0A6E0FZU4lrZ77J6Dun","The Hollensfamily","14283423","The Hollensfamily","name","2026-10-05",,
"6SunRwBDRPd9ljGruF7ZvU","The Hollows","216851015","the hollows","name","2026-10-05",,
"03wxTq9z4vvjy4AjG8WeJq","The Home Fries","107084172","The Home Fries","name","2026-10-05",,
"3R13lP7rUKLqDnYU8yY9H7","The Honest Family","125598852","The Honest Family","name","2026-10-05",,
"3eCR17xrDt0rGC6EbR2MJI","The Honest Hours","328295841","The Honest Hours","name","2026-10-05",,
"6KxrjoB8dMcRC295reb2Us","The Hound + The Fox","7537606","The Hound + The Fox","name","2026-10-05",,
"3m1bmnSvhdATRT5Fw2Pvq2","The Howard Family","6779895","The Howard Family","name","2026-10-05",,
"1NWjumiUC54F8S21p2W6cG","The Human Experience","1644170","The Human Experience","name","2026-10-05",,
"69IPe8IdY8UuUkbTA47qUn","The Icarus Account","402157","The Icarus Account","name","2026-10-05",,
"68NXDMZWpZFS24F6bJxCnL","The Invention of Flight","145521492","The Invention of Flight","name","2026-10-05",,
"69Mj3u4FTUrpyeGNSIaU6F","The J. Geils Band","3318","The J. Geils Band","name","2026-10-05",,
"76KHdORVQMt7L6nVzvOUph","The Jezabels","389681","The Jezabels","name","2026-10-05",,
"6BW2uueCeAgrAQngP4iodq","The Johner Boys","9686488","The Johner Boys","name","2026-10-05",,
"6ruOnLAsx5qatJQ9JJFt2J","The Just Adam Band","13815027","The Just Adam Band","name","2026-10-05",,
"1910ZMYjAjZJ4TmDmHo29X","The Kents","1356318","The Kents","name","2026-10-05",,
"4UrGiQXrpB2CmzVGVFtH5E","The Last Goodnight","16809","The Last Goodnight","name","2026-10-05",,
"17EpO9pUubOAhnTopBgQYR","The Light The Heat","5829427","The Light The Heat","name","2026-10-05",,
"7dzonLTDG73zQ1cgBvwRdG","The Likes of Us","6770675","The Likes of Us","name","2026-10-05",,
"2rKoD8HgdamRQpAtp4N4BA","The Limousines","312101","The Limousines","name","2026-10-05",,
"7cxXeGqb1uIhoiSXQ6kejX","The Lorax Singers","1670327","The Lorax Singers","name","2026-10-05",,
"0LLilNa5TUAaUwJwLyOf2b","The Lottery Winners","4701479","The Lottery Winners","name","2026-10-05",,
"240ch0Dkm5UQj8fCuWoH7f","The Lovers","100811","The Lovers","name","2026-10-05",,
"44FVyueHCLAMyJPnvCqqwM","The Lower Lights","815831","The Lower Lights","name","2026-10-05",,
"16oZKvXb6WkQlVAjwo2Wbg","The Lumineers","793825","The Lumineers","name","2026-10-05",,
"2WHCmc8F47jv4YBTzZ7QoH","The Madison Letter","3090131","The Madison Letter","name","2026-10-05",,
"1umTeYMbiCSj1nl2fqXVcZ","The Main Level","5801538","The Main Level","name","2026-10-05",,
"4BHKObtnIJsk0jcli22C5L","The Martial","8295958","The Martial","name","2026-10-05",,
"38SWPOPO1YqxUPnT4AAoID","The Mayries","11668287","The Mayries","name","2026-10-05",,
"5pn2fyaaZ3TnKMATs1J3nT","The Middle Coast","11082944","The Middle Coast","name","2026-10-05",,
"7fxtWEwKKrFaykKItspdYg","The Milk Carton Kids","4064536","The Milk Carton Kids","name","2026-10-05",,
"2UJFBYQ3swoCiaxzyzyoo9","The MiSST Choir","171704937","The MiSST Choir","name","2026-10-05",,
"6AGUQK1EWK6nvN4pLIDQDQ","The Mowgli's","4055176","The Mowgli's","name","2026-10-05",,
"2JMtxA2S9SNUlqBlkDtXm6","The National Parks","5739072","The National Parks","name","2026-10-05",,
"4bEcyz1RWDU8f6XnEb1Fay","The Native Architects","7047785","The Native Architects","name","2026-10-05",,
"77SW9BnxLY8rJ0RciFqkHh","The Neighbourhood","13595519","The Neighbourhood","name","2026-10-05",,
"79QO0Xmn1dZhvaLicS2Yrs","The Night Game","12277420","The Night Game","name","2026-10-05",,
"09h0ltodfG5xa7lBVGpmK5","The Norseman Company","96337472","The Norseman Company","name","2026-10-05",,
"1TJZ7BkZUnCpGwCCetnCYw","The Northern Lights","389564","the Northern Lights","name","2026-10-05",,
"7I9ama5W9Q60FkU4dCyDf9","The Oslo Philharminic Choir","9998324","The Oslo Philharminic Choir","name","2026-10-05",,
"7DxsY4WF9bikHHe2E0C6ua","The Platt Brothers","107701562","The Platt Brothers","name","2026-10-05",,
"56qqwnRK5BjH8okTscHtY9","The Poodles","16741","The Poodles","name","2026-10-05",,
"4V8Olypar5x3EWQ5kNfMde","The Prairie States","14643581","The Prairie States","name","2026-10-05",,
"1LG2Nq2MqSiaN0aYKuH97Y","The Quiet North","8079695","The Quiet North","name","2026-10-05",,
"2eRJjYEaWyGZbOBGYFLBoC","The Ready Set","372870","The Ready Set","name","2026-10-05",,
"6IKlXZEFOvk9itrP1s0knJ","The Red Clay Strays","76446272","The Red Clay Strays","name","2026-10-05",,
"37lYaYPWOHjKXBD33S6LNv","The Reklaws","5684966","The Reklaws","name","2026-10-05",,
"28xUSGD80Bh3CuLlg0GVqf","The Rescues","135216","The Rescues","name","2026-10-05",,
"5kuJibJcwOC53s3OkoGMRA","The Revivalists","486301","the Revivalists","name","2026-10-05",,
"6WlRKqlEa29lircM7LiBxv","The Rival","2831441","The Rival","name","2026-10-05",,
"4gTxZRVdDpwAZCpSaXy7fI","The Roads Below","11116090","The Roads Below","name","2026-10-05",,
"3daM7asS0gCFvyLemNx2EE","The Romantics","11720","The Romantics","name","2026-10-05",,
"7LAucJAvbQa7ZIA0qP8YI2","The Royal Concept","2581161","The Royal Concept","name","2026-10-05",,
"3Cz6z3clgPkPz84faABaDS","The Satellite Station","62338422","The Satellite Station","name","2026-10-05",,
"331esE1oEqzbQQGZPJ4Yix","The Scarlet Opera","182761327","The Scarlet Opera","name","2026-10-05",,
"2q3GG88dVwuQPF4FmySr9I","The Score","10645921","The Score","name","2026-10-05",,
"5fIZHCg2de8322HZodBDWL","The Secret Sisters","862008","The Secret Sisters","name","2026-10-05",,
"48hCuDf2HUMGTgMhqLfic3","The Shires","5609016","The Shires","name","2026-10-05",,
"3boYI1yAlZAm5NmtCitCFj","The Sidh","4050332","The Sidh","name","2026-10-05",,
"4og9jrin5xH5JiFPbeGUPb","The Skatalites","2693","The Skatalites","name","2026-10-05",,
"5AZHobg6aUwjbQ8rTwwtSN","The Small Things","69557572","The Small Things","name","2026-10-05",,
"40Yq4vzPs9VNUrIBG5Jr2i","The Smashing Pumpkins","193331","The Smashing Pumpkins","name","2026-10-05",,
"3M6UgRvHTQPAjBZVYbDDzU","The Soulful Gentlemen","340387991","The Soulful Gentlemen","name","2026-10-05",,
"5kzz4Qwus6NAJGmpoOPhzF","The Soulful Gentlemen","340387991","The Soulful Gentlemen","name","2026-10-05",,
"3lDpdwM8KILepMHqBWUhIA","The Struts","429683","The Struts","name","2026-10-05",,
"3fTedgf4fh8D3s41dP0HWt","The Sweeplings","6624242","The Sweeplings","name","2026-10-05",,
"5RGUEjOuOgYjBfL9wOmoGh","The Swoons","9097318","The Swoons","name","2026-10-05",,
"3AfRASYhvMeaTFaNtgyVWy","The Talbott Brothers","4072838","The Talbott Brothers","name","2026-10-05",,
"747yAtfNdIR2aF04xIq8mr","The Timbre of Cedar","12344628","The Timbre of Cedar","name","2026-10-05",,
"25j8ur3jsyWAY11dB5QpHD","The Treble","1460971","The Treble","name","2026-10-05",,
"2mCd5QO8EUB5rmbGUbCrTJ","The Trews","2558","The Trews","name","2026-10-05",,
"1SKdnfGF5KypZsRJCb7M7h","The Tuten Brothers","10149774","The Tuten Brothers","name","2026-10-05",,
"5kT8jMovuiNohuRVboX9yY","The Unmarried Queen","11295920","The Unmarried Queen","name","2026-10-05",,
"0iGSzh88oY0A2nVKNRphgg","The Vernons","2942181","The Vernons","name","2026-10-05",,
"6E8ghf5EmMGSLx5yAjpMDl","The Wandering Hearts","12400286","The Wandering Hearts","name","2026-10-05",,
"1bkuqagwavNQJVWEmYDoQi","The Well Pennies","4073249","The Well Pennies","name","2026-10-05",,
"1giSslWubixH5Kym0NWs1P","The Whiskey Brothers","6411464","The Whiskey Brothers","name","2026-10-05",,
"1McMRetlMqavXFC8TCVfma","The Wolfe Brothers","4113950","The Wolfe Brothers","name","2026-10-05",,
"0CMA9KfXvc2MB5U6uefQk6","The Workday Release","554571","The Workday Release","name","2026-10-05",,
"22Jy4JYe8n0tUujAffpn1Z","The Young Romans","4659317","The Young Romans","name","2026-10-05",,
"2xMOfuQeNn7IaHchvmwuqz","The Young Wild","5862276","The Young Wild","name","2026-10-05",,
"3jyYvrBJbExK2ff59wuiTF","Theo Lundestad Lawrence","11075056","Theo Lundestad Lawrence","name","2026-10-05",,
"6Voq6xq7exrhYKhCsSDl3N","Theo Tams","246986","Theo Tams","name","2026-10-05",,
"2uazw9taZwi0050vtHzlKC","Theresa Grey","51070712","Theresa Grey","name","2026-10-05",,
"6TcnmlCSxihzWOQJ8k0rNS","Third Eye Blind","2473","Third Eye Blind","name","2026-10-05",,
"766wIvoqqGrjRDnExOjJls","Thirteen Senses","1823","Thirteen Senses","name","2026-10-05",,
"6BF0bXbsdujMSMeFZBGcBq","Thomas Bergersen","4395080","Thomas Bergersen","name","2026-10-05",,
"06QBKTUQWFCpdd1kiBSPCq","Thomas Finchum","11690089","Thomas Finchum","name","2026-10-05",,
"16ZRcVz7bq1rCs9q7HGusf","Thomas Hien","4740461","Thomas Hien","name","2026-10-05",,
"06rD4Gr2OvIRz8QjNcavtn","Thomas Hoffman","4712829","Thomas Hoffman","name","2026-10-05",,
"17oLmcamZOvri63kIr56CO","Thomas Law","10789286","Thomas Law","name","2026-10-05",,
"2kmbC8rYZQEOwK2YreEQR9","Thomas Løseth","7747390","Thomas Løseth","name","2026-10-05",,
"6x2LnllRG5uGarZMsD4iO8","Thomas Rhett","2021921","Thomas Rhett","name","2026-10-05",,
"4EqPMRZuruGqExCJXAWDpc","Thomas Tvedt","135519042","Thomas Tvedt","name","2026-10-05",,
"0YF2oUwHHPo0VTGuqgYG0X","Thor Farlov","8141048","Thor Farlov","name","2026-10-05",,
"7kCeNecZvb7zxsnRUC8jTV","Thorsteinn Einarsson","6976657","Thorsteinn Einarsson","name","2026-10-05",,
"6hcnyhaZLyCWP3ZZvf09lz","THRILLCHASER","13433211","THRILLCHASER","name","2026-10-05",,
"0gHWXdaWQObi1A6C1rzgRM","Thriving Ivory","517482","Thriving Ivory","name","2026-10-05",,
"1nRfyHvAh1foLjOCa3hbv7","Throw The Fight","68226","Throw The Fight","name","2026-10-05",,
"1uKcMFoPaE7DktLRi9u6y4","Thundatraxx","10718097","Thundatraxx","name","2026-10-05",,
"46G3SVc0bvgrmNOOTM5KV5","Thunderstorm Artis","15197489","Thunderstorm Artis","name","2026-10-05",,
"1PsB5MlTLwu3fmb0QsDH9G","Thyra","1401839","Thyra","name","2026-10-05",,
"47WvBuryaMeInhqbcoi0uN","Tide Lines","10552735","Tide Lines","name","2026-10-05",,
"4wFuWGEWjHjTmZOtBp8cnW","Tifa Chen","12137424","Tifa Chen","name","2026-10-05",,
"5BZU9FuwmQoyYg3OQMMiv9","Tiff Joy","6791643","Tiff Joy","name","2026-10-05",,
"5lKQfQ5kgbhbca3fX9FbGl","TigerSwan","5890049","TigerSwan","name","2026-10-05",,
"6NaacjWVEwO2la6AnxH0ZK","Tight Fit","357977","Tight Fit","name","2026-10-05",,
"0z4vOhwPxS2J5ULMg8edzb","Tigirlily Gold","184491337","Tigirlily Gold","name","2026-10-05",,
"2TWquaofWA67mGmfN72csX","Tim & The Glory Boys","84602312","Tim & The Glory Boys","name","2026-10-05",,
"6L0mxhIWyV5ySKJvWrD70h","Tim Be Told","405066","Tim Be Told","name","2026-10-05",,
"5A8ZfGPAh4EUTmOJ0Fck3l","Tim Bowman Jr.","1619036","Tim Bowman Jr.","name","2026-10-05",,
"2OGPLotRwauYkSQUKno1Wm","Tim Bruns","4574991","Tim Bruns","name","2026-10-05",,
"55VC7UDCmceodks4rbHgHe","Tim Dawn","5917777","Tim Dawn","name","2026-10-05",,
"2VtwFbDZzIoT9ZD0uR5HHD","Tim Foust","2887211","Tim Foust","name","2026-10-05",,
"6o48etq0sWdCaAjVq1i9Fb","Tim Gallagher","4185682","Tim Gallagher","name","2026-10-05",,
"3nVeK8gQChVtVCCjGreal2","Tim Halperin","397571","Tim Halperin","name","2026-10-05",,
"6roFdX1y5BYSbp60OTJWMd","Tim McGraw","333","Tim McGraw","name","2026-10-05",,
"5UTSnsj3Xf9gw0vEGk9Jp6","Tim McMorris","2155781","Tim McMorris","name","2026-10-05",,
"44BkC9lJfLmhcRB4NV7Z38","Tim Myers","167343","Tim Myers","name","2026-10-05",,
"0aF4uopelh675gJDvtpCnU","Tim North","7580434","Tim North","name","2026-10-05",,
"45X4AMSctwwyeizTASGlwX","Tim Riehm","12030190","Tim Riehm","name","2026-10-05",,
"5XThsmRraC5gvRpetD2S1q","Tim Schou","4722370","Tim Schou","name","2026-10-05",,
"0ct1CCYNSMC8D4k4f5uOOy","Tim Stop","5401034","Tim Stop","name","2026-10-05",,
"5KZgx8RwpCUIEfRuMdcfYX","Tim Timmons","298814","Tim Timmons","name","2026-10-05",,
"5GK2hLwkSIVQSaQMTAmLbk","Time For Three","406061","Time for Three","name","2026-10-05",,
"5HiW8Shh2vPcD16rE8MaBr","Timebelle","7249152","Timebelle","name","2026-10-05",,
"6dC0rIJNLSFZwqckLgXJ8p","Timeflies","1150836","Timeflies","name","2026-10-05",,
"1RbbOX8wvGXfEJ9yFqIxM5","Timothy James Bowen","5086690","Timothy James Bowen","name","2026-10-05",,
"4Zds9MBMtEgBdze6Jzvmrb","Tina Parol","344163","Tina Parol","name","2026-10-05",,
"1zuJe6b1roixEKMOtyrEak","Tina Turner","1454","Tina Turner","name","2026-10-05",,
"3ZmtVsFB6xyu6qYaZe5uht","Tine Gajda","158208272","Tine Gajda","name","2026-10-05",,
"0hFyNZMipBjDmR2Cf5OtT9","Tobey Lucas","7497496","Tobey Lucas","name","2026-10-05",,
"6jFQo61kwUs62HrtnsBXC8","Tobias Blöbaum","7100767","Tobias Blöbaum","name","2026-10-05",,
"4q378ZfZ0SFkeJAAx5h1C0","Toby Freeman","13300217","Toby Freeman","name","2026-10-05",,
"3BDyPnpEAyd6kFM1Wgpdgz","Toby Lightman","171020","Toby Lightman","name","2026-10-05",,
"0LCLu0eCcX5xembxDadUbz","Todd Carey","367994","Todd Carey","name","2026-10-05",,
"3eHEoiw6esvA9dont47HTq","Todd Coconato","5391495","Todd Coconato","name","2026-10-05",,
"3ByH7rh6XDnP76d5Traoxy","Todd Smith","1481142","Todd Smith","name","2026-10-05",,
"5k73v1si3UFBqtVQciw7RQ","Todd Tilghman","95244622","Todd Tilghman","name","2026-10-05",,
"6t2GEPCsofILHpxI1znYya","Tom Ball","75561","Tom Ball","name","2026-10-05",,
"5SHxzwjek1Pipl1Yk11UHv","Tom Grennan","9956746","Tom Grennan","name","2026-10-05",,
"1W839XaKwYuNE8Erjd5IHJ","Tom Hier","8700488","Tom Hier","name","2026-10-05",,
"5784JqAJvI24V2Kr3xhoX6","Tom Howe","2059361","Tom Howe","name","2026-10-05",,
"30RL7xVmLWVmOTtCruZron","Tom Hugo","1385960","Tom Hugo","name","2026-10-05",,
"1T0wRBO0CK0vK8ouUMqEl5","Tom Jones","114110642","Tom Jones","name","2026-10-05",,
"35fF6CkBMBkqoebE4lc3GY","Tom Leeb","5710082","Tom Leeb","name","2026-10-05",,
"6DvlemMOlMH6VD9tB7BPRf","Tom MacDonald","4344738","Tom MacDonald","name","2026-10-05",,
"4P0KP5wunIHTElWsbeCow2","Tom Martin","13955017","Tom Martin","name","2026-10-05",,
"2UZMlIwnkgAEDBsw1Rejkn","Tom Petty","5229","Tom Petty","name","2026-10-05",,
"02U4dXZhGSo07f66l8JZ91","Tom Speight","9292562","Tom Speight","name","2026-10-05",,
"6064pL9Hu3Wx2bwJMeOx6o","Tomine Harket","343404","Tomine Harket","name","2026-10-05",,
"1We1BVL5yzJS6oDLulfrEG","Tommar Wilson","5307039","Tommar Wilson","name","2026-10-05",,
"73jlPRxT7z5xk29sMqFDjU","Tommee Profitt","488613","Tommee Profitt","name","2026-10-05",,
"1qjLtuPfpeVmDE54cuHKZJ","Tommi Kalenius","814448","Tommi Kalenius","name","2026-10-05",,
"1DZKLImfOnGnhXz3l12u8y","Tommy Bergmann","200602707","Tommy Bergmann","name","2026-10-05",,
"7i2GjHlKcjBsuEbQ7KImBa","Tommy Fredvang","1011566","Tommy Fredvang","name","2026-10-05",,
"6tz16qPNjtg4GtiYq2ECbf","Tommy Ljungberg","5001780","Tommy Ljungberg","name","2026-10-05",,
"0PnNyzP7CgoDXZHr6cWOyq","Tommy Nilsson","70431","Tommy Nilsson","name","2026-10-05",,
"2XqXXH9xPa1zucIOtZ3u3A","TommyMuzzic","192124867","TommyMuzzic","name","2026-10-05",,
"1FVIussEvC43HZnVOY7Zjs","Tone Damli","526770","Tone Damli","name","2026-10-05",,
"6Y1uosuiV7bpiOuCUgibsN","Tony Ann","13942111","Tony Ann","name","2026-10-05",,
"6AaRDmaqluzsiP8C32Vig1","Too Far Moon","7067013","Too Far Moon","name","2026-10-05",,
"3JS43Ai7WHUajLPtWxd8JW","Tor Endresen","798079","Tor Endresen","name","2026-10-05",,
"1vSN1fsvrzpbttOYGsliDr","Tori Kelly","1416675","Tori Kelly","name","2026-10-05",,
"2olr4xM2nA4Sj2yhJnCoO6","Tornike Kipiani","80325172","Tornike Kipiani","name","2026-10-05",,
"41dCbpok7A4uyNqbo3VVZ0","Tors","214142157","Tors","name","2026-10-05",,
"4BwjcAgEbDOtlyFDyKJkC2","Tory Rines","48970081","Tory Rines","name","2026-10-05",,
"0PFtn5NtBbbUNbU9EAmIWF","TOTO","10465333","Toto","name","2026-10-05",,
"4NHQUGzhtTLFvgF5SZesLK","Tove Lo","4103977","Tove Lo","name","2026-10-05",,
"00BueEoowSUVGZoCR5yIRL","Tracie Thoms","486302","Tracie Thoms","name","2026-10-05",,
"6EpI0KjkNHj68gSas65X0q","Trading Yesterday","13880","Trading Yesterday","name","2026-10-05",,
"2N5EuIP8TMTEAXwOqncIrc","Trail West","4681232","Trail West","name","2026-10-05",,
"3GjVVVcFmUgEJEAAsbGkf4","Trampled by Turtles","395655","Trampled by Turtles","name","2026-10-05",,
"6aldh6681sMUSZe2CETBh2","Trampolines","80370652","Trampolines","name","2026-10-05",,
"58xmt13Xf7RsThzGOM1aKh","Travis Atreo","7178864","Travis Atreo","name","2026-10-05",,
"1hB4sZ49ocIuwxPEBIV35m","Travis Collins","1608219","Travis Collins","name","2026-10-05",,
"5tpWDRL3doEgCZdVn4FsNN","Travis Garland","256759","Travis Garland","name","2026-10-05",,
"22JNV0JWTJkY1qzKJhxdRe","Travis Greene","1812941","Travis Greene","name","2026-10-05",,
"52awQ4QP4DjuuzovVqW4aM","Travis Van Hoff ","1053082","Travis Van Hoff","name","2026-10-05",,
"4YpLN8ZByubASuWnxWokRT","Trella","470345","Trella","name","2026-10-05",,
"6QFuGrftxjfONIARygYHIe","Trent Dabbs","430010","Trent Dabbs","name","2026-10-05",,
"31Af01oJ2K0ALavdgClhsO","Trent Toney","76024812","Trent Toney","name","2026-10-05",,
"32sCHJ9amXuFnN9uehoHc4","Trevor McBane","59722962","Trevor McBane","name","2026-10-05",,
"7IbAzvDVK8MmaQ4oiZgjcZ","Trevor Myall","10941440","Trevor Myall","name","2026-10-05",,
"7vBCrmOGuteOog3SB8jK1x","Trevor Ohlsen","3590321","Trevor Ohlsen","name","2026-10-05",,
"3o0myR5onNjAHKf36VtKuB","Trey Kennedy","11322240","Trey Kennedy","name","2026-10-05",,
"23kP8xlQifcAV4nd84iHbW","Trey Lorenz","122800","Trey Lorenz","name","2026-10-05",,
"05gAr4rfrOofxGPewzWnAF","Trine Therkelsen","63270922","Trine Therkelsen","name","2026-10-05",,
"3SDefVlv5kSzaP5QYZTSMx","Trinity (NL)","5541091","Trinity (NL)","name","2026-10-05",,
"28Ky95tmlHktB96DBUoB0g","Tristam","319572","Tristam","name","2026-10-05",,
"49RRjdOtssOA73G9NnVeUM","Tristan Prettyman","210730","Tristan Prettyman","name","2026-10-05",,
"521qvhdobR0GzhvU6TFw76","Tritonal","178840467","Tritonal","name","2026-10-05",,
"2SGFnb6c73UJd1vT6aGBMl","Tropidelic","396111","Tropidelic","name","2026-10-05",,
"24I45QsPZf5Gr7aVlVmTfr","Troy Cartwright","4027572","Troy Cartwright","name","2026-10-05",,
"1Uxi0A4WHWH93Fyi0gWHEF","Troy Ramey","4114166","Troy Ramey","name","2026-10-05",,
"0zBShgJCo19qQZtM0CZxJv","Truslow","64988952","Truslow","name","2026-10-05",,
"1Vd2c4IrEtcO5mrIwbep6n","Trygve Skaug","4019102","Trygve Skaug","name","2026-10-05",,
"37SpTT0AUlotLD5NbQOGjW","Tryon","1508271","Tryon","name","2026-10-05",,
"1I8cwZJuOZQikTfwYr1PNQ","Trzynasta w Samo Poludnie","6494891","Trzynasta w Samo Poludnie","name","2026-10-05",,
"3gS0rQdigX9t4PJu1ay3BY","Tshawe","5645685","Tshawe","name","2026-10-05",,
"1zrBQvkTNhFFby4V5UiK2L","Turin Brakes","4712","Turin Brakes","name","2026-10-05",,
"1BwDWgdDJe3TJXLZkBkpsI","Tusse","14966067","Tusse","name","2026-10-05",,
"6EP9jRpQs8nVgLVk8SgfsU","Tuva B Larsen","11360602","Tuva B Larsen","name","2026-10-05",,
"6csIEfEaZoZVklisbOX5E2","Tuva Syvertsen","7115405","Tuva Syvertsen","name","2026-10-05",,
"3YQKmKGau1PzlVlkL1iodx","Twenty One Pilots","647650","Twenty One Pilots","name","2026-10-05",,
"6GwNGuDRNbx5XwoHQA3QiD","Twin Forks","5139576","Twin Forks","name","2026-10-05",,
"3pWnViXs8XJgbf0qmV8HhF","Twin Tides","11856493","Twin Tides","name","2026-10-05",,
"3mXcNgD2MC7GIMvIoefa4T","Twisted Measure","1347333","Twisted Measure","name","2026-10-05",,
"5uDePq6cJu85dzFhHkO0Ig","Two And The Time","137922962","Two And The Time","name","2026-10-05",,
"7dcFLcHA7NnboCDRK6LKhn","Two Better Friends","287292221","Two Better Friends","name","2026-10-05",,
"7pdO2N04Ggcu8tC3BqWUDc","Two:22","13759273","Two:22","name","2026-10-05",,
"29CTrnvjIYocNxv66Umt5B","TwoWorldsApart","11211396","TwoWorldsApart","name","2026-10-05",,
"5gfau5tSApsO7PKKdMkGMo","Ty Turner","14498399","Ty Turner","name","2026-10-05",,
"1xy9x7h2jKEg8iG22Sml32","Tye Tribbett","418432","Tye Tribbett","name","2026-10-05",,
"6Ne1JrhkmyS4gn1nK4A5qJ","Tyler Blackburn","13017439","Tyler Blackburn","name","2026-10-05",,
"63wjVVauFUQ4gBw6QXTT5N","Tyler Braden","12658809","Tyler Braden","name","2026-10-05",,
"5xI8nUpNVKFiyrmcq4l9s7","Tyler Brown Williams","5447628","Tyler Brown Williams","name","2026-10-05",,
"13ZEDW6vyBF12HYcZRr4EV","Tyler Childers","5801503","Tyler Childers","name","2026-10-05",,
"3oFu5CCLk4p4zLBNo3wrai","Tyler Halverson","117051052","Tyler Halverson","name","2026-10-05",,
"2xdCts7UWRYMS4Uyf6GBM5","Tyler Herwig","61853532","Tyler Herwig","name","2026-10-05",,
"1bKdOEfMk4ftojJQdyV2Ik","Tyler Hilton","3662","Tyler Hilton","name","2026-10-05",,
"3BEV5FcxOtkQJ7lLRKMh3V","Tyler Hubbard","4434338","Tyler Hubbard","name","2026-10-05",,
"0euDLs4W0eQeDah3IjcxDN","Tyler Philip Ratcliffe","230387085","Tyler Philip Ratcliffe","name","2026-10-05",,
"1qy2Hv0Tx8FFev8oPcvh6i","Tyler Rayn","48712611","Tyler Rayn","name","2026-10-05",,
"78eqps3BavCqe2q7GCU1VK","Tyler Rich","5713915","Tyler Rich","name","2026-10-05",,
"3jERgGiTwNAPxNmDasAb31","Tyler Shaw","4115757","Tyler Shaw","name","2026-10-05",,
"5Hc9oDGvStNGmnj44m8sHg","Tyler Ward","1003280","Tyler Ward","name","2026-10-05",,
"762Lh3WYr6i1rPkIPOJlmY","Tyler Ward & The Neighborhood","161904582","Tyler Ward & The Neighborhood","name","2026-10-05",,
"0j3BSkBM4l3ik39djeIzX8","Typewriter","1045624","Typewriter","name","2026-10-05",,
"5zeCSgiRyezbfLiGOpKAsR","Tyrone Wells","80681","Tyrone Wells","name","2026-10-05",,
"44qxUBiSK14IW1YdJHIO6F","Tyson Jennette","5316887","Tyson Jennette","name","2026-10-05",,
"5zhKRxsS4pRPhkO6vbE07u","Tyson Motsenbocker","4974023","Tyson Motsenbocker","name","2026-10-05",,
"2rkHn1CZIm8WSEXjVm86EV","Ulf Nilsson","1670370","Ulf Nilsson","name","2026-10-05",,
"1lu3StHbJz1S4d6sUmvgPC","Ulrich Jannert","145969992","Ulrich Jannert","name","2026-10-05",,
"3mlNO7nX9wkXiB3kw7oExM","Ulrik Munther","1047918","Ulrik Munther","name","2026-10-05",,
"5h9tiTx6BP5l5ZCrI7cUYh","Ulrikke","11719379","Ulrikke","name","2026-10-05",,
"6c2tkx8waD1adPFT5P2BG4","Ulrikke Nilsen","13004217","Ulrikke Nilsen","name","2026-10-05",,
"0yPAOmYRSrkuKnp70eLKLx","Una Healy","1070085","Una Healy","name","2026-10-05",,
"2DnqqkzzDKm3vAoyHtn8So","Uncle Kracker","13129","Uncle Kracker","name","2026-10-05",,
"35ZiX2rNhSUTzjwgwlSzYb","Unknown Neighbour","12264854","Unknown Neighbour","name","2026-10-05",,
"4On6me7YYfQ9no8Ke54V0V","UNOMAS","4330952","UnoMas","name","2026-10-05",,
"3dhWjAIYXpdGhApvNixEKw","Unsecret String Quartet","122254402","Unsecret String Quartet","name","2026-10-05",,
"0CqDqmyIQ9VQHQp52OEbB0","Unspoken","12549058","Unspoken","name","2026-10-05",,
"3oUYSXcx82YllWC1WwBLH7","Unsu","1606951","Unsu","name","2026-10-05",,
"3h4WrPLZTdMKFcIpL5XLag","Ununtrium","92991502","Ununtrium","name","2026-10-05",,
"4V8kb7B6dxkhG25N3ObVSV","Upstate","1069387","Upstate","name","2026-10-05",,
"59ILWOZRLKTI8yy97BpeIk","Urban Contact","1515421","Urban Contact","name","2026-10-05",,
"4IrPx5Pieem55X7D0OTAiW","Urban Rescue","1069941","Urban Rescue","name","2026-10-05",,
"23zg3TcAtWQy7J6upgbUnj","USHER","10983500","Usher","name","2026-10-05",,
"6lcBiGiT3dlyDMjBBtfyfS","Vacation Manor","9994694","Vacation Manor","name","2026-10-05",,
"4rs1K6gDzLY5VnCMSC80o7","Vacationer","1606874","Vacationer","name","2026-10-05",,
"5C0yYnTVlhff4gxYPH8fHC","VACAY","10845602","VACAY","name","2026-10-05",,
"6eVWXmKBW7Iltub01D9R1c","Valerie Broussard","9657022","Valerie Broussard","name","2026-10-05",,
"1sYbTp9AgWvJb0mJBAB6eP","Valley Of Wolves","13920537","Valley Of Wolves","name","2026-10-05",,
"7cTq0bYGTIlPoXo9lFXJlL","Van Canto","16512","van Canto","name","2026-10-05",,
"1BgIu4jVXOa8iSD0Nt5Oef","Vanacore Music","9644148","Vanacore Music","name","2026-10-05",,
"1nQhknaSTb8zLKihEgZnxq","Vanati","14779217","Vanati","name","2026-10-05",,
"2fVW2ix4ANKiofDZIsy1XR","Vargas & Lagola","10315844","Vargas & Lagola","name","2026-10-05",,
"1asSK5d79kA4LoNp4LmV3z","VEAUX","14128799","VEAUX","name","2026-10-05",,
"4UWWa5dKgTLAx8mv6Ju6X1","venbee","165754067","venbee","name","2026-10-05",,
"0f0YKfOq7J3Yuk7y33By8s","Venla Edelmann","77005962","Venla Edelmann","name","2026-10-05",,
"5ujrA1eZLDHR7yQ6FZa2qA","Vera Blue","8806790","Vera Blue","name","2026-10-05",,
"6Hizgjo92FnMp8wGaRUNTn","Vertical Horizon","1191","Vertical Horizon","name","2026-10-05",,
"46U5WmejGzsPqUiw3Uw0Xq","Vian Izak","10369208","Vian Izak","name","2026-10-05",,
"71CGmn7JPqjfNVZMOjCDDh","Vic Roz","12092508","Vic Roz","name","2026-10-05",,
"5PzC9pOeviQlNF6iGlUF5C","Viceroy","199622927","Viceroy","name","2026-10-05",,
"0daugAjUgbJSqdlyYNwIbT","Vicetone","4315395","Vicetone","name","2026-10-05",,
"6TlWqqdj65mppNUHZVkjaq","Victor Crone","7470722","Victor Crone","name","2026-10-05",,
"6RJXSfbIkEMoCJ8GAg2dVO","Victor Leksell","14891881","Victor Leksell","name","2026-10-05",,
"3aPt0ITiKD1r1GXV3RvOUh","Victor Lundberg","9569","Victor Lundberg","name","2026-10-05",,
"1X8Gx4jX1T2x9moF8gfqhy","Victor Solomon","12734655","Victor Solomon","name","2026-10-05",,
"2nE9x2JhbyjBVCaSnUGX3G","Victoria Canal","8686842","Victoria Canal","name","2026-10-05",,
"6J2Mlo8s6JMsJQr35ulpvI","Victoria Duffield","1440117","Victoria Duffield","name","2026-10-05",,
"2o1DwIg0eMGpA5m6zLLG2I","Victoria Voss","8941068","Victoria Voss","name","2026-10-05",,
"0ifMojSgd2uFsClsUdqkKO","Vidar Johnsen","903704","VIDAR JOHNSEN","name","2026-10-05",,
"4ec09tknYr0531ivdBMNIg","Vidar Villa","9937990","Vidar Villa","name","2026-10-05",,
"72S5xAuE30pC3FHJHaz5CQ","Vigel","1632386","Vigel","name","2026-10-05",,
"11habIRpXVkScDFp3rJrgu","Viggo Mortensen","8421928","Viggo Mortensen","name","2026-10-05",,
"7MlEPOc4NQjoLUtnS8cjoM","Viktor Pedersen","63441012","Viktor Pedersen","name","2026-10-05",,
"4KTq6f1bTWnZFWBR6fvESs","Viktor Rosberg","12092510","Viktor Rosberg","name","2026-10-05",,
"1WqdwYhwSMzVexRFkOtcwl","Vilhelm Buchaus","9338130","Vilhelm Buchaus","name","2026-10-05",,
"3IhWQSrLj8EJjdvjFTpCyo","Vince Gill","12904","Vince Gill","name","2026-10-05",,
"1SqKGJizWclJMBj6HETaTW","Vince Wavy","12322658","Vince Wavy","name","2026-10-05",,
"5NPCfx9lZOTGTaYg6FSWV2","Vincent Bueno","1334045","Vincent Bueno","name","2026-10-05",,
"7AB7bdCR5saJ0b9C4RuceX","Vincent Lima","51119962","Vincent Lima","name","2026-10-05",,
"6glcVV5wCi1hU4nxqJItqd","VINCINT","11521521","VINCINT","name","2026-10-05",,
"7JOFYVy7f5TARIpiQHw5t7","Violet Road","998012","Violet Road","name","2026-10-05",,
"2SHS7BBj7Rv0UjsWwlkFEt","Virginia Man","10982894","Virginia Man","name","2026-10-05",,
"3v9wPA58IVrX2dg6AjSPgi","Virginia To Vegas","5406531","Virginia To Vegas","name","2026-10-05",,
"4FXGRMSHh2JjHxVwS8dhH1","Virtual Riot","2263591","Virtual Riot","name","2026-10-05",,
"1e9EAdBnrbddrBATSzZfmW","Viv Parker","68163412","Viv Parker","name","2026-10-05",,
"4XNEA2zwGthyCOdS9znQGd","Vocal Few","2065291","Vocal Few","name","2026-10-05",,
"732URauwjGiDXfrg83gUDs","Vocal Majority","6697223","Vocal Majority","name","2026-10-05",,
"6qCQcw3ZKdmAFv0v4u5ey2","Voctave","5596221","Voctave","name","2026-10-05",,
"40wfCZBIiMy5UAWJjkSWuD","Volcan Peaks","60234302","Volcan Peaks","name","2026-10-05",,
"2DRgnKSHa9mmOtDBokJQOn","Vonte Rogers","138499062","Vonte Rogers","name","2026-10-05",,
"4e96iK3tKVtBuCdQPjoik8","Voyageur","181721707","Voyageur","name","2026-10-05",,
"1kJHmqou1WF0wMrCwH9ppR","W. Darling","6014366","W. Darling","name","2026-10-05",,
"3cYG355vpKPOzYRXeSgYAv","W. Heath Fowler","158906422","W. Heath Fowler","name","2026-10-05",,
"6nwykPKe0s5K030p5lliIY","Wakey!Wakey!","326153","Wakey!Wakey!","name","2026-10-05",,
"6jEiUoyyJNPHzSR0Nib6HX","Walk off the Earth","470349","Walk Off the Earth","name","2026-10-05",,
"7sKxqpSqbIzphAKAhrqvlf","Walker Hayes","213112017","Walker Hayes","name","2026-10-05",,
"632WMoQfBWk76kBz7vMXNg","Walking On Cars","5305941","Walking On Cars","name","2026-10-05",,
"01e2lCvLZ4fLUIRy68nptH","Wankelmut","4053332","Wankelmut","name","2026-10-05",,
"7Jmod60ZpPG0tckhY0Ls0p","Was (Not Was)","81241","Was (Not Was)","name","2026-10-05",,
"0WYAdxqy4Pb5JUrjjDaNKh","Waves Rush In","122539312","Waves Rush In","name","2026-10-05",,
"51NurCNENfDJqCtC4kgUZC","We Architects","7261000","We Architects","name","2026-10-05",,
"2UZxcHHiVLzoVcqae7uKrR","We Are the Guests","56263932","We Are the Guests","name","2026-10-05",,
"10jo3zVGDsW6qs3JVs9tfD","We Banjo 3","5010625","We Banjo 3","name","2026-10-05",,
"0uE6FPIS35isGgXCRh8RKl","We Go Down Together","11723303","We Go Down Together","name","2026-10-05",,
"5Ye2QWN2Wl9zTn947eaest","We The Kingdom","71573482","We The Kingdom","name","2026-10-05",,
"3ao3jf5d70Tf4fPh2bnXVl","We The Kings","215430","We The Kings","name","2026-10-05",,
"3gnrmLahFhVXRI9DA1MImH","We Were Promised Jetpacks","398656","We Were Promised Jetpacks","name","2026-10-05",,
"24SHVNrCbyz312qb1i9kCY","Wearing Scars","7870912","Wearing Scars","name","2026-10-05",,
"2JCrOsOHzymQSdCljSwZpY","Weaving The Fate","1420996","Weaving The Fate","name","2026-10-05",,
"5sWo77aB32PpzTAhZfQBQy","Weisser Quiff","13568631","Weisser Quiff","name","2026-10-05",,
"1xKrH6GSh9CJh8nYwbqW7B","Welshly Arms","4321605","Welshly Arms","name","2026-10-05",,
"25sBSvnj3ZMFCDYeqW2Vsx","Wenzel Templeton","11100086","Wenzel Templeton","name","2026-10-05",,
"1mbI2Vrn5ZIHEH1PzTrA4K","Werner Bekker","7408692","Werner Bekker","name","2026-10-05",,
"0FMBtqD2Z6zyzL6f5FJbHX","Wes Mack","4888165","Wes Mack","name","2026-10-05",,
"5Z1CCuBsyhEHngq3U5IraY","Westlife","274","Westlife","name","2026-10-05",,
"5oTZhBfLpcYvt6Y703qkYB","Westward the Tide","5655624","Westward the Tide","name","2026-10-05",,
"3ldwrMVcnEUj8MzkuZ3r5N","WHALE CITY","51517422","WHALE CITY","name","2026-10-05",,
"2IE8iMYAitEU7JXmcjSL2y","WHATEVER WE ARE","14448273","WHATEVER WE ARE","name","2026-10-05",,
"751iCRzglib9ZSQNBDklkn","Where Oceans Meet","14875859","Where Oceans Meet","name","2026-10-05",,
"1UWpszOs6ebtspIkH9CXGP","Whiskey Rivers","4031876","Whiskey Rivers","name","2026-10-05",,
"3UbyYnvNIT5DFXU4WgiGpP","Whitesnake","120371462","Whitesnake","name","2026-10-05",,
"7r4BXCNIgVZrMwLePrbKri","Whitney Lusk","4751524","Whitney Lusk","name","2026-10-05",,
"0jXaeFozic6yOdJRGuUcrR","Whosah","566360","Whosah","name","2026-10-05",,
"2eGAHWide96MItPXtwxMr2","WIER","12175630","Wier","name","2026-10-05",,
"5EzPaejJ1QA4wkTLV37e60","Wig Wam","8399","Wig Wam","name","2026-10-05",,
"5cTn7jRVGqTdmgMW75FIal","Wild Cub","5330857","Wild Cub","name","2026-10-05",,
"59sBwR0jPSTrbMtuTkRPN5","Wild Rivers","9378626","Wild Rivers","name","2026-10-05",,
"4wZxKygv7GA7oGYzk6bpid","Wild Youth","6360830","Wild Youth","name","2026-10-05",,
"2AQVIbXzroJV8VBwKdy7Pc","Wilder Adkins","884690","Wilder Adkins","name","2026-10-05",,
"1Tp7C6LzxZe9Mix6rn4zbI","Wilderado","10358146","Wilderado","name","2026-10-05",,
"1Zy7BWE5e2cJFeXvawEJjV","Wildson","60237652","Wildson","name","2026-10-05",,
"6BEqzY6INFaHKQ2mqWWuNs","WildVibes","8816502","Wildvibes","name","2026-10-05",,
"3jASw3YQHarl90fZWNyCdn","Will Anderson","4469093","Will Anderson","name","2026-10-05",,
"22tvkU91Vuone2rlxB7GyN","Will Breman","14906111","Will Breman","name","2026-10-05",,
"7wC34Ay7vXSByTq7xaibE2","Will Callan","13120699","Will Callan","name","2026-10-05",,
"2kM1LxD0AhAE5GULSYRQSa","Will Champlin","301746","Will Champlin","name","2026-10-05",,
"3PgE5GvG5WOLQgtrRydfuC","Will Church","49451992","Will Church","name","2026-10-05",,
"6EwJep0jBRD2MMG3BLH6dd","Will Dempsey","82444012","Will Dempsey","name","2026-10-05",,
"2Guif3r6Ys8lL1H5aGyuh1","Will Gittens","6707261","Will Gittens","name","2026-10-05",,
"39AZSw4A8hCFWunEg2k89Z","Will Heard","1034750","Will Heard","name","2026-10-05",,
"2Y0sh9cqZb8lhfWsIsByAO","Will Heggadon","7937460","Will Heggadon","name","2026-10-05",,
"3xnCBQeZDec3FFo8vUSt4N","Will Linley","149403932","Will Linley","name","2026-10-05",,
"5PKuqijZd1uy1EVKzPVwpT","Will Post","5553963","Will Post","name","2026-10-05",,
"1itZtM80Mzo63p5IvBEXKR","Will Prime","9382236","Will Prime","name","2026-10-05",,
"2FYB9zfwe2ayj4zfNeh466","Will Roland","11866205","Will Roland","name","2026-10-05",,
"0lhEOTY6eynuIdwnWku4VP","Will Shepard","14284253","Will Shepard","name","2026-10-05",,
"1fUcXY3KcnNvCP2dnF7XCh","Will Swinton","136295112","Will Swinton","name","2026-10-05",,
"085pc2PYOi8bGKj0PNjekA","will.i.am","10226","will.i.am","name","2026-10-05",,
"19gmxCK2V3jLMi5fDYyKtS","Willamette Stone","6247150","Willamette Stone","name","2026-10-05",,
"1NPkkY0RutjrXakIihpIiS","William Bolton","7734186","William Bolton","name","2026-10-05",,
"41FEVJCBGidsJwbjq0KfgM","William Fitzsimmons","182449","William Fitzsimmons","name","2026-10-05",,
"7h3jPDAAlfXOhid0q360Hh","William Segerdahl","13089565","William Segerdahl","name","2026-10-05",,
"5xDae0zB3YLr6lYvlMdpbR","William Stridh","85584662","William Stridh","name","2026-10-05",,
"6Q85Aj8XMG3vsCfvQyYP1R","Willie Spence","14955927","Willie Spence","name","2026-10-05",,
"5bp5XaFz8Py4UFEhQ6FZRk","Willim","6425836","Willim","name","2026-10-05",,
"6uD8hO8znBlZOnmSLpMadV","Willow City","14633227","Willow City","name","2026-10-05",,
"7Enw37smYiG21fUwCiXEgg","Wilson Jermaine Heredia","9990046","Wilson Jermaine Heredia","name","2026-10-05",,
"12xme1fwd3iGEW7rF9b6tp","Wincent Weiss","7608832","Wincent Weiss","name","2026-10-05",,
"0G9ibJ5qs4Zl6iupdrVAG1","Windser","100965752","Windser","name","2026-10-05",,
"4ug3P1K8BaCdJXROrqHqhu","Winnetka Bowling League","49620112","Winnetka Bowling League","name","2026-10-05",,
"3XC57xz74X3xUi1hv4mge1","Winona Oak","14202985","Winona Oak","name","2026-10-05",,
"4VbviNI348014tlDIHdL33","Wish I Was","7984940","Wish I Was","name","2026-10-05",,
"2qCEHe46LAcHqHXaPmLTrL","Wishkaah","10615357","Wishkaah","name","2026-10-05",,
"5p5EUCsHZy0CQkyP9ReFTq","Wolf and Willow","10085828","Wolf and Willow","name","2026-10-05",,
"1xHOAt9wZzZkPqGEPxUSVV","Wolfgang Wee","6725843","Wolfgang Wee","name","2026-10-05",,
"2b16KxZlvk0C1YGnagXAx2","Wonder Project","266652132","Wonder Project","name","2026-10-05",,
"1slZr3FGlh153jH8xW6SNa","Woodlock","4538697","Woodlock","name","2026-10-05",,
"6qBtBntCOu8l0FtgPNNr4R","Working With Lemons","6762541","Working With Lemons","name","2026-10-05",,
"4twMMV3DuDCtmSUosQeWPF","World's First Cinema","110164032","World's First Cinema","name","2026-10-05",,
"1j55zNwCQ3jhbNsnmrOrwr","Written by Wolves","7889260","Written by Wolves","name","2026-10-05",,
"46lEQmDJLJeyltECJYJv1Y","Wyatt Flores","129902452","Wyatt Flores","name","2026-10-05",,
"3rXMN9AbcZXln8vo79ufNQ","Wyn Starks","68051692","Wyn Starks","name","2026-10-05",,
"4hlUIRQCAtCnIO4mh0jvpq","Xenia","100370","Xenia","name","2026-10-05",,
"58jXqrbY8mAk006MNu3NCv","XOV","1475862","xoV","name","2026-10-05",,
"0rSavBIQ6PthnW6brWugNL","Yam Haus","14556785","Yam Haus","name","2026-10-05",,
"1ppfrgOcTQFBlbTBuT40s5","Yaphet Bustos","13917967","Yaphet Bustos","name","2026-10-05",,
"2lEOFtf3cCyzomQcMHJGfZ","Ylvis","4021105","Ylvis","name","2026-10-05",,
"17QrJsIIiAFuh1VuniANKz","Yo Preston","10373384","Yo Preston","name","2026-10-05",,
"163HsZkEEQejtWgeg0l0Ld","Young Artists For Haiti","373921","Young Artists For Haiti","name","2026-10-05",,
"5mam62lxo3ZlPjOuf1b0XN","Young Pines","9967074","Young Pines","name","2026-10-05",,
"6ZUjdwG0NvY6MT7vvmluhV","Young Rising Sons","4447324","Young Rising Sons","name","2026-10-05",,
"6mpyU2azr3zfZDY9k8w5GP","Your Neighbors","12317694","Your Neighbors","name","2026-10-05",,
"7xCqfTbk3QmhQiTS4GN05J","Yuli Mark","284023021","Yuli Mark","name","2026-10-05",,
"30FDJPN3RtwJZ20g5YGCRX","Yung Bae","10559669","Yung Bae","name","2026-10-05",,
"4GozvPZO3g0cI5I2TEDovw","Yung Lee Records","166425897","Yung Lee Records","name","2026-10-05",,
"08F3Y3SctIlsOEmKd6dnH8","Yusuf / Cat Stevens","282417","Yusuf / Cat Stevens","name","2026-10-05",,
"5bKy7Tu2BNmfoFnDC5mncZ","Yvonne Catterfeld","70306","Yvonne Catterfeld","name","2026-10-05",,
"42Wixprv3RQYct8e3nJO1S","YVR","13132919","YVR","name","2026-10-05",,
"6tKJaNOY6oNVWcegnMMEtt","Zac Brown","395317","Zac Brown","name","2026-10-05",,
"0xOf3udn8on3FgMp9bDal7","Zac Taylor","525947","Zac Taylor","name","2026-10-05",,
"2ALE9xM2byJE8Lf6LwEYkk","Zac Thompson","14903905","Zac Thompson","name","2026-10-05",,
"40ZNYROS4zLfyyBSs2PGe2","Zach Bryan","71855892","Zach Bryan","name","2026-10-05",,
"5aHlyw2WWqZW0HLICBuv7U","Zach Hood","98009992","Zach Hood","name","2026-10-05",,
"0NQaMm4qVimvtcQDBbhKtJ","Zach James","5621298","Zach James","name","2026-10-05",,
"5A2FcaxJGrDoazXvEMA46H","Zach Loomis","8103877","Zach Loomis","name","2026-10-05",,
"3mUGzseAIqVvSM5m3vJ4GX","Zach Oliver","13313973","Zach Oliver","name","2026-10-05",,
"3bmlmoASHg6ycjrKV05CP2","Zach Seabaugh","10878722","Zach Seabaugh","name","2026-10-05",,
"39u7bNafYYWLV7ykzFw7bX","Zachary Foster","10272404","Zachary Foster","name","2026-10-05",,
"2EpJWTMB8m5CfXlbbqJ0nD","Zachary Kale","10922818","Zachary Kale","name","2026-10-05",,
"4JTAgM8kNARAHPncWgTTQ3","Zachary Nelson","11429346","Zachary Nelson","name","2026-10-05",,
"1zwl21nkg38BwnO5VhlLsk","Zachary Staines","13360345","Zachary Staines","name","2026-10-05",,
"7MWQhu1TA9OE4Lps563bN4","zachy","64126172","Zachy","name","2026-10-05",,
"0yKXlcVsmXaKLAe7T5NYGD","Zack Davis","11991404","Zack Davis","name","2026-10-05",,
"3phKKoGwK35CYmLZ3EmLay","Zack Hall","7593822","Zack Hall","name","2026-10-05",,
"67IN4cLJ7798gUapyZlmac","Zack Tabudlo","11072592","Zack Tabudlo","name","2026-10-05",,
"6Gk5hoM7eW8NSCYhICMDHw","Zak Abel","412593491","Zak Abel","name","2026-10-05",,
"0lfHZCO5590Y3vuuNEXcwZ","Zander Hawley","12314106","Zander Hawley","name","2026-10-05",,
"7LIy7KinYq7a83dUH6kvxT","Zayde Wølf","9537384","Zayde Wølf","name","2026-10-05",,
"2qxJFvFYMEDqd7ui6kSAcq","Zedd","1198612","ZEDD","name","2026-10-05",,
"0ooWCUtppfatIPYRufo0ak","ZeddMusique","202209917","ZeddMusique","name","2026-10-05",,
"0Zule6oLStQ3YN5ojc2hlU","Zeek Power","4606486","Zeek Power","name","2026-10-05",,
"6sCbFbEjbYepqswM1vWjjs","Zendaya","1563439","Zendaya","name","2026-10-05",,
"6WtcrhTmbB2GV4gr3BxrNj","ZeroVerse","289441821","ZeroVerse","name","2026-10-05",,
"0YQgIcmKel8h48AYxofu4J","ZIAN","108882432","ZIAN","name","2026-10-05",,
"6tuPdaFPIytg3l2f51L7Hw","Ziggy Alberts","5295590","Ziggy Alberts","name","2026-10-05",,
"3FhrihEyNnYtuoNTaYA1xG","ZionRay","339711881","ZionRay","name","2026-10-05",,
"1JLf53adsPkYiAQPir2Fn3","Zoe Clark","6981095","Zoe Clark","name","2026-10-05",,
"4ytuGInRcR4K5to1P3I93x","Zubin Varla","247904","Zubin Varla","name","2026-10-05",,
"7AjlqcvPUY0YNKTkhtzVeF","Zyke","52208782","ZYKE","name","2026-10-05",,
"5LKvIQZUXSWBlaGNXwpryB","倪安東","72640172","倪安東","name","2026-10-05",,
"75udD9hen8NeHTe92rUNLa","張杰","1581361","張杰","name","2026-10-05",,
"2xwlufPslbQKrv1MXDBpIM","黃霄雲","110714262","黃霄雲","name","2026-10-05",,
