"week","playlist_id","uri","title","artists","artist_ids","release_id","release_date"
"New releases week 41 2026","3OwN09P2K4lUmVaj735G6i","spotify:track:2SFfo7hrfBTBDlF2a9MTW5","Drive My Car (2026 Mix)","The Beatles","3WrFJ7ztbogyGnTHbHJFl2","sp:1tz56fpDq8Smnksv0ABmCP","1965-12-03"
"New releases week 41 2026","3OwN09P2K4lUmVaj735G6i","spotify:track:7jWNfNjP0Gk8T5SJLZ2g3p","Norwegian Wood (This Bird Has Flown) [2026 Mix]","The Beatles","3WrFJ7ztbogyGnTHbHJFl2","sp:1tz56fpDq8Smnksv0ABmCP","1965-12-03"
"New releases week 41 2026","3OwN09P2K4lUmVaj735G6i","spotify:track:58erv0e14pg6HjH0BOEn2K","You Won't See Me (2026 Mix)","The Beatles","3WrFJ7ztbogyGnTHbHJFl2","sp:1tz56fpDq8Smnksv0ABmCP","1965-12-03"
"New releases week 41 2026","3OwN09P2K4lUmVaj735G6i","spotify:track:6NhNxpgcyMqYGYhZXqEZvx","Nowhere Man (2026 Mix)","The Beatles","3WrFJ7ztbogyGnTHbHJFl2","sp:1tz56fpDq8Smnksv0ABmCP","1965-12-03"
"New releases week 41 2026","3OwN09P2K4lUmVaj735G6i","spotify:track:0GaYM1C3lZOGZa4InNaOG0","Think For Yourself (2026 Mix)","The Beatles","3WrFJ7ztbogyGnTHbHJFl2","sp:1tz56fpDq8Smnksv0ABmCP","1965-12-03"
"New releases week 41 2026","3OwN09P2K4lUmVaj735G6i","spotify:track:4515mI4dPTM1BoqGxrqkJ8","The Word (2026 Mix)","The Beatles","3WrFJ7ztbogyGnTHbHJFl2","sp:1tz56fpDq8Smnksv0ABmCP","1965-12-03"
"New releases week 41 2026","3OwN09P2K4lUmVaj735G6i","spotify:track:722tG3JdHMDfLzHSxTP8YL","Michelle (2026 Mix)","The Beatles","3WrFJ7ztbogyGnTHbHJFl2","sp:1tz56fpDq8Smnksv0ABmCP","1965-12-03"
"New releases week 41 2026","3OwN09P2K4lUmVaj735G6i","spotify:track:0659ZNjpYQykyxUinR2Zvc","What Goes On (2026 Mix)","The Beatles","3WrFJ7ztbogyGnTHbHJFl2","sp:1tz56fpDq8Smnksv0ABmCP","1965-12-03"
"New releases week 41 2026","3OwN09P2K4lUmVaj735G6i","spotify:track:3RZqvha9PmksNmDj9A7s8w","Girl (2026 Mix)","The Beatles","3WrFJ7ztbogyGnTHbHJFl2","sp:1tz56fpDq8Smnksv0ABmCP","1965-12-03"
"New releases week 41 2026","3OwN09P2K4lUmVaj735G6i","spotify:track:3FvTjnW62AtRcxFJuXxjhb","I'm Looking Through You (2026 Mix)","The Beatles","3WrFJ7ztbogyGnTHbHJFl2","sp:1tz56fpDq8Smnksv0ABmCP","1965-12-03"
"New releases week 41 2026","3OwN09P2K4lUmVaj735G6i","spotify:track:4jAuq1vIYU2fFS8r5ZNhgr","In My Life (2026 Mix)","The Beatles","3WrFJ7ztbogyGnTHbHJFl2","sp:1tz56fpDq8Smnksv0ABmCP","1965-12-03"
"New releases week 41 2026","3OwN09P2K4lUmVaj735G6i","spotify:track:7ves0QlJtXKs4wSUZUrIb2","Wait (2026 Mix)","The Beatles","3WrFJ7ztbogyGnTHbHJFl2","sp:1tz56fpDq8Smnksv0ABmCP","1965-12-03"
"New releases week 41 2026","3OwN09P2K4lUmVaj735G6i","spotify:track:7kNtA7nU72QaaNqioj3oww","If I Needed Someone (2026 Mix)","The Beatles","3WrFJ7ztbogyGnTHbHJFl2","sp:1tz56fpDq8Smnksv0ABmCP","1965-12-03"
"New releases week 41 2026","3OwN09P2K4lUmVaj735G6i","spotify:track:1CExaRZDO0Rfg2EMCgJpWn","Run For Your Life (2026 Mix)","The Beatles","3WrFJ7ztbogyGnTHbHJFl2","sp:1tz56fpDq8Smnksv0ABmCP","1965-12-03"
"New releases week 41 2026","3OwN09P2K4lUmVaj735G6i","spotify:track:6tk3fHTQgUxeWO4cFd9ZZa","What More Could You Want","Kaitlin Butts","6QmSTo72BYMATkQVOV1axD","sp:3TZ4340nsstdEmGDHW2gox","2026-09-25"
"New releases week 41 2026","3OwN09P2K4lUmVaj735G6i","spotify:track:5NqBiKcTOlkN2Uy8x85hdd","Bagasjen min","Tommy Fredvang","7i2GjHlKcjBsuEbQ7KImBa","sp:5pF9uxgrgooHL8CddGtXcb","2026-09-25"
"New releases week 41 2026","3OwN09P2K4lUmVaj735G6i","spotify:track:4NHQhmG845yE1u8HtbLT1Q","is.it.everything.you.wanted?.v1.12.11.25.wav","Chelsea Cutler","5JMLG56F1X5mFmWNmS0iAp","sp:2BxFMC2ff2UDEsK7rcJOr9","2026-09-25"
"New releases week 41 2026","3OwN09P2K4lUmVaj735G6i","spotify:track:3Jm7uhYO5nPDDtwKJF287I","YOU’VE ONLY EVER BEEN MINE","Chelsea Cutler","5JMLG56F1X5mFmWNmS0iAp","sp:2BxFMC2ff2UDEsK7rcJOr9","2026-09-25"
"New releases week 41 2026","3OwN09P2K4lUmVaj735G6i","spotify:track:2nYYFFf6624AUGXZhioUVA","CAN YOU SHOW ME?","Chelsea Cutler","5JMLG56F1X5mFmWNmS0iAp","sp:2BxFMC2ff2UDEsK7rcJOr9","2026-09-25"
"New releases week 41 2026","3OwN09P2K4lUmVaj735G6i","spotify:track:6ahofKJtQEyMnrHfuPLZWS","WHAT ELSE?","Chelsea Cutler","5JMLG56F1X5mFmWNmS0iAp","sp:2BxFMC2ff2UDEsK7rcJOr9","2026-09-25"
"New releases week 41 2026","3OwN09P2K4lUmVaj735G6i","spotify:track:4gggNTuSopM6g4scN1Mqjs","IT’S SUPPOSED TO FEEL LIKE THIS","Chelsea Cutler","5JMLG56F1X5mFmWNmS0iAp","sp:2BxFMC2ff2UDEsK7rcJOr9","2026-09-25"
"New releases week 41 2026","3OwN09P2K4lUmVaj735G6i","spotify:track:2y2NIYpWy17Wp1vPqSZL6D","GIRLS IN THE BATHROOM","Chelsea Cutler","5JMLG56F1X5mFmWNmS0iAp","sp:2BxFMC2ff2UDEsK7rcJOr9","2026-09-25"
"New releases week 41 2026","3OwN09P2K4lUmVaj735G6i","spotify:track:6EArRPMHKeSl08zFnWcrLz","SORRY I'M OBSESSED WITH YOU","Chelsea Cutler","5JMLG56F1X5mFmWNmS0iAp","sp:2BxFMC2ff2UDEsK7rcJOr9","2026-09-25"
"New releases week 41 2026","3OwN09P2K4lUmVaj735G6i","spotify:track:5v2V58JRMH4ZPaGcpdjdIK","BAD","Chelsea Cutler","5JMLG56F1X5mFmWNmS0iAp","sp:2BxFMC2ff2UDEsK7rcJOr9","2026-09-25"
"New releases week 41 2026","3OwN09P2K4lUmVaj735G6i","spotify:track:1Txq1wJMopkxaBIkaljAP8","halfway.through.august.8.19.2025.wav","Chelsea Cutler","5JMLG56F1X5mFmWNmS0iAp","sp:2BxFMC2ff2UDEsK7rcJOr9","2026-09-25"
"New releases week 41 2026","3OwN09P2K4lUmVaj735G6i","spotify:track:5LPI99vV7RF9AxEr3z3qfx","DO YOU EVER REALLY KNOW?","Chelsea Cutler","5JMLG56F1X5mFmWNmS0iAp","sp:2BxFMC2ff2UDEsK7rcJOr9","2026-09-25"
"New releases week 41 2026","3OwN09P2K4lUmVaj735G6i","spotify:track:65e4B2AuJNP2nk5r3JfMEw","THIS TIME OF THE YEAR","Chelsea Cutler","5JMLG56F1X5mFmWNmS0iAp","sp:2BxFMC2ff2UDEsK7rcJOr9","2026-09-25"
"New releases week 41 2026","3OwN09P2K4lUmVaj735G6i","spotify:track:1aOygBHCq4VCjG9pxzjFLS","LIKE I LOVE YOU","Chelsea Cutler","5JMLG56F1X5mFmWNmS0iAp","sp:2BxFMC2ff2UDEsK7rcJOr9","2026-09-25"
"New releases week 41 2026","3OwN09P2K4lUmVaj735G6i","spotify:track:1Gb8FZrqqr2ZcgAH7pGZhW","THE CAR RIDE HOME","Chelsea Cutler","5JMLG56F1X5mFmWNmS0iAp","sp:2BxFMC2ff2UDEsK7rcJOr9","2026-09-25"
"New releases week 41 2026","3OwN09P2K4lUmVaj735G6i","spotify:track:6DroHr4E3vTuRGJhPpqb9F","IS THIS THE END?","Chelsea Cutler","5JMLG56F1X5mFmWNmS0iAp","sp:2BxFMC2ff2UDEsK7rcJOr9","2026-09-25"
"New releases week 41 2026","3OwN09P2K4lUmVaj735G6i","spotify:track:2xtQCGj2cW98Y5VInoyz4D","Snakeskin","Bishop Briggs","0yb46jwm7gqbZXVXZQ8Z1e","sp:0UHagP8XI6rMrf9xGGxehx","2026-09-25"
"New releases week 41 2026","3OwN09P2K4lUmVaj735G6i","spotify:track:3XYzJPBn5u3yPzldMJzB5j","Hallelujah, Come Together","Garrison Starr","1l9EtXzykoDuCp1nW9EL6g","sp:0LQNR7WP7b56l50utYvpYZ","2026-09-25"
"New releases week 41 2026","3OwN09P2K4lUmVaj735G6i","spotify:track:4K8IRx26OO8c4bVNpwiyKU","Ain't No Grave","Garrison Starr","1l9EtXzykoDuCp1nW9EL6g","sp:0LQNR7WP7b56l50utYvpYZ","2026-09-25"
"New releases week 41 2026","3OwN09P2K4lUmVaj735G6i","spotify:track:1x22DRY4Z7HQZE8J3eQuhA","Wishing Well","Garrison Starr","1l9EtXzykoDuCp1nW9EL6g","sp:0LQNR7WP7b56l50utYvpYZ","2026-09-25"
"New releases week 41 2026","3OwN09P2K4lUmVaj735G6i","spotify:track:3nERy5RD7QKrF2cJ7lDD1U","Oh My Soul","Garrison Starr","1l9EtXzykoDuCp1nW9EL6g","sp:0LQNR7WP7b56l50utYvpYZ","2026-09-25"
"New releases week 41 2026","3OwN09P2K4lUmVaj735G6i","spotify:track:09KAdRlBf9utgKe3C2bk0s","On My Way To Forgiveness","Garrison Starr","1l9EtXzykoDuCp1nW9EL6g","sp:0LQNR7WP7b56l50utYvpYZ","2026-09-25"
"New releases week 41 2026","3OwN09P2K4lUmVaj735G6i","spotify:track:4WYjZODZpjKujQKjWKRV08","Revival","Garrison Starr","1l9EtXzykoDuCp1nW9EL6g","sp:0LQNR7WP7b56l50utYvpYZ","2026-09-25"
"New releases week 41 2026","3OwN09P2K4lUmVaj735G6i","spotify:track:36jKDtiOwgIvZzcFu0JCym","Shame The Devil","Garrison Starr","1l9EtXzykoDuCp1nW9EL6g","sp:0LQNR7WP7b56l50utYvpYZ","2026-09-25"
"New releases week 41 2026","3OwN09P2K4lUmVaj735G6i","spotify:track:0PHcT9BgrvzuQg3IPncuSt","Hold On","Garrison Starr","1l9EtXzykoDuCp1nW9EL6g","sp:0LQNR7WP7b56l50utYvpYZ","2026-09-25"
"New releases week 41 2026","3OwN09P2K4lUmVaj735G6i","spotify:track:0j7HR1iwLso1irstLdiYDk","It's Alright","Garrison Starr","1l9EtXzykoDuCp1nW9EL6g","sp:0LQNR7WP7b56l50utYvpYZ","2026-09-25"
"New releases week 41 2026","3OwN09P2K4lUmVaj735G6i","spotify:track:3Y5mGfWpxOxbZJzmrTWtAj","Better Day Comin'","Garrison Starr","1l9EtXzykoDuCp1nW9EL6g","sp:0LQNR7WP7b56l50utYvpYZ","2026-09-25"
"New releases week 41 2026","3OwN09P2K4lUmVaj735G6i","spotify:track:18ZScFhFloaJJxJcnrLezb","Fireflies","John Legend, Pharrell Williams","5y2Xq6xcjJb2jVM54GHK3t|2RdwBSPQiwcmiDo9kixcl8","sp:7E7ldaTtHThRPsE6uQaPqR","2026-09-25"
"New releases week 41 2026","3OwN09P2K4lUmVaj735G6i","spotify:track:2m2VJnTfdf1mwHAwPfmxPd","Fleeting Friend","lewloh","31TM5zBknJ7ZInbxnR0rlX","sp:3QsrmFj4XvHSHwyhRK5zvb","2026-09-25"
"New releases week 41 2026","3OwN09P2K4lUmVaj735G6i","spotify:track:6jG3DtDq3yOAaYlF3w7Rxp","What A Tragedy","lewloh","31TM5zBknJ7ZInbxnR0rlX","sp:3QsrmFj4XvHSHwyhRK5zvb","2026-09-25"
"New releases week 41 2026","3OwN09P2K4lUmVaj735G6i","spotify:track:7kEsfMh1ifK41Kfz09LPgi","How Have You Been?","lewloh","31TM5zBknJ7ZInbxnR0rlX","sp:3QsrmFj4XvHSHwyhRK5zvb","2026-09-25"
"New releases week 41 2026","3OwN09P2K4lUmVaj735G6i","spotify:track:1fZ6L2cayihU7uv0kvj6PK","Halfway Happy","lewloh","31TM5zBknJ7ZInbxnR0rlX","sp:3QsrmFj4XvHSHwyhRK5zvb","2026-09-25"
"New releases week 41 2026","3OwN09P2K4lUmVaj735G6i","spotify:track:146EXqfRzOU5PKH1FDy8tM","Japanese Man","lewloh","31TM5zBknJ7ZInbxnR0rlX","sp:3QsrmFj4XvHSHwyhRK5zvb","2026-09-25"
"New releases week 41 2026","3OwN09P2K4lUmVaj735G6i","spotify:track:3zyuCfYRt3IxMimEKMNKlH","loose ends","lewloh","31TM5zBknJ7ZInbxnR0rlX","sp:3QsrmFj4XvHSHwyhRK5zvb","2026-09-25"
"New releases week 41 2026","3OwN09P2K4lUmVaj735G6i","spotify:track:0gxxkZpRC3AHf4wzFGED6w","Past Lives","lewloh","31TM5zBknJ7ZInbxnR0rlX","sp:3QsrmFj4XvHSHwyhRK5zvb","2026-09-25"
"New releases week 41 2026","3OwN09P2K4lUmVaj735G6i","spotify:track:0EpHCnpdPTXhP1zuS20NNU","I'm Just a Frog","lewloh","31TM5zBknJ7ZInbxnR0rlX","sp:3QsrmFj4XvHSHwyhRK5zvb","2026-09-25"
"New releases week 41 2026","3OwN09P2K4lUmVaj735G6i","spotify:track:3FNW6aDQzQlAnnOEa7EM4R","Tree Secret","lewloh","31TM5zBknJ7ZInbxnR0rlX","sp:3QsrmFj4XvHSHwyhRK5zvb","2026-09-25"
"New releases week 41 2026","3OwN09P2K4lUmVaj735G6i","spotify:track:7yB2hplFaaTwajxuuZ0yjL","Dive Right in","lewloh","31TM5zBknJ7ZInbxnR0rlX","sp:3QsrmFj4XvHSHwyhRK5zvb","2026-09-25"
"New releases week 41 2026","3OwN09P2K4lUmVaj735G6i","spotify:track:4LK77CGwMU9RC5Sw743cFv","Different Directions","lewloh","31TM5zBknJ7ZInbxnR0rlX","sp:3QsrmFj4XvHSHwyhRK5zvb","2026-09-25"
"New releases week 41 2026","3OwN09P2K4lUmVaj735G6i","spotify:track:3ALXjzK36wIlGRPCsgqLPd","Last Time I Saw Him","lewloh","31TM5zBknJ7ZInbxnR0rlX","sp:3QsrmFj4XvHSHwyhRK5zvb","2026-09-25"
"New releases week 41 2026","3OwN09P2K4lUmVaj735G6i","spotify:track:4bF40TbIUC2CR0mClGyIjT","Wohnzimmer","Typewriter","62bicDbebxTiismk0JGu4N","sp:7pfUOz2j6OX8uWkFHW35np","2026-09-25"
"New releases week 41 2026","3OwN09P2K4lUmVaj735G6i","spotify:track:72w6dmlgNDagH5fbQKr64D","FACE2FACE","Yung Bae","30FDJPN3RtwJZ20g5YGCRX","sp:6IOi7NuN61x8ww6CgJHv1v","2026-09-25"
"New releases week 41 2026","3OwN09P2K4lUmVaj735G6i","spotify:track:368Liqf6Dmt7nAlqBayViK","Slat Hard!","Franja Du Plessis","3GsEM7KApCMtRdlUrj1V41","sp:4LMBRoRRt71aIvrY1fLftg","2026-09-25"
"New releases week 41 2026","3OwN09P2K4lUmVaj735G6i","spotify:track:1dJdRPPmmB7nXZWrbIiwQq","Pedestrian","Rhys Frank, AKA lisa","5yMkHmsdRZA4OVeCylF4xU|0WTTqGh79njNF2o4Cgklc1","sp:5EUAvaQyyE1OFjqHt9qy8o","2026-09-25"
"New releases week 41 2026","3OwN09P2K4lUmVaj735G6i","spotify:track:2FlOmjkhbCDODZOWfiaoCH","Storm the Gates","Josh Vietti","1IQuA3YDUhUozBo7r30v1n","sp:5fx7AUc5I35YHQGVDKf2gr","2026-09-25"
"New releases week 41 2026","3OwN09P2K4lUmVaj735G6i","spotify:track:6YWdvZU2skig8RbawttO24","Dangerous","1Journey, Upstate","4zqzyuTinKbQ7JBoj0icCz|3XasxKUPYsWe2f1oAKewbF","sp:1mEY6fdqvg5JjE8J7kmIje","2026-09-25"
"New releases week 41 2026","3OwN09P2K4lUmVaj735G6i","spotify:track:4wWYSnewGIuTIMAVQVUBKg","Sunny Days","Nick Fabian","4qJIglM3Dn1UiMz4bzEdr2","sp:4FdUKtdRkzwCBNwkTtn04K","2026-09-25"
"New releases week 41 2026","3OwN09P2K4lUmVaj735G6i","spotify:track:7BT7AP9TTpcGawR3cvCvV3","I am Sorry","ZIAN","0YQgIcmKel8h48AYxofu4J","sp:0TybIckKrjnl9VDd9VIcqy","2026-09-25"
"New releases week 41 2026","3OwN09P2K4lUmVaj735G6i","spotify:track:2shbqh5GhfLEbkIlQ8om1p","Worst Thing Thats Happened To Me","RONEN","3wDeS1sr05fxaOeiJJrOnL","sp:49bPuvr5kfrAZ8H55XD1NJ","2026-09-25"
"New releases week 41 2026","3OwN09P2K4lUmVaj735G6i","spotify:track:3OUf32Ag4Ixp8jwBLEapbS","Atrophy","RONEN","3wDeS1sr05fxaOeiJJrOnL","sp:49bPuvr5kfrAZ8H55XD1NJ","2026-09-25"
"New releases week 41 2026","3OwN09P2K4lUmVaj735G6i","spotify:track:4vCFkGBnIpC9YJscWStzr9","Stomach - Acoustic","Miki Ratsula","3Yq0Ww7oAbgxcoOxthlS30","sp:6MIJ6sXsJtR7GKWe8N6Gcz","2026-09-25"
"New releases week 41 2026","3OwN09P2K4lUmVaj735G6i","spotify:track:4lBNParCQA0cpE2vvVcjTA","Being Honest","Jamestown Revival","4w1ZBtHF0HxrGqQdB7i1it","sp:5DLEf072MTazdMy3UdRvwj","2026-09-25"
"New releases week 41 2026","3OwN09P2K4lUmVaj735G6i","spotify:track:60TfPY0D3e2Wagg3WzxdlP","Polaroid Moments","Adam Wendler","3ea4XDPCrAm68rpImApb94","sp:6jPKA3ccwvtJGp6FQou8D5","2026-09-25"
"New releases week 41 2026","3OwN09P2K4lUmVaj735G6i","spotify:track:3zysNuMtpZB8vkdMFIZ6YY","Blue Collar Man","Route 33, James Blundell","5KDFgnaOWRd3B8V1WQWZlE|0AluwN4mocA305JLqpZytD","sp:6uETqSAc7wB65HmVFZQUrw","2026-09-25"
"New releases week 41 2026","3OwN09P2K4lUmVaj735G6i","spotify:track:5c1273bdY3F7Ab7LH8Wg6R","Two Strong Hearts","Route 33, Conrad Sewell","5KDFgnaOWRd3B8V1WQWZlE|1rw8ZTLnDHd74TWDDukjVi","sp:6uETqSAc7wB65HmVFZQUrw","2026-09-25"
"New releases week 41 2026","3OwN09P2K4lUmVaj735G6i","spotify:track:0KEXS1PgxlQjy4E9kOeblV","MMMBop","Route 33, Conrad Sewell","5KDFgnaOWRd3B8V1WQWZlE|1rw8ZTLnDHd74TWDDukjVi","sp:6uETqSAc7wB65HmVFZQUrw","2026-09-25"
"New releases week 41 2026","3OwN09P2K4lUmVaj735G6i","spotify:track:7FIlQ3agIAYD6IuXvpYGl2","April Sun In Cuba","Route 33","5KDFgnaOWRd3B8V1WQWZlE","sp:6uETqSAc7wB65HmVFZQUrw","2026-09-25"
"New releases week 41 2026","3OwN09P2K4lUmVaj735G6i","spotify:track:2zteAnqCYsRhW4re2fi2kT","Save Tonight","Route 33","5KDFgnaOWRd3B8V1WQWZlE","sp:6uETqSAc7wB65HmVFZQUrw","2026-09-25"
"New releases week 41 2026","3OwN09P2K4lUmVaj735G6i","spotify:track:6XyqOM2c6MWiZf9KUdQMjw","Wake Me Up","Route 33","5KDFgnaOWRd3B8V1WQWZlE","sp:6uETqSAc7wB65HmVFZQUrw","2026-09-25"
"New releases week 41 2026","3OwN09P2K4lUmVaj735G6i","spotify:track:2ZfWOqJ5Ouk9ixR9CVHU7O","Saxofuckingphone","Prells, Lille Saus, J-Dawg","50Kop00cliTuhn1vCBNVkH|15saPvefLxxtw3nvTOCUg0|18KsILOMx3thJRzBYBnKHW","sp:4qf6oXbSqr08aH2rLkOCsY","2026-09-25"
"New releases week 41 2026","3OwN09P2K4lUmVaj735G6i","spotify:track:5EFszBzsH4sCWekILUgFNw","Jealous of Jesus","The Roads Below","4gTxZRVdDpwAZCpSaXy7fI","sp:3q9IcnhRjqjvL5zFwC1NWA","2026-09-25"
"New releases week 41 2026","3OwN09P2K4lUmVaj735G6i","spotify:track:54TY1gECTVYKdfMYBzmxXp","bamseklem","Erika Norwich","1FsZYh8RTfafSEVmoVxWeK","sp:5uS0dhGZJQ3dzrQY8t1CdB","2026-09-25"
"New releases week 41 2026","3OwN09P2K4lUmVaj735G6i","spotify:track:1vIdEwrutrxbUNXu7RnD7s","Growing Pains","Taylor Acorn","1A0WloDoRE88uUwo3wensY","sp:74E69z4DRqWYWCUYx75xac","2026-09-25"
"New releases week 41 2026","3OwN09P2K4lUmVaj735G6i","spotify:track:4BfR5AdQH4oItc6T1Kersj","somanythings","mar10","4RqJaXFw1uScNDfeTaX1Nf","sp:5GnMeeaMZd5qQiDLIVCSvF","2026-09-25"
"New releases week 41 2026","3OwN09P2K4lUmVaj735G6i","spotify:track:1kJlbNplwduN7UfsAf5jEU","Rather You Leave","Grace Carter","2LuHL7im4aCEmfOlD4rxBC","sp:0VhlajjpFQPn7OPPSE6NmG","2026-09-25"
"New releases week 41 2026","3OwN09P2K4lUmVaj735G6i","spotify:track:6ZZKX4n0HvL7PRYXAeEFSC","What Do I Do If You Don't","Jordan Davis","77kULmXAQ6vWer7IIHdGzI","sp:1rfUYX7kRfZQ9nxCAX87ZQ","2026-09-25"
"New releases week 41 2026","3OwN09P2K4lUmVaj735G6i","spotify:track:568uHB7e0HIt9k4h9VTtO3","heaven sent","Lil Peep","2kCcBybjl3SAtIcwdWpUe3","sp:2h0NjnVV7khqZFGxSSAlpb","2026-09-25"
"New releases week 41 2026","3OwN09P2K4lUmVaj735G6i","spotify:track:3OD8kXUqFWfsIHB04ytesd","Coldasswrld","Jobé, Quinn'T","0nqabkp3x6S4U7WVFaDGit|5LXhJnYI6rkTciOTrml8gt","sp:6z2qbU0SBXjHjYPFewX36H","2026-09-25"
"New releases week 41 2026","3OwN09P2K4lUmVaj735G6i","spotify:track:0bWC2u8DmgxP33hKVpMY88","3 Minute Summer","Adam Doleac","4NsVVzuaZGk4aya8Pyacew","sp:70xrjt9J8lAl3wQiH3VgKg","2026-09-25"
"New releases week 41 2026","3OwN09P2K4lUmVaj735G6i","spotify:track:5fHrAeCG3mkjI51PsYHxHz","There You Go","Adam Doleac, Tenille Townes","4NsVVzuaZGk4aya8Pyacew|3TyeX0lk4B7k56ukfzEE0z","sp:70xrjt9J8lAl3wQiH3VgKg","2026-09-25"
"New releases week 41 2026","3OwN09P2K4lUmVaj735G6i","spotify:track:0b4SNNzEGgaQ2yTscniOei","Somebody's Gonna Thank Me","Adam Doleac","4NsVVzuaZGk4aya8Pyacew","sp:70xrjt9J8lAl3wQiH3VgKg","2026-09-25"
"New releases week 41 2026","3OwN09P2K4lUmVaj735G6i","spotify:track:6CglFjSyaEG7axcyBF6Msg","Radio's Talkin'","Adam Doleac","4NsVVzuaZGk4aya8Pyacew","sp:70xrjt9J8lAl3wQiH3VgKg","2026-09-25"
"New releases week 41 2026","3OwN09P2K4lUmVaj735G6i","spotify:track:5CHyPXNa01p0zvnmenFgKa","Damn I Didn't Give","Adam Doleac","4NsVVzuaZGk4aya8Pyacew","sp:70xrjt9J8lAl3wQiH3VgKg","2026-09-25"
"New releases week 41 2026","3OwN09P2K4lUmVaj735G6i","spotify:track:2ZOKs5qktgFUkNn3xgidZT","Shady","Adam Doleac","4NsVVzuaZGk4aya8Pyacew","sp:70xrjt9J8lAl3wQiH3VgKg","2026-09-25"
"New releases week 41 2026","3OwN09P2K4lUmVaj735G6i","spotify:track:6n4TOHfYEz7Cixbte2ZvZ4","Broken Record","Adam Doleac","4NsVVzuaZGk4aya8Pyacew","sp:70xrjt9J8lAl3wQiH3VgKg","2026-09-25"
"New releases week 41 2026","3OwN09P2K4lUmVaj735G6i","spotify:track:2vNf6kIIYL0CD6bpy7FDsa","Boys of Summer Again","Adam Doleac","4NsVVzuaZGk4aya8Pyacew","sp:70xrjt9J8lAl3wQiH3VgKg","2026-09-25"
"New releases week 41 2026","3OwN09P2K4lUmVaj735G6i","spotify:track:3oml2hvebr10WAOEvtVp9W","Strangers Again","Kelsey Lamb, Taylor Goyette","2eoYr2pnDgyoDe9GLhuBoo|5CSfpRPGc1XEGd5twIRQTb","sp:47SJb50MXbsHyzCIM2RHUL","2026-09-25"
"New releases week 41 2026","3OwN09P2K4lUmVaj735G6i","spotify:track:6koiEgvhQ4CyHXfYz9tIv4","Ruin A Good Thing","Warren Zeiders","7kplJl06UmldxLKseURAYi","sp:72abK2vIKvsudMypl89dX3","2026-09-25"
"New releases week 41 2026","3OwN09P2K4lUmVaj735G6i","spotify:track:7DKJ2lVj0DPEIxysfvJm3Z","No Brakes","Warren Zeiders","7kplJl06UmldxLKseURAYi","sp:72abK2vIKvsudMypl89dX3","2026-09-25"
"New releases week 41 2026","3OwN09P2K4lUmVaj735G6i","spotify:track:30H8g9GniJtRGNvIyXGtK4","Overrated","Warren Zeiders, Bellah Mae","7kplJl06UmldxLKseURAYi|0BCD9XnZVhdY2vojKAPAiT","sp:72abK2vIKvsudMypl89dX3","2026-09-25"
"New releases week 41 2026","3OwN09P2K4lUmVaj735G6i","spotify:track:6TFQpzh2v5QmjBKuXUjjLP","You Turn","Warren Zeiders","7kplJl06UmldxLKseURAYi","sp:72abK2vIKvsudMypl89dX3","2026-09-25"
"New releases week 41 2026","3OwN09P2K4lUmVaj735G6i","spotify:track:7bLwKtj5cVBbhMT3JFswKl","Days of My Life","Warren Zeiders","7kplJl06UmldxLKseURAYi","sp:72abK2vIKvsudMypl89dX3","2026-09-25"
"New releases week 41 2026","3OwN09P2K4lUmVaj735G6i","spotify:track:1exJUNwxLVuFfrKCPNPK7c","Looks Good On You","Warren Zeiders","7kplJl06UmldxLKseURAYi","sp:72abK2vIKvsudMypl89dX3","2026-09-25"
"New releases week 41 2026","3OwN09P2K4lUmVaj735G6i","spotify:track:0urU5KL15q55pgnf4im6F4","My Eyes","Warren Zeiders","7kplJl06UmldxLKseURAYi","sp:72abK2vIKvsudMypl89dX3","2026-09-25"
"New releases week 41 2026","3OwN09P2K4lUmVaj735G6i","spotify:track:2GtbZ1FJ1KhxEdE6PToIsQ","Drinking Game","Warren Zeiders","7kplJl06UmldxLKseURAYi","sp:72abK2vIKvsudMypl89dX3","2026-09-25"
"New releases week 41 2026","3OwN09P2K4lUmVaj735G6i","spotify:track:50Uj9F6AcxmOPbAcayc4Hu","Bittersweet","Warren Zeiders","7kplJl06UmldxLKseURAYi","sp:72abK2vIKvsudMypl89dX3","2026-09-25"
"New releases week 41 2026","3OwN09P2K4lUmVaj735G6i","spotify:track:7jVu3IMC1RcM9uBHCEE3n3","Souvenirs","Warren Zeiders","7kplJl06UmldxLKseURAYi","sp:72abK2vIKvsudMypl89dX3","2026-09-25"
"New releases week 41 2026","3OwN09P2K4lUmVaj735G6i","spotify:track:1wSSPSfrAvBLDHLtTGARvD","Mine","Warren Zeiders","7kplJl06UmldxLKseURAYi","sp:72abK2vIKvsudMypl89dX3","2026-09-25"
"New releases week 41 2026","3OwN09P2K4lUmVaj735G6i","spotify:track:2iyAdLtcne0Ltlov0EHcbG","Find One","Warren Zeiders","7kplJl06UmldxLKseURAYi","sp:72abK2vIKvsudMypl89dX3","2026-09-25"
"New releases week 41 2026","3OwN09P2K4lUmVaj735G6i","spotify:track:06zZVoBj72dCFNnXDw7SwI","KARLSSON PÅ TAKET","BEK & Moberg, Joakim Lundell","0gWpQRbOQI94EAWpfYQd0X|0XNvr6bnNywV946ZKaJtr0","sp:1qzCVokapyFjCO6xfiZspY","2026-09-25"
"New releases week 41 2026","3OwN09P2K4lUmVaj735G6i","spotify:track:1kpE8ssEFAzSdnQkDKfHli","What You Want","Tez Cadey","5cBeFQv3kBVP8o15CmPTKb","sp:4fS8wfu55LtjGa6xw2myJY","2026-09-25"
"New releases week 41 2026","3OwN09P2K4lUmVaj735G6i","spotify:track:0S9bxxugkfByX1iYDR4JRS","Druk Op Kantoor","RAM6","5Ofb5xRIUszJdtHNPJTAXV","sp:7ag1RUGrc99sKwlER6uz9P","2026-09-25"
"New releases week 41 2026","3OwN09P2K4lUmVaj735G6i","spotify:track:3NMkbdZcZmg6Fd0dAS25TZ","Marry Her Today","The Wellermen","20q3NJtmeKSi3BTnmUFK16","sp:3yOQXQseH8Tjsb7esI7V8b","2026-09-25"
"New releases week 41 2026","3OwN09P2K4lUmVaj735G6i","spotify:track:7uynmH4hhXa5bSZi3ZdzsI","I Do","Cassa Jackson","0zR7BUeTyO3i80lwyIGSfq","sp:75XsH5XfK8cnzyyJ8OUOV8","2026-09-25"
"New releases week 41 2026","3OwN09P2K4lUmVaj735G6i","spotify:track:0Gms8M0f1kJxAA2pXuLdtI","The Fate of Ophelia","Taylor Swift","06HL4z0CvFAxyc27GXpf02","sp:4hF2gTGuPYlykYuphDxi8J","2026-09-25"
"New releases week 41 2026","3OwN09P2K4lUmVaj735G6i","spotify:track:5oipiGvChU1G6LGUHdLCmo","Elizabeth Taylor","Taylor Swift","06HL4z0CvFAxyc27GXpf02","sp:4hF2gTGuPYlykYuphDxi8J","2026-09-25"
"New releases week 41 2026","3OwN09P2K4lUmVaj735G6i","spotify:track:1vb2arLM2h2t21XZzMJkzi","Opalite","Taylor Swift","06HL4z0CvFAxyc27GXpf02","sp:4hF2gTGuPYlykYuphDxi8J","2026-09-25"
"New releases week 41 2026","3OwN09P2K4lUmVaj735G6i","spotify:track:1UuiRzEKcTOvMg0pRGe9PZ","Father Figure","Taylor Swift","06HL4z0CvFAxyc27GXpf02","sp:4hF2gTGuPYlykYuphDxi8J","2026-09-25"
"New releases week 41 2026","3OwN09P2K4lUmVaj735G6i","spotify:track:1QlJbqli3d3LZPDsKuWKCd","Eldest Daughter","Taylor Swift","06HL4z0CvFAxyc27GXpf02","sp:4hF2gTGuPYlykYuphDxi8J","2026-09-25"
"New releases week 41 2026","3OwN09P2K4lUmVaj735G6i","spotify:track:20dYJ6Kq7Mdhr1O5pfwwNr","Ruin The Friendship","Taylor Swift","06HL4z0CvFAxyc27GXpf02","sp:4hF2gTGuPYlykYuphDxi8J","2026-09-25"
"New releases week 41 2026","3OwN09P2K4lUmVaj735G6i","spotify:track:7c23fATbCtszPVqbkqzfX5","Actually Romantic","Taylor Swift","06HL4z0CvFAxyc27GXpf02","sp:4hF2gTGuPYlykYuphDxi8J","2026-09-25"
"New releases week 41 2026","3OwN09P2K4lUmVaj735G6i","spotify:track:1IRSwAcop6oc61pSISQCNZ","Wi$h Li$t","Taylor Swift","06HL4z0CvFAxyc27GXpf02","sp:4hF2gTGuPYlykYuphDxi8J","2026-09-25"
"New releases week 41 2026","3OwN09P2K4lUmVaj735G6i","spotify:track:35RmrxZRsl1BTqoe3HFI4B","Wood","Taylor Swift","06HL4z0CvFAxyc27GXpf02","sp:4hF2gTGuPYlykYuphDxi8J","2026-09-25"
"New releases week 41 2026","3OwN09P2K4lUmVaj735G6i","spotify:track:4XQ6epTGOH2Hq9rKY0qYrM","CANCELLED!","Taylor Swift","06HL4z0CvFAxyc27GXpf02","sp:4hF2gTGuPYlykYuphDxi8J","2026-09-25"
"New releases week 41 2026","3OwN09P2K4lUmVaj735G6i","spotify:track:1e72gbbH9cMDRdxgOA0kk0","Honey","Taylor Swift","06HL4z0CvFAxyc27GXpf02","sp:4hF2gTGuPYlykYuphDxi8J","2026-09-25"
"New releases week 41 2026","3OwN09P2K4lUmVaj735G6i","spotify:track:78CYukRkSSZ9PRH5rBWeXM","The Life of a Showgirl (feat. Sabrina Carpenter)","Taylor Swift, Sabrina Carpenter","06HL4z0CvFAxyc27GXpf02|74KM79TiuVKeVCqs8QtB0B","sp:4hF2gTGuPYlykYuphDxi8J","2026-09-25"
"New releases week 41 2026","3OwN09P2K4lUmVaj735G6i","spotify:track:11hcBLPtbMp4aQI6zGQLub","Patient Zero","Taylor Swift","06HL4z0CvFAxyc27GXpf02","sp:4hF2gTGuPYlykYuphDxi8J","2026-09-25"
"New releases week 41 2026","3OwN09P2K4lUmVaj735G6i","spotify:track:7uxkx8HPBYkJKcimOyggUM","Cleveland!","Taylor Swift","06HL4z0CvFAxyc27GXpf02","sp:4hF2gTGuPYlykYuphDxi8J","2026-09-25"
"New releases week 41 2026","3OwN09P2K4lUmVaj735G6i","spotify:track:3gyJbNBTRVRdZDA1yO3clm","Pink Clouding","Taylor Swift","06HL4z0CvFAxyc27GXpf02","sp:4hF2gTGuPYlykYuphDxi8J","2026-09-25"
"New releases week 41 2026","3OwN09P2K4lUmVaj735G6i","spotify:track:2j7wI9QWrP8cjKDdOLVQTU","Babylon","Taylor Swift","06HL4z0CvFAxyc27GXpf02","sp:4hF2gTGuPYlykYuphDxi8J","2026-09-25"
"New releases week 41 2026","3OwN09P2K4lUmVaj735G6i","spotify:track:6G3EntqnQTqB6mFvL1XrvK","REC.","Your Neighbors","6mpyU2azr3zfZDY9k8w5GP","sp:1NsEZmylAlUpLhi361Hwz0","2026-09-25"
"New releases week 41 2026","3OwN09P2K4lUmVaj735G6i","spotify:track:6X32So7DUqkBNQEenJFgT8","Option","Ali Gatie","4rTv3Ejc7hKMtmoBOK1B4T","sp:3p5VLtLujcy8aAWykiKQdz","2026-09-25"
"New releases week 41 2026","3OwN09P2K4lUmVaj735G6i","spotify:track:1ZV8EKcl8j0beLqh877lTP","Old Money","Ferris Pier, HRVY","3PrjxwAe7Zn1cKf76CRRWt|28y6CyJNkGNjJQKrlx4AmN","sp:2sQrBVDytSMLqwGvcni3Fv","2026-09-25"
"New releases week 41 2026","3OwN09P2K4lUmVaj735G6i","spotify:track:7EUXMvTUdhhVXSALuRSOmG","Window Watching","Henrik","5XF1Rs5bDF3FCIVuSiDx1w","sp:2s4IBpDc6APY8CThzf5MWS","2026-09-25"
"New releases week 41 2026","3OwN09P2K4lUmVaj735G6i","spotify:track:15YmRUr1XXYUynABSBfoDq","Window Watching - Sped Up","Henrik","5XF1Rs5bDF3FCIVuSiDx1w","sp:2s4IBpDc6APY8CThzf5MWS","2026-09-25"
"New releases week 41 2026","3OwN09P2K4lUmVaj735G6i","spotify:track:6wym4Fb64SEgRS2stq9cnv","Window Watching - Slowed","Henrik","5XF1Rs5bDF3FCIVuSiDx1w","sp:2s4IBpDc6APY8CThzf5MWS","2026-09-25"
"New releases week 41 2026","3OwN09P2K4lUmVaj735G6i","spotify:track:4VP8YhuFpMtCCiHmAmTDF7","The Countdown","homeWard","1ksTd1D7a7j5YQ7LEtJgux","sp:3XQZMxg9Ds5brK66cK0ZdB","2026-09-25"
"New releases week 41 2026","3OwN09P2K4lUmVaj735G6i","spotify:track:59iBZ7IPXBV8FEU4Fk9JTw","Afterglow","Michael Ketterer, Matt Pelt, Influence Music","3AL84d4gLR8nUYxVLLOcmo|4Bq682UCIDpgtfgVpvxMwh|7ory6rfLtmQet7a16o4vvC","sp:1PodPNDCu4E3s3w1ZgJMgE","2026-09-25"
"New releases week 41 2026","3OwN09P2K4lUmVaj735G6i","spotify:track:7Lxc9AQLrmgtST9SEJTknO","Galgoto","Monali Thakur, Parth Oza, Suhit Abhyankar","2o4R2rK7FetH40HTv0SUWl|26USIc2MZPhDd5poifl0O1|5ntiM8jjfZlkb4yB3Ll99E","sp:75MP7lWWpzF6AQ5xmZ96R6","2026-09-25"
"New releases week 41 2026","3OwN09P2K4lUmVaj735G6i","spotify:track:6RWh6jEhYaJhQ45QmpLQRu","CLESSIDRA","Navarra, Draiy","5dLyEQ8oBvYid1RbqotOiw|1EWlNTG7KaY2WNohSexAZr","sp:13xOB3ll8BSlNlrpzre88u","2026-09-25"
"New releases week 41 2026","3OwN09P2K4lUmVaj735G6i","spotify:track:1mw0ZVDHvenwJPULBxAUdF","Nice To Know You","Mackenzy Mackay","28WNtilgFPn1mdz3h0FjHl","sp:1Jna3AVd6Iy71TJgtySpBX","2026-09-25"
"New releases week 41 2026","3OwN09P2K4lUmVaj735G6i","spotify:track:5AszN5JpDUDuT43cG9Cc0a","BLACKOUT","Rasmus Gozzi, FRÖKEN SNUSK, LOOKET","3loTvAld5Tpk5aSNbboGpj|6RjsbK9T7d1UQD1PFEYYGt|4gYsIoRXPc0MnHDYIqEYVE","sp:5c3RmRcG47ulfyEDicrGX8","2026-09-25"
"New releases week 41 2026","3OwN09P2K4lUmVaj735G6i","spotify:track:5kYhPhtXrsIdlQJd6W3itd","Good Good Life","Kevin Winebarger","0Mihk33hOz5pYMIDALdiFG","sp:4nJwWhmX80C8c3xQ2wC5d1","2026-09-25"
"New releases week 41 2026","3OwN09P2K4lUmVaj735G6i","spotify:track:6yWKReNNioyLro5g2Kufuc","I stillhet og storm","Thomas Tvedt","4EqPMRZuruGqExCJXAWDpc","sp:18TN0JW6If6NyXVQDtWqOc","2026-09-25"
"New releases week 41 2026","3OwN09P2K4lUmVaj735G6i","spotify:track:667juNjAscudtRATLiWMj5","North Star","Matt Wertz","6JVRYNneRsYNInT4TNr5vU","sp:53eMqthHwIW4pRgIqX8Nc5","2026-09-25"
"New releases week 41 2026","3OwN09P2K4lUmVaj735G6i","spotify:track:0shdB7S5TAeruRDoG9UmhC","Good Thing Coming","Matt Wertz","6JVRYNneRsYNInT4TNr5vU","sp:53eMqthHwIW4pRgIqX8Nc5","2026-09-25"
"New releases week 41 2026","3OwN09P2K4lUmVaj735G6i","spotify:track:2QfUzqGaA8GdxGSSXkwPBJ","Get Drunk, Get Sober","Harrison Boe","4dzmMuL91FOToLfF2CgG1E","sp:3rif95JM74oDXfy3c1arg5","2026-09-25"
"New releases week 41 2026","3OwN09P2K4lUmVaj735G6i","spotify:track:6aLKs7eWoJDHG1tUoVZmq2","It's Alright","Hush Forever, KLARA","5MIIeE6xoDQNqwSMTweWlv|0AJHopXkTZ4xJjWUAwtU2F","sp:1APCAEcptxNb0Pw1BWD0Kj","2026-09-25"
"New releases week 41 2026","3OwN09P2K4lUmVaj735G6i","spotify:track:7FbMrINB4kudSqxTdWujbg","Busy, Busy (Pink)","Kaylee Federmann","7jB0NZ1IvNO3vkpVXOZs95","sp:3a0RvhuO47lGhn9lbW8dYY","2026-09-25"
"New releases week 41 2026","3OwN09P2K4lUmVaj735G6i","spotify:track:0vHi7Z8HyxcDUTDPQZkdpw","Njiit","AMADEUS","4UIkM1s2GA411ufzpCn0ya","sp:3aaWKHhYq5tqJzWwHD9Bl6","2026-09-25"
"New releases week 41 2026","3OwN09P2K4lUmVaj735G6i","spotify:track:21MKWo4Acd6lDzA2NSaCW1","Nama Yàlla Baal","AMADEUS","4UIkM1s2GA411ufzpCn0ya","sp:3aaWKHhYq5tqJzWwHD9Bl6","2026-09-25"
"New releases week 41 2026","3OwN09P2K4lUmVaj735G6i","spotify:track:1brSge90gcgbcwRStJRkcW","Mébet","AMADEUS","4UIkM1s2GA411ufzpCn0ya","sp:3aaWKHhYq5tqJzWwHD9Bl6","2026-09-25"
"New releases week 41 2026","3OwN09P2K4lUmVaj735G6i","spotify:track:3hHMxbUygA5SHtM7flGbf2","Garmi","AMADEUS","4UIkM1s2GA411ufzpCn0ya","sp:3aaWKHhYq5tqJzWwHD9Bl6","2026-09-25"
"New releases week 41 2026","3OwN09P2K4lUmVaj735G6i","spotify:track:10dJgTWhyAOurT5laFc7sX","Dugi-dugi","AMADEUS, Aïda Samb","4UIkM1s2GA411ufzpCn0ya|3sk8pox2d8hBd8FIq8S0lD","sp:3aaWKHhYq5tqJzWwHD9Bl6","2026-09-25"
"New releases week 41 2026","3OwN09P2K4lUmVaj735G6i","spotify:track:6nTZwcY2rY7zc8yTwrvOoM","Digg Doole","AMADEUS","4UIkM1s2GA411ufzpCn0ya","sp:3aaWKHhYq5tqJzWwHD9Bl6","2026-09-25"
"New releases week 41 2026","3OwN09P2K4lUmVaj735G6i","spotify:track:1mkxKMRs6ioypPVXrndqei","Naataango","AMADEUS, Dip Doundou Guiss","4UIkM1s2GA411ufzpCn0ya|42A1uhQc0Rln9VlVGsll0m","sp:3aaWKHhYq5tqJzWwHD9Bl6","2026-09-25"
"New releases week 41 2026","3OwN09P2K4lUmVaj735G6i","spotify:track:4GKdMFcNQ6iKaTYW3OnPAg","Naafiyo","AMADEUS","4UIkM1s2GA411ufzpCn0ya","sp:3aaWKHhYq5tqJzWwHD9Bl6","2026-09-25"
"New releases week 41 2026","3OwN09P2K4lUmVaj735G6i","spotify:track:27pfqrreM3L9ZFK3ykX98b","Kaayoo waay","AMADEUS, AK","4UIkM1s2GA411ufzpCn0ya|25clbjgTESPBVww3deqkaO","sp:3aaWKHhYq5tqJzWwHD9Bl6","2026-09-25"
"New releases week 41 2026","3OwN09P2K4lUmVaj735G6i","spotify:track:2UneFUppq951QmI7iJMl3X","Naxe mbaay","AMADEUS","4UIkM1s2GA411ufzpCn0ya","sp:3aaWKHhYq5tqJzWwHD9Bl6","2026-09-25"
"New releases week 41 2026","3OwN09P2K4lUmVaj735G6i","spotify:track:35uT9anxjqsAWEKfg0ohzG","Namm nama la","AMADEUS","4UIkM1s2GA411ufzpCn0ya","sp:3aaWKHhYq5tqJzWwHD9Bl6","2026-09-25"
"New releases week 41 2026","3OwN09P2K4lUmVaj735G6i","spotify:track:6PL8QtBDhRkYq9emuMQSbK","Ngëneel","AMADEUS","4UIkM1s2GA411ufzpCn0ya","sp:3aaWKHhYq5tqJzWwHD9Bl6","2026-09-25"
"New releases week 41 2026","3OwN09P2K4lUmVaj735G6i","spotify:track:3cJCo1r0SHvEFohVSTbTQR","Naa la","AMADEUS, Lil Dou","4UIkM1s2GA411ufzpCn0ya|49sK7ZZWeUS9D628xwvuIv","sp:3aaWKHhYq5tqJzWwHD9Bl6","2026-09-25"
"New releases week 41 2026","3OwN09P2K4lUmVaj735G6i","spotify:track:0EMU6qeRhoJ0lcpgk6OGIT","Jooy naa doy na","AMADEUS","4UIkM1s2GA411ufzpCn0ya","sp:3aaWKHhYq5tqJzWwHD9Bl6","2026-09-25"
"New releases week 41 2026","3OwN09P2K4lUmVaj735G6i","spotify:track:2EaWIkeZJ0s4ZUH9QyrA0T","Ginte walima","AMADEUS","4UIkM1s2GA411ufzpCn0ya","sp:3aaWKHhYq5tqJzWwHD9Bl6","2026-09-25"
"New releases week 41 2026","3OwN09P2K4lUmVaj735G6i","spotify:track:3xnNybMxMmlVj62RijXTmG","Bul ma seetaan","AMADEUS","4UIkM1s2GA411ufzpCn0ya","sp:3aaWKHhYq5tqJzWwHD9Bl6","2026-09-25"
"New releases week 41 2026","3OwN09P2K4lUmVaj735G6i","spotify:track:6mWffiCYKm0JsJcMnK7f4v","Blue","Thyra, Magnolia Road","1PsB5MlTLwu3fmb0QsDH9G|0ohhiFeKnm8jPsbFCWe24e","sp:6MIbCmrkCPYFvnrjKKUHCC","2026-09-25"
"New releases week 41 2026","3OwN09P2K4lUmVaj735G6i","spotify:track:1mG4Msbly5SYUS5Gyb2G9q","cool","Gabriela Bee","4z0EquFxDCtiHuPGiWDCq1","sp:3awUO2s7LsTdlx2OiHEqlX","2026-09-25"
"New releases week 41 2026","3OwN09P2K4lUmVaj735G6i","spotify:track:5XqiWrPbtpKSCGrnMtjDAj","just us","Gabriela Bee","4z0EquFxDCtiHuPGiWDCq1","sp:3awUO2s7LsTdlx2OiHEqlX","2026-09-25"
"New releases week 41 2026","3OwN09P2K4lUmVaj735G6i","spotify:track:2zomUGn2atJNCe9wXigZeI","hate 2 hate u","Gabriela Bee","4z0EquFxDCtiHuPGiWDCq1","sp:3awUO2s7LsTdlx2OiHEqlX","2026-09-25"
"New releases week 41 2026","3OwN09P2K4lUmVaj735G6i","spotify:track:2PcoohqH5mYhgweZpEY2Pm","17","Gabriela Bee","4z0EquFxDCtiHuPGiWDCq1","sp:3awUO2s7LsTdlx2OiHEqlX","2026-09-25"
"New releases week 41 2026","3OwN09P2K4lUmVaj735G6i","spotify:track:1ksGPSLtBqApzRT8NkFZXY","your time - moonlight version","Gabriela Bee","4z0EquFxDCtiHuPGiWDCq1","sp:3awUO2s7LsTdlx2OiHEqlX","2026-09-25"
"New releases week 41 2026","3OwN09P2K4lUmVaj735G6i","spotify:track:1TYQuY4X253r5Dr102oxaj","your time","Gabriela Bee","4z0EquFxDCtiHuPGiWDCq1","sp:3awUO2s7LsTdlx2OiHEqlX","2026-09-25"
"New releases week 41 2026","3OwN09P2K4lUmVaj735G6i","spotify:track:2oTMXiRwXpatkPvZ86KExy","Stranger Things","Kay Malik, Aaron Andrew","5IaEr6F07mcnxiMncoQIas|4wibsjsnXTvp6MDRifaxdC","sp:5bOyLEUXL9wvs3Pf7fCbTB","2026-09-25"
"New releases week 41 2026","3OwN09P2K4lUmVaj735G6i","spotify:track:3I9KhjtlajuSoCbeERJhBk","Next Mistake","Winona Oak, maye","3XC57xz74X3xUi1hv4mge1|5ti5FPHgtaSf15KcUisZMt","sp:1kIWnDOZRNewczALBxblcI","2026-09-25"
"New releases week 41 2026","3OwN09P2K4lUmVaj735G6i","spotify:track:3SJCPzghqLYqay5w1WU0M4","Tomorrow Tonight","Chris James","1PU4kQGbRVMSyvawEYEjFp","sp:1sqwcpFYpxcrgfbnRm5pFX","2026-09-25"
"New releases week 41 2026","3OwN09P2K4lUmVaj735G6i","spotify:track:6IFBvJNmmap8OXN3PUWYf8","Go On Easy","Philip Sheppard, Sleeping At Last","6qzi6mPoJU4cBlO76U1Il1|0MeLMJJcouYXCymQSHPn8g","sp:27MjR7vTmeOi5nBFvP3z53","2026-09-25"
"New releases week 41 2026","3OwN09P2K4lUmVaj735G6i","spotify:track:3zU9w0nwCm3YcVHjKPYeOE","Tell Me the Truth and I'll Believe it","Philip Sheppard, Sleeping At Last","6qzi6mPoJU4cBlO76U1Il1|0MeLMJJcouYXCymQSHPn8g","sp:27MjR7vTmeOi5nBFvP3z53","2026-09-25"
"New releases week 41 2026","3OwN09P2K4lUmVaj735G6i","spotify:track:31rBh8MHgELdAjNEByCzJH","Devil The Door","Isaac Butler","6WNQZiST6bmusWFp51hV7p","sp:6PhxZzb10bcV2Y1jvGninh","2026-09-25"
"New releases week 41 2026","3OwN09P2K4lUmVaj735G6i","spotify:track:0McFWtA8kgl5Y92yAuYgwC","Think Twice","Will Linley","3xnCBQeZDec3FFo8vUSt4N","sp:3H3dPvACFYGMDqLGdF8uB5","2026-09-25"
"New releases week 41 2026","3OwN09P2K4lUmVaj735G6i","spotify:track:0jLewn2nSD9nn1RpKmaaa1","Du bist immer bei mir - Offizieller helpiS Charity-Song","Patric Scott","0DOm3VLDtv0mzfkG1FqOH7","sp:3aVzKAWxhsWmNx1tqXz4ds","2026-09-25"
"New releases week 41 2026","3OwN09P2K4lUmVaj735G6i","spotify:track:6oqKQA2a6QlG3xXm8pwU1c","Risk","Lee Cole","6q2Zv0SpjeSMuDb2o1QBoB","sp:0nVzWD8r3APUDfbFQjc49s","2026-09-25"
"New releases week 41 2026","3OwN09P2K4lUmVaj735G6i","spotify:track:5SHWOkg6XjNLlK3gXXH6tB","IDO (Freestyle)","John Lucas","22Icm9ivOroKqMyPOXNBY6","sp:623zdaJOMFDeJf26ZUcqNS","2026-09-25"
"New releases week 41 2026","3OwN09P2K4lUmVaj735G6i","spotify:track:0AYnAOXb6EuqyKIJY22fPI","Stay, Pt. 1","Brothers Page, Miriam","3WEpQkwVA27jpSU3qzNyCA|3ut9GlZNfX5C8peFcdbkcF","sp:74370towI2g19O2AQn8KQc","2026-09-25"
"New releases week 41 2026","3OwN09P2K4lUmVaj735G6i","spotify:track:05uimJ6gaKzH0231vZ8leo","Stay, Pt. 2","Brothers Page, Miriam","3WEpQkwVA27jpSU3qzNyCA|3ut9GlZNfX5C8peFcdbkcF","sp:74370towI2g19O2AQn8KQc","2026-09-25"
"New releases week 41 2026","3OwN09P2K4lUmVaj735G6i","spotify:track:3qCrUO19nsqasYgvVaYCJv","Serotonin - DREYA V Remix","PNAU, Kurtis Wells, DREYA V","6n28c9qs9hNGriNa72b26u|2HOnhVnbETGW5Q9TVdZm0S|4EFAuQI8Ou0bmpf5Vh1P5P","sp:6uujU0fgPDOa6GIr8tfVI0","2026-09-25"
"New releases week 41 2026","3OwN09P2K4lUmVaj735G6i","spotify:track:5wr1JjEpMrOlipPWwrMmuC","Believe","Pentatonix","26AHtbjWKiwYzsoGoUZq53","sp:6ENjz6LscbxcTZLHTYtXFF","2026-09-25"
"New releases week 41 2026","3OwN09P2K4lUmVaj735G6i","spotify:track:0aqoxflc1PsRfsVreDduxw","Six Feet Under","Chris Yeh, Staarz","6iIz2PubHmXKfYIKu5WrbC|0bb1EZkY7SlcGKU9e5T9DL","sp:50oiigm5MwLEDPejM8Is3f","2026-09-25"
"New releases week 41 2026","3OwN09P2K4lUmVaj735G6i","spotify:track:4yq2Sjkw7TLafcxXpuiICx","Steel Town","Morgan Evans","6fzQ81ouajOEFqCIB9VwrS","sp:4XPpgtY2stYfvC9QpSVcEy","2026-09-25"
"New releases week 41 2026","3OwN09P2K4lUmVaj735G6i","spotify:track:3Vjk6kcbdT2oeK45Ew6EgB","Beer Back Home","Morgan Evans","6fzQ81ouajOEFqCIB9VwrS","sp:4XPpgtY2stYfvC9QpSVcEy","2026-09-25"
"New releases week 41 2026","3OwN09P2K4lUmVaj735G6i","spotify:track:3SyfBpnomL0MCXgz7BLCRW","Two Broken Hearts","Morgan Evans, Laci Kaye Booth","6fzQ81ouajOEFqCIB9VwrS|6Gd7wERviclMCCWOG8qVR4","sp:4XPpgtY2stYfvC9QpSVcEy","2026-09-25"
"New releases week 41 2026","3OwN09P2K4lUmVaj735G6i","spotify:track:06WImMJk1qaRlgOLAURL2M","Another Drink Coming","Morgan Evans","6fzQ81ouajOEFqCIB9VwrS","sp:4XPpgtY2stYfvC9QpSVcEy","2026-09-25"
"New releases week 41 2026","3OwN09P2K4lUmVaj735G6i","spotify:track:1ye2hw3YCEuGA9v1wK36hc","Back To Country","Morgan Evans, William Barton","6fzQ81ouajOEFqCIB9VwrS|25p0odX5tWrZUfcgQNLXT2","sp:4XPpgtY2stYfvC9QpSVcEy","2026-09-25"
"New releases week 41 2026","3OwN09P2K4lUmVaj735G6i","spotify:track:3ptsI7XjukFXuXCY7OZXGj","Land I Love","Morgan Evans, William Barton","6fzQ81ouajOEFqCIB9VwrS|25p0odX5tWrZUfcgQNLXT2","sp:4XPpgtY2stYfvC9QpSVcEy","2026-09-25"
"New releases week 41 2026","3OwN09P2K4lUmVaj735G6i","spotify:track:3yV1DNXG1uUFf94pR2MxAa","Forgiving You For Me","Morgan Evans","6fzQ81ouajOEFqCIB9VwrS","sp:4XPpgtY2stYfvC9QpSVcEy","2026-09-25"
"New releases week 41 2026","3OwN09P2K4lUmVaj735G6i","spotify:track:2k0bP6eyxPXvkg5ROLOoYb","Letting You Go","Morgan Evans","6fzQ81ouajOEFqCIB9VwrS","sp:4XPpgtY2stYfvC9QpSVcEy","2026-09-25"
"New releases week 41 2026","3OwN09P2K4lUmVaj735G6i","spotify:track:67SwFiP9cumTSfxnYeXzXa","She Talks About Texas","Morgan Evans","6fzQ81ouajOEFqCIB9VwrS","sp:4XPpgtY2stYfvC9QpSVcEy","2026-09-25"
"New releases week 41 2026","3OwN09P2K4lUmVaj735G6i","spotify:track:19zjP2DASx4eeS4tAKXlqg","The Farm","Morgan Evans","6fzQ81ouajOEFqCIB9VwrS","sp:4XPpgtY2stYfvC9QpSVcEy","2026-09-25"
"New releases week 41 2026","3OwN09P2K4lUmVaj735G6i","spotify:track:1hTEmaKkSrCy8KVRponiSE","Settle It Down","Morgan Evans","6fzQ81ouajOEFqCIB9VwrS","sp:4XPpgtY2stYfvC9QpSVcEy","2026-09-25"
"New releases week 41 2026","3OwN09P2K4lUmVaj735G6i","spotify:track:681XdgnL0vhBhNyDvIc58O","Ain’t Going Down (‘Til the Sun Comes Up)","Morgan Evans","6fzQ81ouajOEFqCIB9VwrS","sp:4XPpgtY2stYfvC9QpSVcEy","2026-09-25"
"New releases week 41 2026","3OwN09P2K4lUmVaj735G6i","spotify:track:57FYGVHrNApUV1hGY0xIqy","Forgiving You For Me","Morgan Evans, Jacob Raagaard","6fzQ81ouajOEFqCIB9VwrS|0mYUW5bnvwjQMmd7TKQ1hu","sp:4XPpgtY2stYfvC9QpSVcEy","2026-09-25"
"New releases week 41 2026","3OwN09P2K4lUmVaj735G6i","spotify:track:7LkvbKRMAOvxULmdM771Gd","Song For Mum","Morgan Evans","6fzQ81ouajOEFqCIB9VwrS","sp:4XPpgtY2stYfvC9QpSVcEy","2026-09-25"
"New releases week 41 2026","3OwN09P2K4lUmVaj735G6i","spotify:track:2zIxqP1eJcbdKhwfmKGSog","Steel Town (Knights Version)","Morgan Evans","6fzQ81ouajOEFqCIB9VwrS","sp:4XPpgtY2stYfvC9QpSVcEy","2026-09-25"
"New releases week 41 2026","3OwN09P2K4lUmVaj735G6i","spotify:track:58EcP4wBUwphVYrW4Dw8B0","Clair de Lune","The Piano Guys","0jW6R8CVyVohuUJVcuweDI","sp:3al4oWfy71W7UtlAa2tgtX","2026-09-25"
"New releases week 41 2026","3OwN09P2K4lUmVaj735G6i","spotify:track:0Apo1CvxPHRsXC6GTmqMys","I Will Always Love You","The Piano Guys","0jW6R8CVyVohuUJVcuweDI","sp:3al4oWfy71W7UtlAa2tgtX","2026-09-25"
"New releases week 41 2026","3OwN09P2K4lUmVaj735G6i","spotify:track:0XXCFFrSy17Hy8NV1UdsSg","Jesu Joy","The Piano Guys","0jW6R8CVyVohuUJVcuweDI","sp:3al4oWfy71W7UtlAa2tgtX","2026-09-25"
"New releases week 41 2026","3OwN09P2K4lUmVaj735G6i","spotify:track:12LXnVSTW3w3UUgpul5jHh","Shape Of My Heart","The Piano Guys","0jW6R8CVyVohuUJVcuweDI","sp:3al4oWfy71W7UtlAa2tgtX","2026-09-25"
"New releases week 41 2026","3OwN09P2K4lUmVaj735G6i","spotify:track:6ojcJ8G3UiinaHykb2IYty","Every Breath You Take","The Piano Guys","0jW6R8CVyVohuUJVcuweDI","sp:3al4oWfy71W7UtlAa2tgtX","2026-09-25"
"New releases week 41 2026","3OwN09P2K4lUmVaj735G6i","spotify:track:2VodFhGadKBFaMX2jfc2al","Last Time","The Piano Guys","0jW6R8CVyVohuUJVcuweDI","sp:3al4oWfy71W7UtlAa2tgtX","2026-09-25"
"New releases week 41 2026","3OwN09P2K4lUmVaj735G6i","spotify:track:4FM0iN0OO43stPabnUGYz4","River Flows In You","The Piano Guys, Eli Nelson","0jW6R8CVyVohuUJVcuweDI|2GCX5sWxp6ZdPZZcrMMky2","sp:3al4oWfy71W7UtlAa2tgtX","2026-09-25"
"New releases week 41 2026","3OwN09P2K4lUmVaj735G6i","spotify:track:0oidEsqcPuu9mXz8jZB4lG","What Was I Made For? - Piano Lullaby Version","The Piano Guys","0jW6R8CVyVohuUJVcuweDI","sp:3al4oWfy71W7UtlAa2tgtX","2026-09-25"
"New releases week 41 2026","3OwN09P2K4lUmVaj735G6i","spotify:track:2Vp0eJj1bWqyDYSSrPF0DD","You Are The Reason","The Piano Guys, Dallas String Quartet","0jW6R8CVyVohuUJVcuweDI|5vvlfKQdn6amTImsjy9Si5","sp:3al4oWfy71W7UtlAa2tgtX","2026-09-25"
"New releases week 41 2026","3OwN09P2K4lUmVaj735G6i","spotify:track:1qb7uYNJGIkVlE316aGvS7","Evening Prayer","The Piano Guys","0jW6R8CVyVohuUJVcuweDI","sp:3al4oWfy71W7UtlAa2tgtX","2026-09-25"
"New releases week 41 2026","3OwN09P2K4lUmVaj735G6i","spotify:track:6qXDxDsmDLz8eU22WXdtZG","All Good","The Piano Guys","0jW6R8CVyVohuUJVcuweDI","sp:3al4oWfy71W7UtlAa2tgtX","2026-09-25"
"New releases week 41 2026","3OwN09P2K4lUmVaj735G6i","spotify:track:3UCT1XBy8O9GTZLzl60zl0","Chopsticks Lullaby","The Piano Guys","0jW6R8CVyVohuUJVcuweDI","sp:3al4oWfy71W7UtlAa2tgtX","2026-09-25"
"New releases week 41 2026","3OwN09P2K4lUmVaj735G6i","spotify:track:7LKdaXuR2AwYRjBvSEZ16D","Før du går (feat. Sigrid Aase)","Odd Nordstoga, Sigrid Aase","64zdCzD7lOFBTIpQBSH8Uv|2mq4hucx5aRIPYrZbYgdYK","sp:2XBMQKnfg4KoeXupSMTvDO","2026-09-25"
"New releases week 41 2026","3OwN09P2K4lUmVaj735G6i","spotify:track:6vx7h9Og7Aa1nb1ktu6mdd","My Lover","Otto Knows","5fahUm8t5c0GIdeTq0ZaG8","sp:2dkcpo1bC9FGlTwLoasCz1","2026-09-25"
"New releases week 41 2026","3OwN09P2K4lUmVaj735G6i","spotify:track:1fCIXUcPNsSisUvgq2UDA9","Funny","Ingrid Michaelson","2vm8GdHyrJh2O2MfbQFYG0","sp:3zOcexIlOHXu7qrHsscub1","2026-09-25"
"New releases week 41 2026","3OwN09P2K4lUmVaj735G6i","spotify:track:4faHxt98lvOrv4InWwgR6U","Our Year","Tegan and Sara, Lights, Felix Cartal","5e1BZulIiYWPRm8yogwUYH|5pdyjBIaY5o1yOyexGIUc6|6roDXEmZ6AARdOUv6x5U2v","sp:2g1D6JBcSrCBMnj3eQOVft","2026-09-25"
"New releases week 41 2026","3OwN09P2K4lUmVaj735G6i","spotify:track:3SK0kTi3FMdhE3UTjV0DW3","The weight I carried home","Patricia","3dCsTLiJmqX9T50WYMuHJu","sp:5yLfepP4xminXMojWOvOSd","2026-09-25"
"New releases week 41 2026","3OwN09P2K4lUmVaj735G6i","spotify:track:5ySZ0mY7sbGy4hz5depPXA","Behind closed doors","Patricia","3dCsTLiJmqX9T50WYMuHJu","sp:6cwI5rLgh3n0wW8S2WjAUz","2026-09-25"
"New releases week 41 2026","3OwN09P2K4lUmVaj735G6i","spotify:track:5ybZYxdk9JsjTZgnn5iYkj","Nobody asked if I was tired","Patricia","3dCsTLiJmqX9T50WYMuHJu","sp:6KrT6blMJezjtm8sxznaaX","2026-09-25"
"New releases week 41 2026","3OwN09P2K4lUmVaj735G6i","spotify:track:1bhLaOf6FcxRF8O3c2uJMy","Love shouldn’t feel like this","Patricia","3dCsTLiJmqX9T50WYMuHJu","sp:4iw8sAtu3jwtSjYlSlK2m9","2026-09-25"
"New releases week 41 2026","3OwN09P2K4lUmVaj735G6i","spotify:track:1euSUkPJKqOsl4KLYXjsD2","I gave more than I had","Patricia","3dCsTLiJmqX9T50WYMuHJu","sp:7fMG3IIY10vUmu4SjtCb0V","2026-09-25"
"New releases week 41 2026","3OwN09P2K4lUmVaj735G6i","spotify:track:6YfPi2mvVFvkOLDqDfA82I","Send Shots - Jungle VIP","Rudimental, Original Koffee, Winny","4WN5naL3ofxrVBgFpguzKo|1gWjcmBsveEYMxOZ0VRi32|6QjsZEGqDMbzKvCdfFN5nz","sp:1FU1h5NSjNzHz3aAVmkm3i","2026-09-25"
"New releases week 41 2026","3OwN09P2K4lUmVaj735G6i","spotify:track:2OYjhIWpFx5puheEpP871C","Love Like This","Dylan And The Moon","3R5ofhh1bKZBJqbNWQmSKy","sp:2GxwdKOG7upnO0hLBS8oMK","2026-09-25"
"New releases week 41 2026","3OwN09P2K4lUmVaj735G6i","spotify:track:2bnRP8ZnMWjm2JEX1rWmKv","Like I Do","Dylan And The Moon","3R5ofhh1bKZBJqbNWQmSKy","sp:2GxwdKOG7upnO0hLBS8oMK","2026-09-25"
"New releases week 41 2026","3OwN09P2K4lUmVaj735G6i","spotify:track:269HlXeHPPwIzk9hTlET0h","Seasons Go","Dylan And The Moon","3R5ofhh1bKZBJqbNWQmSKy","sp:2GxwdKOG7upnO0hLBS8oMK","2026-09-25"
"New releases week 41 2026","3OwN09P2K4lUmVaj735G6i","spotify:track:3kt2JGFMFPfcwwIH5OCgUb","Whiskey","Dylan And The Moon","3R5ofhh1bKZBJqbNWQmSKy","sp:2GxwdKOG7upnO0hLBS8oMK","2026-09-25"
"New releases week 41 2026","3OwN09P2K4lUmVaj735G6i","spotify:track:1t3Nt4WMWnKgogBwriautC","Cursed To Love You","Dylan And The Moon","3R5ofhh1bKZBJqbNWQmSKy","sp:2GxwdKOG7upnO0hLBS8oMK","2026-09-25"
"New releases week 41 2026","3OwN09P2K4lUmVaj735G6i","spotify:track:43kpEErxwnMc1q0yDxgutE","City + Stars","Dylan And The Moon","3R5ofhh1bKZBJqbNWQmSKy","sp:2GxwdKOG7upnO0hLBS8oMK","2026-09-25"
"New releases week 41 2026","3OwN09P2K4lUmVaj735G6i","spotify:track:2wnblQuqobWaRXkTlBIiTd","The Rose","Dylan And The Moon","3R5ofhh1bKZBJqbNWQmSKy","sp:2GxwdKOG7upnO0hLBS8oMK","2026-09-25"
"New releases week 41 2026","3OwN09P2K4lUmVaj735G6i","spotify:track:3DFqPLvVQWpwoxSiM5uuLi","Almost Like I Miss You","Dylan And The Moon","3R5ofhh1bKZBJqbNWQmSKy","sp:2GxwdKOG7upnO0hLBS8oMK","2026-09-25"
"New releases week 41 2026","3OwN09P2K4lUmVaj735G6i","spotify:track:7uhCta5ibNE0bijYrFAfts","You'll Always Want The Moon","Dylan And The Moon","3R5ofhh1bKZBJqbNWQmSKy","sp:2GxwdKOG7upnO0hLBS8oMK","2026-09-25"
"New releases week 41 2026","3OwN09P2K4lUmVaj735G6i","spotify:track:4tVACv3zcfxSC4M1P43X9y","Some Kind Of High","NEIKED, Portugal. The Man","5H6xmHXjsq98NLbEjuE29f|4kI8Ie27vjvonwaB2ePh8T","sp:6prMnt4ighpUNRRqJU9Ofz","2026-09-25"
"New releases week 41 2026","3OwN09P2K4lUmVaj735G6i","spotify:track:3BqWynQV4F0s8D8Cr9gIJh","As Long as I Have You","Buddy Miller","6RwBVkrxTbbtS4bwxYQXcp","sp:2LIoZqY7laaZpaFcUZ720n","2026-09-25"
"New releases week 41 2026","3OwN09P2K4lUmVaj735G6i","spotify:track:1JNLQL4IlUJEYEhYuqw9lr","You Never Really Get Over It","Buddy Miller, Shawn Colvin","6RwBVkrxTbbtS4bwxYQXcp|0K7VN4aHxHcEb7PqkfoIVA","sp:2LIoZqY7laaZpaFcUZ720n","2026-09-25"
"New releases week 41 2026","3OwN09P2K4lUmVaj735G6i","spotify:track:2JpGMkyJcmRF1iGTq81Lum","Strange Desire","Buddy Miller, Jim Lauderdale","6RwBVkrxTbbtS4bwxYQXcp|0C6MCOqzlXMdX8Ij0mR6ct","sp:2LIoZqY7laaZpaFcUZ720n","2026-09-25"
"New releases week 41 2026","3OwN09P2K4lUmVaj735G6i","spotify:track:2XcRBxmDBvPPXdt2JO2WAr","Ruby Hang On","Buddy Miller, Regina McCrary","6RwBVkrxTbbtS4bwxYQXcp|1j15cX7LLOvmGq0O4Jf9V4","sp:2LIoZqY7laaZpaFcUZ720n","2026-09-25"
"New releases week 41 2026","3OwN09P2K4lUmVaj735G6i","spotify:track:5kKYMq0bDPidYP9sengBO7","Don’t Look Back","Buddy Miller, Dan Penn","6RwBVkrxTbbtS4bwxYQXcp|4Z8f0RlC4uuFPi8KD5JbvB","sp:2LIoZqY7laaZpaFcUZ720n","2026-09-25"
"New releases week 41 2026","3OwN09P2K4lUmVaj735G6i","spotify:track:2WD27ZIjTAtk8Q7yBikAJT","Not Enough Time to Change","Buddy Miller","6RwBVkrxTbbtS4bwxYQXcp","sp:2LIoZqY7laaZpaFcUZ720n","2026-09-25"
"New releases week 41 2026","3OwN09P2K4lUmVaj735G6i","spotify:track:4jPhxwZOckDYBKocdqqSdq","Losers’ Celebration","Buddy Miller","6RwBVkrxTbbtS4bwxYQXcp","sp:2LIoZqY7laaZpaFcUZ720n","2026-09-25"
"New releases week 41 2026","3OwN09P2K4lUmVaj735G6i","spotify:track:1st488Mu8PittaHSXuECCh","Lay Down the Burden of Your Heart","Buddy Miller, The War And Treaty","6RwBVkrxTbbtS4bwxYQXcp|6HhV0jtMMK5HYnYgG0xgtz","sp:2LIoZqY7laaZpaFcUZ720n","2026-09-25"
"New releases week 41 2026","3OwN09P2K4lUmVaj735G6i","spotify:track:6pj2J6rtab2rYogUHxKgjC","Stop Me","Buddy Miller, Lee Ann Womack","6RwBVkrxTbbtS4bwxYQXcp|738OS3zrCO782uDiUN9pet","sp:2LIoZqY7laaZpaFcUZ720n","2026-09-25"
"New releases week 41 2026","3OwN09P2K4lUmVaj735G6i","spotify:track:6b08zAJ8vXfDR1aFm2ydch","Till the Wheels Come Off","Buddy Miller, Ashley Monroe, Elizabeth Cook","6RwBVkrxTbbtS4bwxYQXcp|37BiX28I6pF104F92U1hDP|0dyEUZv8ftA0dzL5vb2Y9s","sp:2LIoZqY7laaZpaFcUZ720n","2026-09-25"
"New releases week 41 2026","3OwN09P2K4lUmVaj735G6i","spotify:track:6elExlCyFF9tYm6qomiZzY","The Inner Sanctum of God","Buddy Miller, Emmylou Harris, Larry Campbell, Teresa Williams","6RwBVkrxTbbtS4bwxYQXcp|5s6TJEuHTr9GR894wc6VfP|3H4hGe57907k53oCONU1ZR|1YkKoLSLa7lChvUaIKMNmS","sp:2LIoZqY7laaZpaFcUZ720n","2026-09-25"
"New releases week 41 2026","3OwN09P2K4lUmVaj735G6i","spotify:track:7vlzNQjrKxfX9I3Wgz95gF","Masterpiece in the Sand","Buddy Miller","6RwBVkrxTbbtS4bwxYQXcp","sp:2LIoZqY7laaZpaFcUZ720n","2026-09-25"
"New releases week 41 2026","3OwN09P2K4lUmVaj735G6i","spotify:track:3XP0SMt4lAmagLh8XH6Jz3","Nothing But A Child","Buddy Miller, Julie Miller","6RwBVkrxTbbtS4bwxYQXcp|1LpjGrgy09O2ElDMR3TDfu","sp:2LIoZqY7laaZpaFcUZ720n","2026-09-25"
"New releases week 41 2026","3OwN09P2K4lUmVaj735G6i","spotify:track:4B6IQkmFmPUgQUkgKIYsfy","On the Road to Bethlehem","Buddy Miller, Sarah Buxton","6RwBVkrxTbbtS4bwxYQXcp|2xTlb6eueddQmWsxImpDbP","sp:2LIoZqY7laaZpaFcUZ720n","2026-09-25"
"New releases week 41 2026","3OwN09P2K4lUmVaj735G6i","spotify:track:77mFfIFFW7TnPB08sFyPbp","Viktoria","Maria Mena","3rTRHzFfbTk5GL3LpYZGHR","sp:0BPubBEjcnIZ1NnYzHVQVe","2026-09-25"
"New releases week 41 2026","3OwN09P2K4lUmVaj735G6i","spotify:track:1zCbZSLlXUhGKORNgXaar2","Power Trip Ballad","Maria Mena","3rTRHzFfbTk5GL3LpYZGHR","sp:0BPubBEjcnIZ1NnYzHVQVe","2026-09-25"
"New releases week 41 2026","3OwN09P2K4lUmVaj735G6i","spotify:track:1L8pKmSdVohbHZmTI6dHhk","My Lullaby","Maria Mena","3rTRHzFfbTk5GL3LpYZGHR","sp:0BPubBEjcnIZ1NnYzHVQVe","2026-09-25"
"New releases week 41 2026","3OwN09P2K4lUmVaj735G6i","spotify:track:0qiO2jn0o7dasnUsdcFpxe","Fragile - Free","Maria Mena","3rTRHzFfbTk5GL3LpYZGHR","sp:0BPubBEjcnIZ1NnYzHVQVe","2026-09-25"
"New releases week 41 2026","3OwN09P2K4lUmVaj735G6i","spotify:track:1CTpTIZxtgdSjhcAxTu9gX","Shadow","Maria Mena","3rTRHzFfbTk5GL3LpYZGHR","sp:0BPubBEjcnIZ1NnYzHVQVe","2026-09-25"
"New releases week 41 2026","3OwN09P2K4lUmVaj735G6i","spotify:track:0315Koqyng9iGTvFyvPaP1","Eyesore","Maria Mena","3rTRHzFfbTk5GL3LpYZGHR","sp:0BPubBEjcnIZ1NnYzHVQVe","2026-09-25"
"New releases week 41 2026","3OwN09P2K4lUmVaj735G6i","spotify:track:0UwEoxywoYyF179n9Ihiqp","You're The Only One","Maria Mena","3rTRHzFfbTk5GL3LpYZGHR","sp:0BPubBEjcnIZ1NnYzHVQVe","2026-09-25"
"New releases week 41 2026","3OwN09P2K4lUmVaj735G6i","spotify:track:6cL1x4WDB5gGRh0nXevr6e","Just A Little Bit","Maria Mena","3rTRHzFfbTk5GL3LpYZGHR","sp:0BPubBEjcnIZ1NnYzHVQVe","2026-09-25"
"New releases week 41 2026","3OwN09P2K4lUmVaj735G6i","spotify:track:7oJ6wRFpEl958HrY38e5CI","It Took Me By Surprise","Maria Mena","3rTRHzFfbTk5GL3LpYZGHR","sp:0BPubBEjcnIZ1NnYzHVQVe","2026-09-25"
"New releases week 41 2026","3OwN09P2K4lUmVaj735G6i","spotify:track:3qOpzIvQIsHhOXXGV6jJW8","Art Of Forgiveness","Maria Mena","3rTRHzFfbTk5GL3LpYZGHR","sp:0BPubBEjcnIZ1NnYzHVQVe","2026-09-25"
"New releases week 41 2026","3OwN09P2K4lUmVaj735G6i","spotify:track:6Vwa2f75vVmMKkibV38iLs","Can't Let Him Win (feat. Molly Hammar)","Maria Mena, Molly Hammar","3rTRHzFfbTk5GL3LpYZGHR|4mh3iy6yf2oZYSiy2fdccM","sp:0BPubBEjcnIZ1NnYzHVQVe","2026-09-25"
"New releases week 41 2026","3OwN09P2K4lUmVaj735G6i","spotify:track:6OfYxXWSJDqlntdkMcbYDB","Not OK","Maria Mena","3rTRHzFfbTk5GL3LpYZGHR","sp:0BPubBEjcnIZ1NnYzHVQVe","2026-09-25"
"New releases week 41 2026","3OwN09P2K4lUmVaj735G6i","spotify:track:2KcqGbKzCIKmS6rD0GOkEN","Leaving You","Maria Mena","3rTRHzFfbTk5GL3LpYZGHR","sp:0BPubBEjcnIZ1NnYzHVQVe","2026-09-25"
"New releases week 41 2026","3OwN09P2K4lUmVaj735G6i","spotify:track:32wk1qL3sMgwk0SIWGOLII","Good God","Maria Mena","3rTRHzFfbTk5GL3LpYZGHR","sp:0BPubBEjcnIZ1NnYzHVQVe","2026-09-25"
"New releases week 41 2026","3OwN09P2K4lUmVaj735G6i","spotify:track:5RRgtcUqkBKL8zunzkbe1E","I Don't Wanna See You With Her","Maria Mena","3rTRHzFfbTk5GL3LpYZGHR","sp:0BPubBEjcnIZ1NnYzHVQVe","2026-09-25"
"New releases week 41 2026","3OwN09P2K4lUmVaj735G6i","spotify:track:0xV9YmpS135aW5kKWLmtVw","You Deserve Better","Maria Mena","3rTRHzFfbTk5GL3LpYZGHR","sp:0BPubBEjcnIZ1NnYzHVQVe","2026-09-25"
"New releases week 41 2026","3OwN09P2K4lUmVaj735G6i","spotify:track:5LZyaneKYwxvsVzrkVzve3","Growing Pains","Maria Mena","3rTRHzFfbTk5GL3LpYZGHR","sp:0BPubBEjcnIZ1NnYzHVQVe","2026-09-25"
"New releases week 41 2026","3OwN09P2K4lUmVaj735G6i","spotify:track:1aQAbNLLlwu65JF3pxkGwO","Habits (feat. Mads Langer)","Maria Mena, Mads Langer","3rTRHzFfbTk5GL3LpYZGHR|028xhPwqtWva4J0MkFHY2x","sp:0BPubBEjcnIZ1NnYzHVQVe","2026-09-25"
"New releases week 41 2026","3OwN09P2K4lUmVaj735G6i","spotify:track:3is6ZcjwMwSHW4XF5Klgtc","You Live And You Learn","Maria Mena","3rTRHzFfbTk5GL3LpYZGHR","sp:0BPubBEjcnIZ1NnYzHVQVe","2026-09-25"
"New releases week 41 2026","3OwN09P2K4lUmVaj735G6i","spotify:track:3YxaPWWLZbdj8lyYVcMH4E","All This Time - Pick-Me-Up-Song","Maria Mena","3rTRHzFfbTk5GL3LpYZGHR","sp:0BPubBEjcnIZ1NnYzHVQVe","2026-09-25"
"New releases week 41 2026","3OwN09P2K4lUmVaj735G6i","spotify:track:0lVwceIL4ITv4wi4Hgm8fK","Bonjour, Pardon, Merci (Bon Entendeur Remix)","Céline Dion, Bon Entendeur","4S9EykWXhStSc15wEx8QFK|2lwjwKfYZCuPEJOo8t32CD","sp:5IKxKYRH2WRehMSCBh8rn0","2026-09-25"
"New releases week 41 2026","3OwN09P2K4lUmVaj735G6i","spotify:track:47XWjDpf3JyAs6GIks6qIB","Superman (feat. Pontus)","Anis Don Demina","3WnmyxLdTHKN83h75tcb8P","sp:2g4pbtA9omzcd8zxvWF2O4","2026-09-25"
"New releases week 41 2026","3OwN09P2K4lUmVaj735G6i","spotify:track:6oivtFX28rYGXmritxchYv","Slow Down, Slow Down","Max McNown","340PS4ZcZ4UCBgyrXzEjcp","sp:1FOgMp0gqpG3UGcFxxgyhG","2026-09-25"
"New releases week 41 2026","3OwN09P2K4lUmVaj735G6i","spotify:track:2lYRIteNa6GHMES7tDiTyZ","First Born Daughter","Max McNown","340PS4ZcZ4UCBgyrXzEjcp","sp:1FOgMp0gqpG3UGcFxxgyhG","2026-09-25"
"New releases week 41 2026","3OwN09P2K4lUmVaj735G6i","spotify:track:58KiUGxJsLeAdaXm8kp0Et","Done For","Max McNown","340PS4ZcZ4UCBgyrXzEjcp","sp:1FOgMp0gqpG3UGcFxxgyhG","2026-09-25"
"New releases week 41 2026","3OwN09P2K4lUmVaj735G6i","spotify:track:0jPHpwHcOprhwzpDMUIh6l","Something to Someone","Max McNown","340PS4ZcZ4UCBgyrXzEjcp","sp:1FOgMp0gqpG3UGcFxxgyhG","2026-09-25"
"New releases week 41 2026","3OwN09P2K4lUmVaj735G6i","spotify:track:1lovaqOtpPF48HPv3PIblc","Selah's Song","Max McNown","340PS4ZcZ4UCBgyrXzEjcp","sp:1FOgMp0gqpG3UGcFxxgyhG","2026-09-25"
"New releases week 41 2026","3OwN09P2K4lUmVaj735G6i","spotify:track:4DnAKnE6nnrhxo0vndjhLp","World Change Me","Max McNown","340PS4ZcZ4UCBgyrXzEjcp","sp:1FOgMp0gqpG3UGcFxxgyhG","2026-09-25"
"New releases week 41 2026","3OwN09P2K4lUmVaj735G6i","spotify:track:2jgl9OAQJA9VihE8Bgja3z","Famous to You","Max McNown","340PS4ZcZ4UCBgyrXzEjcp","sp:1FOgMp0gqpG3UGcFxxgyhG","2026-09-25"
"New releases week 41 2026","3OwN09P2K4lUmVaj735G6i","spotify:track:4cgdJFZa78n6ex1jDCRJnQ","Same, Same Sun","Max McNown","340PS4ZcZ4UCBgyrXzEjcp","sp:1FOgMp0gqpG3UGcFxxgyhG","2026-09-25"
"New releases week 41 2026","3OwN09P2K4lUmVaj735G6i","spotify:track:7MpCwDnx6HhMQcleUX6arU","Isn't That Love?","Max McNown","340PS4ZcZ4UCBgyrXzEjcp","sp:1FOgMp0gqpG3UGcFxxgyhG","2026-09-25"
"New releases week 41 2026","3OwN09P2K4lUmVaj735G6i","spotify:track:2lJpXyZvOq0jpj2auJsOfc","Heart You Didn't Break","Max McNown","340PS4ZcZ4UCBgyrXzEjcp","sp:1FOgMp0gqpG3UGcFxxgyhG","2026-09-25"
"New releases week 41 2026","3OwN09P2K4lUmVaj735G6i","spotify:track:0cuAnldMMjx2nerm4dcpAy","Comets","Max McNown","340PS4ZcZ4UCBgyrXzEjcp","sp:1FOgMp0gqpG3UGcFxxgyhG","2026-09-25"
"New releases week 41 2026","3OwN09P2K4lUmVaj735G6i","spotify:track:5Vu1VEiysywYFDs5idsorY","Make My Peace","Max McNown","340PS4ZcZ4UCBgyrXzEjcp","sp:1FOgMp0gqpG3UGcFxxgyhG","2026-09-25"
"New releases week 41 2026","3OwN09P2K4lUmVaj735G6i","spotify:track:1kWF1hlug6xeqUkszZzNkG","Standstill (My My My)","Max McNown","340PS4ZcZ4UCBgyrXzEjcp","sp:1FOgMp0gqpG3UGcFxxgyhG","2026-09-25"
"New releases week 41 2026","3OwN09P2K4lUmVaj735G6i","spotify:track:4Gqtq6Ed0ppU5ugNO5Ut3W","Greatest Audience of All","Max McNown","340PS4ZcZ4UCBgyrXzEjcp","sp:1FOgMp0gqpG3UGcFxxgyhG","2026-09-25"
"New releases week 41 2026","3OwN09P2K4lUmVaj735G6i","spotify:track:3KmU9IV4BEFCJotqfEZzwM","The Way She Says Goodbye","Max McNown","340PS4ZcZ4UCBgyrXzEjcp","sp:1FOgMp0gqpG3UGcFxxgyhG","2026-09-25"
"New releases week 41 2026","3OwN09P2K4lUmVaj735G6i","spotify:track:6X2kNJf64w4qfEhtYsH9w8","Space for You","Max McNown","340PS4ZcZ4UCBgyrXzEjcp","sp:1FOgMp0gqpG3UGcFxxgyhG","2026-09-25"
"New releases week 41 2026","3OwN09P2K4lUmVaj735G6i","spotify:track:6G0Y9LhPtVatToObjkvEzH","The Room","Max McNown","340PS4ZcZ4UCBgyrXzEjcp","sp:1FOgMp0gqpG3UGcFxxgyhG","2026-09-25"
"New releases week 41 2026","3OwN09P2K4lUmVaj735G6i","spotify:track:7bDkxTKUbQZgQEbWqeTJYg","Stray Dogs","Nothing But Thieves","1kDGbuxWknIKx4FlgWxiSp","sp:4N31AIbwVZbbfDe48xbGnY","2026-09-25"
"New releases week 41 2026","3OwN09P2K4lUmVaj735G6i","spotify:track:7yYi1Wdv7pWn3j71Xm5H38","Testosterone","Nothing But Thieves","1kDGbuxWknIKx4FlgWxiSp","sp:4N31AIbwVZbbfDe48xbGnY","2026-09-25"
"New releases week 41 2026","3OwN09P2K4lUmVaj735G6i","spotify:track:16GfmImOqEHFDveUcjSNqI","Evolution","Nothing But Thieves","1kDGbuxWknIKx4FlgWxiSp","sp:4N31AIbwVZbbfDe48xbGnY","2026-09-25"
"New releases week 41 2026","3OwN09P2K4lUmVaj735G6i","spotify:track:6OcRTPovTu2qI1QEd2kUG8","Death in The Backseat","Nothing But Thieves","1kDGbuxWknIKx4FlgWxiSp","sp:4N31AIbwVZbbfDe48xbGnY","2026-09-25"
"New releases week 41 2026","3OwN09P2K4lUmVaj735G6i","spotify:track:4RPgsLbTlrpoLwXqEpkhQD","#5","Nothing But Thieves","1kDGbuxWknIKx4FlgWxiSp","sp:4N31AIbwVZbbfDe48xbGnY","2026-09-25"
"New releases week 41 2026","3OwN09P2K4lUmVaj735G6i","spotify:track:4DnN08WAlToWdDDT8cU8eC","If You Don't Have Someone to Love","Nothing But Thieves","1kDGbuxWknIKx4FlgWxiSp","sp:4N31AIbwVZbbfDe48xbGnY","2026-09-25"
"New releases week 41 2026","3OwN09P2K4lUmVaj735G6i","spotify:track:23LdgjVT8YUV5jYoAkquS2","(Archive 76)","Nothing But Thieves","1kDGbuxWknIKx4FlgWxiSp","sp:4N31AIbwVZbbfDe48xbGnY","2026-09-25"
"New releases week 41 2026","3OwN09P2K4lUmVaj735G6i","spotify:track:1Ym6oqqYntzeY820Wct7yZ","Baby Kool (Evelyn)","Nothing But Thieves","1kDGbuxWknIKx4FlgWxiSp","sp:4N31AIbwVZbbfDe48xbGnY","2026-09-25"
"New releases week 41 2026","3OwN09P2K4lUmVaj735G6i","spotify:track:69HBAxFqZvG26sE4H5mFgL","AI.Jesus","Nothing But Thieves","1kDGbuxWknIKx4FlgWxiSp","sp:4N31AIbwVZbbfDe48xbGnY","2026-09-25"
"New releases week 41 2026","3OwN09P2K4lUmVaj735G6i","spotify:track:2PDe9pgPDMFAgaNW02VMIo","I Needed You Then, I Need You Now","Nothing But Thieves","1kDGbuxWknIKx4FlgWxiSp","sp:4N31AIbwVZbbfDe48xbGnY","2026-09-25"
"New releases week 41 2026","3OwN09P2K4lUmVaj735G6i","spotify:track:6RCVKcDB0lYDgSW76QgqNy","American Confidence","Nothing But Thieves","1kDGbuxWknIKx4FlgWxiSp","sp:4N31AIbwVZbbfDe48xbGnY","2026-09-25"
"New releases week 41 2026","3OwN09P2K4lUmVaj735G6i","spotify:track:6t3HA4ckkjn4E8ZFWTP2ck","A Different Kind of Happiness","Nothing But Thieves","1kDGbuxWknIKx4FlgWxiSp","sp:4N31AIbwVZbbfDe48xbGnY","2026-09-25"
"New releases week 41 2026","3OwN09P2K4lUmVaj735G6i","spotify:track:78ap8cVfT0nzvyuVzVmgbo","Nothing Lasts Forever","ELIAN FROST","1nfeNQNeB602cdXvEemd5d","sp:1X1HkyQIzQET6xWpr4tNiz","2026-09-25"
"New releases week 41 2026","3OwN09P2K4lUmVaj735G6i","spotify:track:78jH79jfYRRITLLvyGEDJG","Tale of The Shadow","Sail North","0Gtv3Wi6jj0lW1Po5QbIGS","sp:6htNeeSygEVkWdRgDFNaEc","2026-09-25"
"New releases week 41 2026","3OwN09P2K4lUmVaj735G6i","spotify:track:6WqzjharMfTilqTxfLEG3j","Tale of The Shadow - Tavern Version","Sail North","0Gtv3Wi6jj0lW1Po5QbIGS","sp:6htNeeSygEVkWdRgDFNaEc","2026-09-25"
"New releases week 41 2026","3OwN09P2K4lUmVaj735G6i","spotify:track:6zFLOczSRdvEX7wDcfYOIK","Tale of The Shadow - Lullaby Version","Sail North","0Gtv3Wi6jj0lW1Po5QbIGS","sp:6htNeeSygEVkWdRgDFNaEc","2026-09-25"
"New releases week 41 2026","3OwN09P2K4lUmVaj735G6i","spotify:track:6Ebu3sKGxE1b7KoGLTZ1fs","Tale of The Shadow - Slowed Down","Sail North","0Gtv3Wi6jj0lW1Po5QbIGS","sp:6htNeeSygEVkWdRgDFNaEc","2026-09-25"
"New releases week 41 2026","3OwN09P2K4lUmVaj735G6i","spotify:track:2bJJslYxb13xCk7Y9XmN5g","The Healing Kind","Lee Ann Womack","738OS3zrCO782uDiUN9pet","sp:1CrAXbYdOTLodYEdkbd67T","2000-01-01"
"New releases week 41 2026","3OwN09P2K4lUmVaj735G6i","spotify:track:09k2b6shEz5Xd6cuo8DHWu","I Hope You Dance","Lee Ann Womack","738OS3zrCO782uDiUN9pet","sp:1CrAXbYdOTLodYEdkbd67T","2000-01-01"
"New releases week 41 2026","3OwN09P2K4lUmVaj735G6i","spotify:track:1yWbnN1U4ryLQWt8AeeAev","After I Fall","Lee Ann Womack","738OS3zrCO782uDiUN9pet","sp:1CrAXbYdOTLodYEdkbd67T","2000-01-01"
"New releases week 41 2026","3OwN09P2K4lUmVaj735G6i","spotify:track:6XyTVFvKjvLX7vHoFN5xDY","Stronger Than I Am","Lee Ann Womack","738OS3zrCO782uDiUN9pet","sp:1CrAXbYdOTLodYEdkbd67T","2000-01-01"
"New releases week 41 2026","3OwN09P2K4lUmVaj735G6i","spotify:track:1DIoVCmqIGdLTT3e5uEFeh","I Know Why The River Runs","Lee Ann Womack","738OS3zrCO782uDiUN9pet","sp:1CrAXbYdOTLodYEdkbd67T","2000-01-01"
"New releases week 41 2026","3OwN09P2K4lUmVaj735G6i","spotify:track:7D3uEX89dZQ8u3vVoLp8V1","Why They Call It Falling","Lee Ann Womack","738OS3zrCO782uDiUN9pet","sp:1CrAXbYdOTLodYEdkbd67T","2000-01-01"
"New releases week 41 2026","3OwN09P2K4lUmVaj735G6i","spotify:track:4dvwwCvffvsXrbRsPVLb8X","Ashes By Now","Lee Ann Womack","738OS3zrCO782uDiUN9pet","sp:1CrAXbYdOTLodYEdkbd67T","2000-01-01"
"New releases week 41 2026","3OwN09P2K4lUmVaj735G6i","spotify:track:7aTipy1yYFdHafr98cR2GO","Thinkin' With My Heart Again","Lee Ann Womack","738OS3zrCO782uDiUN9pet","sp:1CrAXbYdOTLodYEdkbd67T","2000-01-01"
"New releases week 41 2026","3OwN09P2K4lUmVaj735G6i","spotify:track:6KSpLbT5jwCNDxJX6xrD6j","I Feel Like I'm Forgetting Something","Lee Ann Womack","738OS3zrCO782uDiUN9pet","sp:1CrAXbYdOTLodYEdkbd67T","2000-01-01"
"New releases week 41 2026","3OwN09P2K4lUmVaj735G6i","spotify:track:2zUiP2s1UAKZsERxlzgsX2","Lonely Too","Lee Ann Womack","738OS3zrCO782uDiUN9pet","sp:1CrAXbYdOTLodYEdkbd67T","2000-01-01"
"New releases week 41 2026","3OwN09P2K4lUmVaj735G6i","spotify:track:0ffOPXyBUmkRoS0tqa03Up","Does My Ring Burn Your Finger","Lee Ann Womack","738OS3zrCO782uDiUN9pet","sp:1CrAXbYdOTLodYEdkbd67T","2000-01-01"
"New releases week 41 2026","3OwN09P2K4lUmVaj735G6i","spotify:track:6amtoOXigeQr7okE55c54g","Lord I Hope This Day Is Good","Lee Ann Womack","738OS3zrCO782uDiUN9pet","sp:1CrAXbYdOTLodYEdkbd67T","2000-01-01"
"New releases week 41 2026","3OwN09P2K4lUmVaj735G6i","spotify:track:3v9Yz5xgwkzwBXidkQvhwe","I Hope You Dance - BR Dance Remix Version","Lee Ann Womack","738OS3zrCO782uDiUN9pet","sp:1CrAXbYdOTLodYEdkbd67T","2000-01-01"
"New releases week 41 2026","3OwN09P2K4lUmVaj735G6i","spotify:track:6JiStBvQzXMieACGLGanhp","Best Day of Your Life","Jon Bryant","2gzH4rGNFJeNg13yv2uI4L","sp:1l4VjTJgODdprYzKaUvsfx","2026-09-25"
"New releases week 41 2026","3OwN09P2K4lUmVaj735G6i","spotify:track:4wrVAypuZAhGZn7N5bb7h6","Brand New Creation (Only God Can Do That)","Brett Stanfill, Kristian Stanfill","0irnxj800L0gXaMx3NNfkB|61fqRzZ9aHyPeTdUIqEEFx","sp:1OCg1bBEtm9JTCB3hMMVYu","2026-09-25"
"New releases week 41 2026","3OwN09P2K4lUmVaj735G6i","spotify:track:6U579f23jdIN2vFj9cmKgT","Human Enough","Donkeyboy","0UACE2nWl5uUyJRo1kIYQO","sp:2dyMc5445OvUMj9aqJGjpI","2026-09-25"
"New releases week 41 2026","3OwN09P2K4lUmVaj735G6i","spotify:track:3pbdHaj4jkqhQtBYQct7jZ","Favorite Color","Michael Sanzone","54LJoumlGbXHOSoC01aSYm","sp:3Ze9zZqfWzvkY3syykmLnX","2026-09-25"
"New releases week 41 2026","3OwN09P2K4lUmVaj735G6i","spotify:track:0vSRW74o1KpIlANStB5XAk","Again","Michael Sanzone","54LJoumlGbXHOSoC01aSYm","sp:3Ze9zZqfWzvkY3syykmLnX","2026-09-25"
"New releases week 41 2026","3OwN09P2K4lUmVaj735G6i","spotify:track:66kngdnZyYuM4xWqyvg8cS","Are You Okay","Michael Sanzone","54LJoumlGbXHOSoC01aSYm","sp:3Ze9zZqfWzvkY3syykmLnX","2026-09-25"
"New releases week 41 2026","3OwN09P2K4lUmVaj735G6i","spotify:track:0CDvYODPFGpX4NevJPGQ5c","Worth It","Michael Sanzone","54LJoumlGbXHOSoC01aSYm","sp:3Ze9zZqfWzvkY3syykmLnX","2026-09-25"
"New releases week 41 2026","3OwN09P2K4lUmVaj735G6i","spotify:track:7oBkaDnP2RFMt6vJ43JIrd","Letting You Go","Michael Sanzone","54LJoumlGbXHOSoC01aSYm","sp:3Ze9zZqfWzvkY3syykmLnX","2026-09-25"
"New releases week 41 2026","3OwN09P2K4lUmVaj735G6i","spotify:track:6yHqcwGe21HRNRKvLupbdY","Everything to Nothing","Michael Sanzone","54LJoumlGbXHOSoC01aSYm","sp:3Ze9zZqfWzvkY3syykmLnX","2026-09-25"
"New releases week 41 2026","3OwN09P2K4lUmVaj735G6i","spotify:track:7aMm23Qjl8QWagiIFCyN5d","Loveless","Kriss","4cYNdD57dymtoeIknCuDBh","sp:3Mwi4if2UvNZHhTBxV6CbK","2026-09-25"
"New releases week 41 2026","3OwN09P2K4lUmVaj735G6i","spotify:track:0DcCZcjNOduDewD1FkiTGP","All of my Friends Hate You","Kriss","4cYNdD57dymtoeIknCuDBh","sp:3Mwi4if2UvNZHhTBxV6CbK","2026-09-25"
"New releases week 41 2026","3OwN09P2K4lUmVaj735G6i","spotify:track:5tSsCjiJTakRR3TgyZuAgY","Inhumane Violence","Kriss","4cYNdD57dymtoeIknCuDBh","sp:3Mwi4if2UvNZHhTBxV6CbK","2026-09-25"
"New releases week 41 2026","3OwN09P2K4lUmVaj735G6i","spotify:track:00dr7BXS371DxjNpJve9jP","La Petite Mort","Kriss","4cYNdD57dymtoeIknCuDBh","sp:3Mwi4if2UvNZHhTBxV6CbK","2026-09-25"
"New releases week 41 2026","3OwN09P2K4lUmVaj735G6i","spotify:track:2BpLxK4LgCXA6qN23muWAV","Weak","Kriss","4cYNdD57dymtoeIknCuDBh","sp:3Mwi4if2UvNZHhTBxV6CbK","2026-09-25"
"New releases week 41 2026","3OwN09P2K4lUmVaj735G6i","spotify:track:0pR176If1vuK1yF6Ql3G5F","666","Kriss","4cYNdD57dymtoeIknCuDBh","sp:3Mwi4if2UvNZHhTBxV6CbK","2026-09-25"
"New releases week 41 2026","3OwN09P2K4lUmVaj735G6i","spotify:track:27um6Uk0o88zmywaQmrNNN","Even After Everything I Did for You?","Kriss","4cYNdD57dymtoeIknCuDBh","sp:3Mwi4if2UvNZHhTBxV6CbK","2026-09-25"
"New releases week 41 2026","3OwN09P2K4lUmVaj735G6i","spotify:track:4r6S0JPsSCJZbhzDSxGuTo","Unforgivable","Kriss","4cYNdD57dymtoeIknCuDBh","sp:3Mwi4if2UvNZHhTBxV6CbK","2026-09-25"
"New releases week 41 2026","3OwN09P2K4lUmVaj735G6i","spotify:track:4I30eXOKhGBmFxbRNhs2EU","Burning Rose","Kriss","4cYNdD57dymtoeIknCuDBh","sp:3Mwi4if2UvNZHhTBxV6CbK","2026-09-25"
"New releases week 41 2026","3OwN09P2K4lUmVaj735G6i","spotify:track:7BEI3fSel0cVEiXOVOua33","Lilith","Kriss","4cYNdD57dymtoeIknCuDBh","sp:3Mwi4if2UvNZHhTBxV6CbK","2026-09-25"
"New releases week 41 2026","3OwN09P2K4lUmVaj735G6i","spotify:track:7BBfVq5r3D03tK8UHO842y","Stained","Kriss","4cYNdD57dymtoeIknCuDBh","sp:3Mwi4if2UvNZHhTBxV6CbK","2026-09-25"
"New releases week 41 2026","3OwN09P2K4lUmVaj735G6i","spotify:track:5bVdzQpHdAQtAbNi1cDGkY","Worst Days","Kriss","4cYNdD57dymtoeIknCuDBh","sp:3Mwi4if2UvNZHhTBxV6CbK","2026-09-25"
"New releases week 41 2026","3OwN09P2K4lUmVaj735G6i","spotify:track:73ZOL6yzgnHYiFbdfs070B","Unloving","Kriss","4cYNdD57dymtoeIknCuDBh","sp:3Mwi4if2UvNZHhTBxV6CbK","2026-09-25"
"New releases week 41 2026","3OwN09P2K4lUmVaj735G6i","spotify:track:6Lr0yn5IEpvn519P1tSxX9","Another to Despise","Kriss","4cYNdD57dymtoeIknCuDBh","sp:3Mwi4if2UvNZHhTBxV6CbK","2026-09-25"
"New releases week 41 2026","3OwN09P2K4lUmVaj735G6i","spotify:track:6zDlNFqqJJKPY7OEiMySJ5","Bedrotting Eve","Kriss","4cYNdD57dymtoeIknCuDBh","sp:3Mwi4if2UvNZHhTBxV6CbK","2026-09-25"
"New releases week 41 2026","3OwN09P2K4lUmVaj735G6i","spotify:track:2l0XeMJ4pKy0xziZpPtWBn","50/50","Kriss","4cYNdD57dymtoeIknCuDBh","sp:3Mwi4if2UvNZHhTBxV6CbK","2026-09-25"
"New releases week 41 2026","3OwN09P2K4lUmVaj735G6i","spotify:track:5jrKwLfovROnlOfhxgCL3C","KOSZTUJE TO WIELE","KRISS","5saGiG6uupObbtKUBdHGKJ","sp:2h0N0W7HsXt5dYqyKhPcpk","2026-09-25"
"New releases week 41 2026","3OwN09P2K4lUmVaj735G6i","spotify:track:63SRrknHxasJetL0Jy0mqE","The Great and Glorious ME!","Endless Taverns","4J8rnLuoQLnT09osjqGsIr","sp:6w2RYEalNW4Xvmfph26vPc","2026-09-25"
"New releases week 41 2026","3OwN09P2K4lUmVaj735G6i","spotify:track:5V5PEIg4k7gSrLUJwA2bwI","Open Up Your Love","The Getaway","0fnrp32PaoZ4xOe53a5KSY","sp:1Si293v9FzEjyGiXMYG7HN","2026-09-25"
"New releases week 41 2026","3OwN09P2K4lUmVaj735G6i","spotify:track:3pwF9EoWMPVZWKshwqbVz7","in the name - with friends","Maddi Jane, CèJae, Eris Ford","6p0HFtE6QhdHNY1H4Nk0mo|15AlBadiR2gLPibtqELUH3|1zZDuiPTuQzsbXPj4N58G4","sp:2MxuUjt57exFGiSHcjlymr","2026-09-25"
"New releases week 41 2026","3OwN09P2K4lUmVaj735G6i","spotify:track:0d2OY2UYpHuWB8MIewnbRa","in the name","Maddi Jane","6p0HFtE6QhdHNY1H4Nk0mo","sp:2MxuUjt57exFGiSHcjlymr","2026-09-25"
"New releases week 41 2026","3OwN09P2K4lUmVaj735G6i","spotify:track:0G2jDzvZGwPxJqY7HSv3i5","Redwood Cathedral","Ed Prosek","6DchmKCVOKK707FCrLFFDW","sp:0GFIvq5bKnF41P9HwAbXX0","2026-09-25"
"New releases week 41 2026","3OwN09P2K4lUmVaj735G6i","spotify:track:4loWK0cptQ0pmekjIrhTUy","Care Less","Nomy","20bAxKr0YrCvceZeLqs37e","sp:6aJxXfpj9CuKPHfi2uoCAi","2026-09-25"
"New releases week 41 2026","3OwN09P2K4lUmVaj735G6i","spotify:track:3xdf18FdSfBcMBzNdKWlZp","Will She Fight - Duet Linus Wester","Nomy, Symphony Of Sweden","20bAxKr0YrCvceZeLqs37e|6AvBsDOrRn8rAdJdj3srdJ","sp:6aJxXfpj9CuKPHfi2uoCAi","2026-09-25"
"New releases week 41 2026","3OwN09P2K4lUmVaj735G6i","spotify:track:3hxVA9Oiz5m4E1znkD0xEO","Saviour","Nomy","20bAxKr0YrCvceZeLqs37e","sp:6aJxXfpj9CuKPHfi2uoCAi","2026-09-25"
"New releases week 41 2026","3OwN09P2K4lUmVaj735G6i","spotify:track:1TKFcocix3o8mrTUn4pfS7","D.Y.C.I.I.B","Nomy","20bAxKr0YrCvceZeLqs37e","sp:6aJxXfpj9CuKPHfi2uoCAi","2026-09-25"
"New releases week 41 2026","3OwN09P2K4lUmVaj735G6i","spotify:track:3sKARKnfQgMcamqLoh1rNN","In Jesus City 2","Nomy","20bAxKr0YrCvceZeLqs37e","sp:6aJxXfpj9CuKPHfi2uoCAi","2026-09-25"
"New releases week 41 2026","3OwN09P2K4lUmVaj735G6i","spotify:track:50EG3jy7uas1Ss3NPZQZHk","House of Diane","Nomy","20bAxKr0YrCvceZeLqs37e","sp:6aJxXfpj9CuKPHfi2uoCAi","2026-09-25"
"New releases week 41 2026","3OwN09P2K4lUmVaj735G6i","spotify:track:5yk3aiCJ0BqLkZjT9Lnc1F","Dreams and Lies","Nomy","20bAxKr0YrCvceZeLqs37e","sp:6aJxXfpj9CuKPHfi2uoCAi","2026-09-25"
"New releases week 41 2026","3OwN09P2K4lUmVaj735G6i","spotify:track:0YhATiio7EKXDrkfXHmkOf","Bad Days","Nomy","20bAxKr0YrCvceZeLqs37e","sp:6aJxXfpj9CuKPHfi2uoCAi","2026-09-25"
"New releases week 41 2026","3OwN09P2K4lUmVaj735G6i","spotify:track:1xzRMySOAlJdGs25LxyIjp","The Piano 2","Nomy","20bAxKr0YrCvceZeLqs37e","sp:6aJxXfpj9CuKPHfi2uoCAi","2026-09-25"
"New releases week 41 2026","3OwN09P2K4lUmVaj735G6i","spotify:track:7twAIFhMQIIEg5W8khKBEP","Will She Fight","Nomy","20bAxKr0YrCvceZeLqs37e","sp:6aJxXfpj9CuKPHfi2uoCAi","2026-09-25"
"New releases week 41 2026","3OwN09P2K4lUmVaj735G6i","spotify:track:0KhVy5uqaDqFSh7MigwCzh","Rolling in the Deep","Garnic","3MgJmPTPtbAPvxiFQHxEGi","sp:2kGdt3BEDeWDWsinzk32Z8","2026-09-25"
"New releases week 41 2026","3OwN09P2K4lUmVaj735G6i","spotify:track:7x3t7BZGQ2jccnF8WZwP2E","Rolling in the Deep - Sped Up","Garnic","3MgJmPTPtbAPvxiFQHxEGi","sp:2kGdt3BEDeWDWsinzk32Z8","2026-09-25"
"New releases week 41 2026","3OwN09P2K4lUmVaj735G6i","spotify:track:2JWlSlVlOUj2X9aiNLbDj2","Rolling in the Deep - Slowed","Garnic","3MgJmPTPtbAPvxiFQHxEGi","sp:2kGdt3BEDeWDWsinzk32Z8","2026-09-25"
"New releases week 41 2026","3OwN09P2K4lUmVaj735G6i","spotify:track:2nCm2DK0QgWIpdf6ietnVS","Rolling in the Deep - Ultra Slowed","Garnic","3MgJmPTPtbAPvxiFQHxEGi","sp:2kGdt3BEDeWDWsinzk32Z8","2026-09-25"
"New releases week 41 2026","3OwN09P2K4lUmVaj735G6i","spotify:track:5NQZOl2HcM9UmRv030JcgP","Dzieci we mgle","RAMZI, Evelin, S.Y.N.X","44pygMfvMkQZvXydDURjTu|1dm3WmZVXVdYDZvOoh2INh|7kBB7mHcvv0yLL9ak1RAy1","sp:06NYxyiMvaXkNmTPqq64CK","2026-09-25"
"New releases week 41 2026","3OwN09P2K4lUmVaj735G6i","spotify:track:1tWIQ6HgVTfQFD1f5WiiIc","Love = Art","Greczula","13NMzn27VInG00ibGr91Z4","sp:6BXl3jVVPoaoqPMqY4otjX","2026-09-25"
"New releases week 41 2026","3OwN09P2K4lUmVaj735G6i","spotify:track:5BUySoFeNfw17TwdaBIYAG","Cha Cha","Nick Edwards","7pvzDuJNa2J2ummvYLZnp1","sp:5PzceD85quNQvKIRRMBDcf","2026-09-25"
"New releases week 41 2026","3OwN09P2K4lUmVaj735G6i","spotify:track:1NhPr0nJvumoo1i2s72wBu","You Can't Make It On Your Own","Nick Edwards","7pvzDuJNa2J2ummvYLZnp1","sp:5PzceD85quNQvKIRRMBDcf","2026-09-25"
"New releases week 41 2026","3OwN09P2K4lUmVaj735G6i","spotify:track:6FxPcPlmcDfMcMpewHaE4W","Something I'll Outgrow","ISHAN","4bOSK7fslWnqp8M4YQRBzm","sp:0adH00jpPJhV4qjLDW6Ou7","2026-09-25"
"New releases week 41 2026","3OwN09P2K4lUmVaj735G6i","spotify:track:49jQnWM28aTfNztub85q1y","stupid song","Kidz Bop Kids","1Vvvx45Apu6dQqwuZQxtgW","sp:7LWygPODj4jav19XyL7EdB","2026-09-25"
"New releases week 41 2026","3OwN09P2K4lUmVaj735G6i","spotify:track:6P98N5o6u0ornasvKIITVQ","Way Out","Clay Aiken","13aBWT8LN4oNWWGFOu96MA","sp:3rSaToMclJnC2fw837ETZO","2026-09-25"
"New releases week 41 2026","3OwN09P2K4lUmVaj735G6i","spotify:track:6SukBvpgzDOCVReUeCv1zz","Brand New Eyes","Clay Aiken","13aBWT8LN4oNWWGFOu96MA","sp:3rSaToMclJnC2fw837ETZO","2026-09-25"
"New releases week 41 2026","3OwN09P2K4lUmVaj735G6i","spotify:track:1eIviUNnEmkwAL10hkdCae","What Comes Next","Clay Aiken","13aBWT8LN4oNWWGFOu96MA","sp:3rSaToMclJnC2fw837ETZO","2026-09-25"
"New releases week 41 2026","3OwN09P2K4lUmVaj735G6i","spotify:track:7jCof2ZQiTpj4NXOdZ5kVN","Time After Time","Clay Aiken","13aBWT8LN4oNWWGFOu96MA","sp:3rSaToMclJnC2fw837ETZO","2026-09-25"
"New releases week 41 2026","3OwN09P2K4lUmVaj735G6i","spotify:track:38ng5x5bKuFpdih1Ov0oea","Nothing Left To Lose","Clay Aiken","13aBWT8LN4oNWWGFOu96MA","sp:3rSaToMclJnC2fw837ETZO","2026-09-25"
"New releases week 41 2026","3OwN09P2K4lUmVaj735G6i","spotify:track:542lWzujZHY3m9qRZ6lSBZ","Rewind","Clay Aiken","13aBWT8LN4oNWWGFOu96MA","sp:3rSaToMclJnC2fw837ETZO","2026-09-25"
"New releases week 41 2026","3OwN09P2K4lUmVaj735G6i","spotify:track:0nIwDnkUJHK4QlCtmb6jDj","Look How Far We’ve Come","Clay Aiken","13aBWT8LN4oNWWGFOu96MA","sp:3rSaToMclJnC2fw837ETZO","2026-09-25"
"New releases week 41 2026","3OwN09P2K4lUmVaj735G6i","spotify:track:02nYWyFcs8ReIiBkC8LuLv","Simplified","Clay Aiken","13aBWT8LN4oNWWGFOu96MA","sp:3rSaToMclJnC2fw837ETZO","2026-09-25"
"New releases week 41 2026","3OwN09P2K4lUmVaj735G6i","spotify:track:5V2IZZoO8p054tU9tQd44V","Make Me Love You","Nickelback","6deZN1bslXzeGvOLaLMOIF","sp:02D1TfylQ6y4nrGBX6FR2c","2026-09-24"
"New releases week 41 2026","3OwN09P2K4lUmVaj735G6i","spotify:track:3Wlbsk4vpgKjOB43cwV67D","Leave Me Behind","Nickelback","6deZN1bslXzeGvOLaLMOIF","sp:02D1TfylQ6y4nrGBX6FR2c","2026-09-24"
"New releases week 41 2026","3OwN09P2K4lUmVaj735G6i","spotify:track:5NVNsU8pSykEC4UV9dT9eS","Rattle The Cage","Nickelback, John 5","6deZN1bslXzeGvOLaLMOIF|7mAqCk75DUBWgcC0sqhzwX","sp:02D1TfylQ6y4nrGBX6FR2c","2026-09-24"
"New releases week 41 2026","3OwN09P2K4lUmVaj735G6i","spotify:track:4GtTvkeqHn9yiBcIKmpjqf","Bones For The Crows","Nickelback","6deZN1bslXzeGvOLaLMOIF","sp:02D1TfylQ6y4nrGBX6FR2c","2026-09-24"
"New releases week 41 2026","3OwN09P2K4lUmVaj735G6i","spotify:track:3Y7CZz0Y0Vb6Jryk5NiqAo","Dirt Meets Grace","The Soulful Gentlemen","3M6UgRvHTQPAjBZVYbDDzU","sp:6LvuYDGmYsJGvl2x5tWXeL","2026-09-25"
"New releases week 41 2026","3OwN09P2K4lUmVaj735G6i","spotify:track:5gYqKNzGAp0PONAu9i306g","Underwater (Day 16)","Maia Hirasawa","2xtgYE7gox5t043BJWi7bd","sp:4lGGeJMJWIxdbiQ6Mq59Lr","2026-09-25"
"New releases week 41 2026","3OwN09P2K4lUmVaj735G6i","spotify:track:2FUXmYhDWkVZozu4N7Jbfl","Burn My Boat","Kenny Chesney","3grHWM9bx2E9vwJCdlRv9O","sp:0ESd1qZt6XOB3kbqiRlTuS","2026-09-25"
"New releases week 41 2026","3OwN09P2K4lUmVaj735G6i","spotify:track:0ELJS365w62h7pzCTqRmY2","Carry On","Kenny Chesney","3grHWM9bx2E9vwJCdlRv9O","sp:0ESd1qZt6XOB3kbqiRlTuS","2026-09-25"
"New releases week 41 2026","3OwN09P2K4lUmVaj735G6i","spotify:track:0n8GNBbihQYMU2uuP7NI85","Talkin' Dirt","Kenny Chesney","3grHWM9bx2E9vwJCdlRv9O","sp:0ESd1qZt6XOB3kbqiRlTuS","2026-09-25"
"New releases week 41 2026","3OwN09P2K4lUmVaj735G6i","spotify:track:2g1yfVfGiuOEu2RSWkHSGH","Goldfish","Kenny Chesney, Lily Meola","3grHWM9bx2E9vwJCdlRv9O|5WC6EbIrTO76x30w5LtzS6","sp:0ESd1qZt6XOB3kbqiRlTuS","2026-09-25"
"New releases week 41 2026","3OwN09P2K4lUmVaj735G6i","spotify:track:4qSD3IG0I0bpPwhXYXpD1T","Silver Sands Marina","Kenny Chesney","3grHWM9bx2E9vwJCdlRv9O","sp:0ESd1qZt6XOB3kbqiRlTuS","2026-09-25"
"New releases week 41 2026","3OwN09P2K4lUmVaj735G6i","spotify:track:7FqiywYL9ntgHjlddtMDUk","It Just Got Weird","Kenny Chesney, Megan Moroney","3grHWM9bx2E9vwJCdlRv9O|5Ppie0uPnbnvGBYRwYmlt0","sp:0ESd1qZt6XOB3kbqiRlTuS","2026-09-25"
"New releases week 41 2026","3OwN09P2K4lUmVaj735G6i","spotify:track:4oI8DVceQxckYvWqDxfiSK","Sad Casino","Kenny Chesney","3grHWM9bx2E9vwJCdlRv9O","sp:0ESd1qZt6XOB3kbqiRlTuS","2026-09-25"
"New releases week 41 2026","3OwN09P2K4lUmVaj735G6i","spotify:track:3r2AYBOCZX1IeLDvVnICvK","Shot A Car Into Space","Kenny Chesney","3grHWM9bx2E9vwJCdlRv9O","sp:0ESd1qZt6XOB3kbqiRlTuS","2026-09-25"
"New releases week 41 2026","3OwN09P2K4lUmVaj735G6i","spotify:track:3BZDakYGhC7ja1WHUbq86X","Remember Me That Way","Kenny Chesney","3grHWM9bx2E9vwJCdlRv9O","sp:0ESd1qZt6XOB3kbqiRlTuS","2026-09-25"
"New releases week 41 2026","3OwN09P2K4lUmVaj735G6i","spotify:track:0pMXN1SQoqPbh8U7F0ErrV","What We Got Going On","Kenny Chesney, Colbie Caillat","3grHWM9bx2E9vwJCdlRv9O|6aZyMrc4doVtZyKNilOmwu","sp:0ESd1qZt6XOB3kbqiRlTuS","2026-09-25"
"New releases week 41 2026","3OwN09P2K4lUmVaj735G6i","spotify:track:4ekKuiH5hnrEeuarF3eWO2","Shot Glass","Kenny Chesney","3grHWM9bx2E9vwJCdlRv9O","sp:0ESd1qZt6XOB3kbqiRlTuS","2026-09-25"
"New releases week 41 2026","3OwN09P2K4lUmVaj735G6i","spotify:track:5dtjsyAdGUBHXQIwcf6yGd","Hold Me (feat. Tomine Harket)","Morten Harket, Tomine Harket","08t5VdmH6cpxHXUmb9bFeP|6064pL9Hu3Wx2bwJMeOx6o","sp:2vtrWTwO0cNUKaaoY4OgXa","2026-09-25"
"New releases week 41 2026","3OwN09P2K4lUmVaj735G6i","spotify:track:5C03YvNRhqLRZnQCQ0Cf3z","Oversized Sweaters","Kaiak","3ib0ROvqntFv8PPQ2CIlso","sp:1QPJCq2rxxIo5UkCdNnn3r","2026-09-25"
"New releases week 41 2026","3OwN09P2K4lUmVaj735G6i","spotify:track:1YDTJbE653QXU2QNd0HPeS","Don in my city pt. 2","Jayy V Vondon, French Montana, Max B","3KZaiwa4POa0E96rL6GOS2|6vXTefBL93Dj5IqAWq6OTv|7f35VZGDpomj11PXdNn5D9","sp:4hizgLkzh9ANQ6ZuIaRyp1","2026-09-25"
"New releases week 41 2026","3OwN09P2K4lUmVaj735G6i","spotify:track:0Bgw9R0YDGLGjikc82Sm4t","Freak - Monocule Edit","Nicky Romero, Monocule","5ChF3i92IPZHduM7jN3dpg|0SURDCN1DbuW9STmuSHUaR","sp:3I651KgqCX30uPWAbP3eX2","2026-09-25"
"New releases week 41 2026","3OwN09P2K4lUmVaj735G6i","spotify:track:3GaMm6i7kLpdrg81pyGVkd","Freak - Monocule Extended Edit","Nicky Romero, Monocule","5ChF3i92IPZHduM7jN3dpg|0SURDCN1DbuW9STmuSHUaR","sp:3I651KgqCX30uPWAbP3eX2","2026-09-25"
"New releases week 41 2026","3OwN09P2K4lUmVaj735G6i","spotify:track:0LaPSI43s7tNDQ4ahHp7nf","WHATCHA GUNNA DO?!","Courtney Hadwin","2pQIRauKVBZQxClh5xMptX","sp:7vz1QPRilayuMyqPTxXXSS","2026-09-25"
"New releases week 41 2026","3OwN09P2K4lUmVaj735G6i","spotify:track:12GA1vVDSCMEZ1MmpeeMeu","Drink Things Through","Josh Ross","1ZGTSMjK1D2HrpPTOh916U","sp:5c99X6OCf482Ltytfiz6tj","2026-09-25"
"New releases week 41 2026","3OwN09P2K4lUmVaj735G6i","spotify:track:5dSbIYcR7w5nIncjhEfXwp","Returning To Myself","Brandi Carlile","2sG4zTOLvjKG1PSoOyf5Ej","sp:0XxNrO1OVqVBQdPoXz8pdz","2026-09-25"
"New releases week 41 2026","3OwN09P2K4lUmVaj735G6i","spotify:track:2V8U9WkBPj0lznwoZtiDV9","Human","Brandi Carlile","2sG4zTOLvjKG1PSoOyf5Ej","sp:0XxNrO1OVqVBQdPoXz8pdz","2026-09-25"
"New releases week 41 2026","3OwN09P2K4lUmVaj735G6i","spotify:track:26jedeuZgiOsvmCOGAsv5e","A Woman Oversees","Brandi Carlile","2sG4zTOLvjKG1PSoOyf5Ej","sp:0XxNrO1OVqVBQdPoXz8pdz","2026-09-25"
"New releases week 41 2026","3OwN09P2K4lUmVaj735G6i","spotify:track:4jH4ezpwNv9MUxD0pJyMbv","A War With Time","Brandi Carlile","2sG4zTOLvjKG1PSoOyf5Ej","sp:0XxNrO1OVqVBQdPoXz8pdz","2026-09-25"
"New releases week 41 2026","3OwN09P2K4lUmVaj735G6i","spotify:track:7egktGJ4Ag0xx4ZaOFafp0","Anniversary","Brandi Carlile","2sG4zTOLvjKG1PSoOyf5Ej","sp:0XxNrO1OVqVBQdPoXz8pdz","2026-09-25"
"New releases week 41 2026","3OwN09P2K4lUmVaj735G6i","spotify:track:3kdZmDg1e4QOiY9BkZMuN9","Church & State","Brandi Carlile","2sG4zTOLvjKG1PSoOyf5Ej","sp:0XxNrO1OVqVBQdPoXz8pdz","2026-09-25"
"New releases week 41 2026","3OwN09P2K4lUmVaj735G6i","spotify:track:5u98FOkwwDYAJCAmw7fa29","Joni","Brandi Carlile","2sG4zTOLvjKG1PSoOyf5Ej","sp:0XxNrO1OVqVBQdPoXz8pdz","2026-09-25"
"New releases week 41 2026","3OwN09P2K4lUmVaj735G6i","spotify:track:4ma26FANiuRRo31Praspns","You Without Me","Brandi Carlile","2sG4zTOLvjKG1PSoOyf5Ej","sp:0XxNrO1OVqVBQdPoXz8pdz","2026-09-25"
"New releases week 41 2026","3OwN09P2K4lUmVaj735G6i","spotify:track:5rA6phTocYGASmSjRliM9O","No One Knows Us","Brandi Carlile","2sG4zTOLvjKG1PSoOyf5Ej","sp:0XxNrO1OVqVBQdPoXz8pdz","2026-09-25"
"New releases week 41 2026","3OwN09P2K4lUmVaj735G6i","spotify:track:5rgb1yAGu6Z8HKGTh9rJH1","A Long Goodbye","Brandi Carlile","2sG4zTOLvjKG1PSoOyf5Ej","sp:0XxNrO1OVqVBQdPoXz8pdz","2026-09-25"
"New releases week 41 2026","3OwN09P2K4lUmVaj735G6i","spotify:track:2FFbxwKAghOqRy0XW0vBhY","Human (feat. Jon Hopkins) - Sad Gay Version","Brandi Carlile, Jon Hopkins","2sG4zTOLvjKG1PSoOyf5Ej|7yxi31szvlbwvKq9dYOmFI","sp:0XxNrO1OVqVBQdPoXz8pdz","2026-09-25"
"New releases week 41 2026","3OwN09P2K4lUmVaj735G6i","spotify:track:1Xg8yxC2tAh3pNcLTKB7Sw","Returning To Myself - Sad Gay Version","Brandi Carlile","2sG4zTOLvjKG1PSoOyf5Ej","sp:0XxNrO1OVqVBQdPoXz8pdz","2026-09-25"
"New releases week 41 2026","3OwN09P2K4lUmVaj735G6i","spotify:track:1HGE20D0Zpq3nBPXhTSxQU","You Without Me - Sad Gay Version","Brandi Carlile","2sG4zTOLvjKG1PSoOyf5Ej","sp:0XxNrO1OVqVBQdPoXz8pdz","2026-09-25"
"New releases week 41 2026","3OwN09P2K4lUmVaj735G6i","spotify:track:0eR1kKRLkbqxXSHYqEynfq","No One Knows Us - Sad Gay Version","Brandi Carlile","2sG4zTOLvjKG1PSoOyf5Ej","sp:0XxNrO1OVqVBQdPoXz8pdz","2026-09-25"
"New releases week 41 2026","3OwN09P2K4lUmVaj735G6i","spotify:track:6jHr0sL1wjfUMsBOTBFPDo","Anniversary - Sad Gay Version","Brandi Carlile","2sG4zTOLvjKG1PSoOyf5Ej","sp:0XxNrO1OVqVBQdPoXz8pdz","2026-09-25"
"New releases week 41 2026","3OwN09P2K4lUmVaj735G6i","spotify:track:4riLtwdmOdW1JYAdOahHrH","And So It Goes - Sad Gay Version","Brandi Carlile","2sG4zTOLvjKG1PSoOyf5Ej","sp:0XxNrO1OVqVBQdPoXz8pdz","2026-09-25"
"New releases week 41 2026","3OwN09P2K4lUmVaj735G6i","spotify:track:5aAM28yAEslhJ8XacgJv0V","A Woman Oversees - Sad Gay Version","Brandi Carlile","2sG4zTOLvjKG1PSoOyf5Ej","sp:0XxNrO1OVqVBQdPoXz8pdz","2026-09-25"
"New releases week 41 2026","3OwN09P2K4lUmVaj735G6i","spotify:track:27UKOitULj2rvgsxPp7bmd","Church & State - Sad Gay Version","Brandi Carlile","2sG4zTOLvjKG1PSoOyf5Ej","sp:0XxNrO1OVqVBQdPoXz8pdz","2026-09-25"
"New releases week 41 2026","3OwN09P2K4lUmVaj735G6i","spotify:track:4wgRaEwlpltsUvCk8e1Vui","A War With Time - Sad Gay Version","Brandi Carlile","2sG4zTOLvjKG1PSoOyf5Ej","sp:0XxNrO1OVqVBQdPoXz8pdz","2026-09-25"
"New releases week 41 2026","3OwN09P2K4lUmVaj735G6i","spotify:track:1CBE4KNRA4vlw7JM4yN7be","Joni - Sad Gay Version","Brandi Carlile","2sG4zTOLvjKG1PSoOyf5Ej","sp:0XxNrO1OVqVBQdPoXz8pdz","2026-09-25"
"New releases week 41 2026","3OwN09P2K4lUmVaj735G6i","spotify:track:43PIJ78t16hksFPkpiR61x","A Long Goodbye - Sad Gay Version","Brandi Carlile","2sG4zTOLvjKG1PSoOyf5Ej","sp:0XxNrO1OVqVBQdPoXz8pdz","2026-09-25"
"New releases week 41 2026","3OwN09P2K4lUmVaj735G6i","spotify:track:6U33gXMStxPwny6SWpQgxF","Kick","MŌRIAH","1w0QYx2G0ywsCClH84FcAv","sp:2SIVxEedVE67sDTQZp3e1M","2026-09-25"
"New releases week 41 2026","3OwN09P2K4lUmVaj735G6i","spotify:track:3o1qlbxthIlkTCrg8ynLzo","Slow Fire","Sean McConnell","42N7nSYb8pRmVpBpkLSHVC","sp:2VLdVCo0DwPH6IMrYYX3Ft","2026-09-25"
"New releases week 41 2026","3OwN09P2K4lUmVaj735G6i","spotify:track:2phK2DODkclRLEjSwx0Tpc","People Are Good (The Dolly Song)","Olivia Rudeen","2iQwAqrlg3vD9E8rgAX5R4","sp:4MlTF2CWnGLweovsY5rF5g","2026-09-25"
"New releases week 41 2026","3OwN09P2K4lUmVaj735G6i","spotify:track:03hPC8kJyC2wClD5zmJsvp","Send Me","Ryan Ofei, Lecrae, Aaron Cole","1pQ5oAMGcFhkkuLqGJQUCd|1CFCsEqKrCyvAFKOATQHiW|0OQ8y7heASb1vEX5WXvjCr","sp:0Jd3zAnOBkI3DHBzk472xx","2026-09-25"
"New releases week 41 2026","3OwN09P2K4lUmVaj735G6i","spotify:track:3qno8EEL8cobyuaDGVxdI4","Gonna Make Heaven Crowded","Jonny Houlihan","1qU42wkaU38Cskh90z3Y6c","sp:65UvlQSfn50B172wenfRof","2026-09-25"
"New releases week 41 2026","3OwN09P2K4lUmVaj735G6i","spotify:track:4igSnGTMJBvHA2sWeqprMf","In The Eye Of The Storm","Jonny Houlihan","1qU42wkaU38Cskh90z3Y6c","sp:65UvlQSfn50B172wenfRof","2026-09-25"
"New releases week 41 2026","3OwN09P2K4lUmVaj735G6i","spotify:track:0InmDlHN0aIPG1z0T6ZaQN","Scars And Sins","Jonny Houlihan","1qU42wkaU38Cskh90z3Y6c","sp:65UvlQSfn50B172wenfRof","2026-09-25"
"New releases week 41 2026","3OwN09P2K4lUmVaj735G6i","spotify:track:06xbSEVcD3hWOxNgXftx3D","Lead My Steps","Jonny Houlihan","1qU42wkaU38Cskh90z3Y6c","sp:65UvlQSfn50B172wenfRof","2026-09-25"
"New releases week 41 2026","3OwN09P2K4lUmVaj735G6i","spotify:track:1lAbiuZqDZWBbFvqiGmzGU","The Narrow Road","Jonny Houlihan","1qU42wkaU38Cskh90z3Y6c","sp:65UvlQSfn50B172wenfRof","2026-09-25"
"New releases week 41 2026","3OwN09P2K4lUmVaj735G6i","spotify:track:4M73J0UrH6sGzB0PRgKjUa","Audience Of One","Jonny Houlihan","1qU42wkaU38Cskh90z3Y6c","sp:65UvlQSfn50B172wenfRof","2026-09-25"
"New releases week 41 2026","3OwN09P2K4lUmVaj735G6i","spotify:track:71mqsqmuDCX3P3cE1DppuI","Faithful Through It All","Jonny Houlihan","1qU42wkaU38Cskh90z3Y6c","sp:65UvlQSfn50B172wenfRof","2026-09-25"
"New releases week 41 2026","3OwN09P2K4lUmVaj735G6i","spotify:track:1umEWrhLoOFgd9IaRWlDWl","Hold On (God Knows What He's Doing)","Jonny Houlihan","1qU42wkaU38Cskh90z3Y6c","sp:65UvlQSfn50B172wenfRof","2026-09-25"
"New releases week 41 2026","3OwN09P2K4lUmVaj735G6i","spotify:track:4sdgePzF7TqH2pVBUpHvio","I Am Free","Jonny Houlihan","1qU42wkaU38Cskh90z3Y6c","sp:65UvlQSfn50B172wenfRof","2026-09-25"
"New releases week 41 2026","3OwN09P2K4lUmVaj735G6i","spotify:track:6yc1pzEVQKl8A9Dtfe7Fmj","Be Still","Jonny Houlihan","1qU42wkaU38Cskh90z3Y6c","sp:65UvlQSfn50B172wenfRof","2026-09-25"
"New releases week 41 2026","3OwN09P2K4lUmVaj735G6i","spotify:track:36jrWyqqr1FykoewSySTQp","I Need Saving","Jonny Houlihan","1qU42wkaU38Cskh90z3Y6c","sp:65UvlQSfn50B172wenfRof","2026-09-25"
"New releases week 41 2026","3OwN09P2K4lUmVaj735G6i","spotify:track:1tGLBrgUlNFsfpmj06TN4l","Nails","Jonny Houlihan","1qU42wkaU38Cskh90z3Y6c","sp:65UvlQSfn50B172wenfRof","2026-09-25"
"New releases week 41 2026","3OwN09P2K4lUmVaj735G6i","spotify:track:6OUNljMwQ2T1Q3l3X3HgPh","You Are Still God","Jonny Houlihan","1qU42wkaU38Cskh90z3Y6c","sp:65UvlQSfn50B172wenfRof","2026-09-25"
"New releases week 41 2026","3OwN09P2K4lUmVaj735G6i","spotify:track:0b0pODyJ71mo9D4UBnZYrU","You Make The Mountains Move","Jonny Houlihan","1qU42wkaU38Cskh90z3Y6c","sp:65UvlQSfn50B172wenfRof","2026-09-25"
"New releases week 41 2026","3OwN09P2K4lUmVaj735G6i","spotify:track:03gv5BOAc4bguGEM0NPKAB","On The Way Down","Jonny Houlihan","1qU42wkaU38Cskh90z3Y6c","sp:65UvlQSfn50B172wenfRof","2026-09-25"
"New releases week 41 2026","3OwN09P2K4lUmVaj735G6i","spotify:track:2dtRXZx1bGsXyzYEi7vgRf","Thank You For Loving Me Jesus","Jonny Houlihan","1qU42wkaU38Cskh90z3Y6c","sp:65UvlQSfn50B172wenfRof","2026-09-25"
"New releases week 41 2026","3OwN09P2K4lUmVaj735G6i","spotify:track:095yXCwf3apYq0VCUzxprx","Put Us On Ice","Jonny Houlihan, Javi Monroe, Bella Paz","1qU42wkaU38Cskh90z3Y6c|5Ml5yjy5CNk3UTKXzlbi5D|4msYxHQc64GScDeG8Q5njb","sp:46b8sf1AdbMidLcQwQJBKa","2026-09-25"
"New releases week 41 2026","3OwN09P2K4lUmVaj735G6i","spotify:track:6JNWX4Kjt8WKnU30x8rEIN","Free","Tim Halperin","3nVeK8gQChVtVCCjGreal2","sp:4eOYnfslpCS3nnMtpQ2mR1","2026-09-25"
"New releases week 41 2026","3OwN09P2K4lUmVaj735G6i","spotify:track:0Tk6v0dcnbsOVYJZwMqGaX","TOXIC (DIVA)","Jethro","39uUFDSRAn5tznJYp3SCg2","sp:5s3HRMZLqv0c8rA8QJFExp","2026-09-25"
"New releases week 41 2026","3OwN09P2K4lUmVaj735G6i","spotify:track:2iM9DmvLXyLMWyj9O0UMc8","CLASSIC","Nico Santos","3A9B6c1CrSPauiOblw7pWz","sp:5l76QUo32q9FcbzeF9nsaJ","2026-09-25"
"New releases week 41 2026","3OwN09P2K4lUmVaj735G6i","spotify:track:4Tu2JhHKJhcvx9CokSQQsD","learn to love again","Nico Santos","3A9B6c1CrSPauiOblw7pWz","sp:5l76QUo32q9FcbzeF9nsaJ","2026-09-25"
"New releases week 41 2026","3OwN09P2K4lUmVaj735G6i","spotify:track:4aCuHH1RgAocDJRRbnIB5s","Take A Bow","Gareth Dunlop","20wLNsNYfXIbH8QPdqS4dz","sp:1YoHDZZeBfD6wx9LcLpPOX","2026-09-25"
"New releases week 41 2026","3OwN09P2K4lUmVaj735G6i","spotify:track:5UQTcnN8pJXmyH9LiGV1q7","...Baby One More Time","ANTH","4wfMyaoM1U8nnEvdI8BZnC","sp:7nmCnvpMuZTnmmok3bIn6J","2026-09-25"
"New releases week 41 2026","3OwN09P2K4lUmVaj735G6i","spotify:track:0zadK0VLuy6euCMqVW8d5j","Clear blue skies","Midnight Hour, nomar.wav","6UFBs0ELMi8M2SewSY3Zs5|4Vzivc0fUec8FO2BxUuvcO","sp:7yXsQwkJG94tqckdYJ9IKO","2026-09-25"
"New releases week 41 2026","3OwN09P2K4lUmVaj735G6i","spotify:track:0GBIruvIhleCfVPB1RhIg4","82 Chevy","Dasha","7Ez6lTtSMjMf2YSYpukP1I","sp:7lpvYU3X8W9Ts0i1eVU4U1","2026-09-25"
"New releases week 41 2026","3OwN09P2K4lUmVaj735G6i","spotify:track:3ZVNAnhDjk8GhTeFzaRjsp","Min bydel","Julie Bergan","2Tg0aF5cbZktYFzgR1iAKv","sp:6QD6LxjIh19Qeml8vF0n5H","2026-09-25"
"New releases week 41 2026","3OwN09P2K4lUmVaj735G6i","spotify:track:7qJB5XeBIs7CsRrDue8mhH","La Marmotte","Truls","5b9N3srQrmyRhKr3jtelpM","sp:60cTtXS2tEv16e5YZbFEyM","2026-09-25"
"New releases week 41 2026","3OwN09P2K4lUmVaj735G6i","spotify:track:43REWFSW0NADFNTXcua1QY","Walkover","Truls","5b9N3srQrmyRhKr3jtelpM","sp:60cTtXS2tEv16e5YZbFEyM","2026-09-25"
"New releases week 41 2026","3OwN09P2K4lUmVaj735G6i","spotify:track:3pd4j3vcLAvjJFw2ijxTMx","Konstgjord Andning","Dom Första, Niello","10uLT8GVnmWiYqegEwaO70|3oKLD3PuOc20nNDoSCKDY7","sp:08mcQrbpnUx1IWwVRBOREr","2026-09-25"
"New releases week 41 2026","3OwN09P2K4lUmVaj735G6i","spotify:track:58nqob2agqkRve7hVBdiwy","Love Me","Matthew Mole","1LfnIuggAY5qQdS4sP1K86","sp:4ovRtMDIWP2uEYADpUNava","2026-09-25"
"New releases week 41 2026","3OwN09P2K4lUmVaj735G6i","spotify:track:2t40FXmZIpjqTXxLhhL3MW","On My Team - Cassette Version","Matthew Mole","1LfnIuggAY5qQdS4sP1K86","sp:4ovRtMDIWP2uEYADpUNava","2026-09-25"
"New releases week 41 2026","3OwN09P2K4lUmVaj735G6i","spotify:track:74PpV9K3B9sDk7APo2P6xZ","Lost In Your Eyes - Demo","Matthew Mole","1LfnIuggAY5qQdS4sP1K86","sp:4ovRtMDIWP2uEYADpUNava","2026-09-25"
"New releases week 41 2026","3OwN09P2K4lUmVaj735G6i","spotify:track:3yoMywJaOOlLAolft6y25T","Beginning of the End","Abbey Cone","1N53jg6KZxBoFI9oWNchct","sp:4aGINiobAxJTTpEv4HQglw","2026-09-25"
"New releases week 41 2026","3OwN09P2K4lUmVaj735G6i","spotify:track:0T0F7fHOKlmqtydpc2gg72","Kings on a Hill","Sam Tinnesz","70TsVY28EcEUYSGG5Yw7mp","sp:1xOzplEUg1Fn1bJZWieSy9","2026-09-25"
"New releases week 41 2026","3OwN09P2K4lUmVaj735G6i","spotify:track:3nyTiLbX8twpT3Ay5fbjBM","Judas Kiss","Sam Tinnesz, SkyDxddy","70TsVY28EcEUYSGG5Yw7mp|2xe5FZM6bB4k1KhfTZBBSx","sp:1xOzplEUg1Fn1bJZWieSy9","2026-09-25"
"New releases week 41 2026","3OwN09P2K4lUmVaj735G6i","spotify:track:0kpHRafJJ2FwYl2md6oBZJ","Screaming Underwater","Sam Tinnesz","70TsVY28EcEUYSGG5Yw7mp","sp:1xOzplEUg1Fn1bJZWieSy9","2026-09-25"
"New releases week 41 2026","3OwN09P2K4lUmVaj735G6i","spotify:track:42SAuWDwD7uLXSLmpReu0b","Spider's Web","Sam Tinnesz","70TsVY28EcEUYSGG5Yw7mp","sp:1xOzplEUg1Fn1bJZWieSy9","2026-09-25"
"New releases week 41 2026","3OwN09P2K4lUmVaj735G6i","spotify:track:1HsmoQVj3xVtuKG5hs9HzA","Dark Days","Sam Tinnesz","70TsVY28EcEUYSGG5Yw7mp","sp:1xOzplEUg1Fn1bJZWieSy9","2026-09-25"
"New releases week 41 2026","3OwN09P2K4lUmVaj735G6i","spotify:track:4J7kGsjioIt7jpcx0vxZ6d","animal","MENDEL, REEM","48OAKKKAxh1W9HNiCCR8g2|5BkElhhCdntojpYEKE8MVN","sp:3g9JTDk58PtAlTvrFdpXjZ","2026-09-25"
"New releases week 41 2026","3OwN09P2K4lUmVaj735G6i","spotify:track:6LIlDhang72IZiTu3ZCzlD","No Sleep","REEM","4jRRarKvAK98KSFnfEJ2v0","sp:1oGxphUdOptOsNp0yhJGxT","2026-09-25"
"New releases week 41 2026","3OwN09P2K4lUmVaj735G6i","spotify:track:7ipX0ySCWApbhfrI9M9L4E","Còmhla","Trail West","2N5EuIP8TMTEAXwOqncIrc","sp:3XR3ZDpRENl8apfMsk7pq7","2026-09-25"
"New releases week 41 2026","3OwN09P2K4lUmVaj735G6i","spotify:track:6sO2QlVEVabDMfN1uaLU1j","Lady in Red","Bobby G","208NpeNmmOZK5NLoCCNYLX","sp:2xPf0adpZClpwTNzid7fhg","2026-09-25"
"New releases week 41 2026","3OwN09P2K4lUmVaj735G6i","spotify:track:4CN71XxNZgqPVu9uBOPBcf","Angels We Have Heard On High","Love & The Outcome","1xU1V8I8pFrMOjtuSmjPBs","sp:6sjvC4kFLtkWbsVFgcBJ1V","2026-09-25"
"New releases week 41 2026","3OwN09P2K4lUmVaj735G6i","spotify:track:13Z4TSg4jYhqOqi9UaE72O","Giving Up or Loving You","Evan Savage","4DzCyrK6CQ8iF4DwLNmXUG","sp:15F0prAtnbxdUCP9TSxWFF","2026-09-25"
"New releases week 41 2026","3OwN09P2K4lUmVaj735G6i","spotify:track:4wj4ogBPevGweczZNtHoZ2","Used To Be","Jamie MacDonald","0cZttbEqSCC76paqdgVLL4","sp:3RYKpZIW82JbMpULEdcxHG","2026-09-25"
"New releases week 41 2026","3OwN09P2K4lUmVaj735G6i","spotify:track:2gd3dibuROpEnx26xha0AK","Let Myself Go","Whitney Lusk","7r4BXCNIgVZrMwLePrbKri","sp:1AGiIrXzxppmnlGvgP7REw","2026-09-25"
"New releases week 41 2026","3OwN09P2K4lUmVaj735G6i","spotify:track:0hNQUY9F49ib0NHB79xqMV","Tomorrow's Ours","Brett Miller","5WKSAch6loISTLupOa9Ilb","sp:4XLh2kFN3S1MlXoAoSeqq7","2026-09-25"
"New releases week 41 2026","3OwN09P2K4lUmVaj735G6i","spotify:track:4GHPcHKgZPO9VMcPvJsZdH","do you mind?","Brett Miller","5WKSAch6loISTLupOa9Ilb","sp:4XLh2kFN3S1MlXoAoSeqq7","2026-09-25"
"New releases week 41 2026","3OwN09P2K4lUmVaj735G6i","spotify:track:6fp1xuZyQADqyYnSyInDbc","POV","Brett Miller","5WKSAch6loISTLupOa9Ilb","sp:4XLh2kFN3S1MlXoAoSeqq7","2026-09-25"
"New releases week 41 2026","3OwN09P2K4lUmVaj735G6i","spotify:track:1WSwGW5NhydxeEWa0VQR2R","Whispers of Hope","Mark Diamond","7Il2FrLyoQt0JlyhJRDL1c","sp:1n1BN99SEh0gYge4lncHQt","2026-09-25"
"New releases week 41 2026","3OwN09P2K4lUmVaj735G6i","spotify:track:6uPyggaMUCk13vP9N2wTxv","I'm a Slave 4 U","Britney Spears","26dSoYclwsYLMAKD3tpOr4","sp:54qixC064sfgQ9KVbgPmJL","2026-09-25"
"New releases week 41 2026","3OwN09P2K4lUmVaj735G6i","spotify:track:1pzodDBD04ILGM7ysBBenz","I'm A Slave 4 U - Thunderpuss Club Mix","Britney Spears, Thunderpuss (Chris Cox & Barry Harris), Barry Harris, Chris Cox","26dSoYclwsYLMAKD3tpOr4|29vgcq90v8C018MjTEbW1h|0v4es8yvR06oDJWG57Fxi8|1PLakF1tFiv9zn73N2UjaN","sp:54qixC064sfgQ9KVbgPmJL","2026-09-25"
"New releases week 41 2026","3OwN09P2K4lUmVaj735G6i","spotify:track:7j0OeaF85J4oE34T2cxAqM","I'm A Slave 4 U - Thunderpuss Radio Mix","Britney Spears, Thunderpuss","26dSoYclwsYLMAKD3tpOr4|0vMxqur0IddTaZXgaPU3V7","sp:54qixC064sfgQ9KVbgPmJL","2026-09-25"
"New releases week 41 2026","3OwN09P2K4lUmVaj735G6i","spotify:track:3qLZXZEnMT5ekNxzqmCLQL","I'm A Slave 4 U - Thunderpuss Mixshow Edit (The Remix)","Britney Spears, Barry Harris, Chris Cox, Thunderpuss","26dSoYclwsYLMAKD3tpOr4|0v4es8yvR06oDJWG57Fxi8|1PLakF1tFiv9zn73N2UjaN|0vMxqur0IddTaZXgaPU3V7","sp:54qixC064sfgQ9KVbgPmJL","2026-09-25"
"New releases week 41 2026","3OwN09P2K4lUmVaj735G6i","spotify:track:1cvW54YQ8Wcnh9FuXHD9nQ","I'm A Slave 4 U - Thunderpuss Tribapella","Britney Spears, Barry Harris, Chris Cox, Thunderpuss, Thunderpuss (Chris Cox & Barry Harris)","26dSoYclwsYLMAKD3tpOr4|0v4es8yvR06oDJWG57Fxi8|1PLakF1tFiv9zn73N2UjaN|0vMxqur0IddTaZXgaPU3V7|29vgcq90v8C018MjTEbW1h","sp:54qixC064sfgQ9KVbgPmJL","2026-09-25"
"New releases week 41 2026","3OwN09P2K4lUmVaj735G6i","spotify:track:1ek09Xi4sGQM3y36953efE","I'm A Slave 4 U - Thunderpuss Dark Mix","Britney Spears, Thunderpuss (Chris Cox & Barry Harris)","26dSoYclwsYLMAKD3tpOr4|29vgcq90v8C018MjTEbW1h","sp:54qixC064sfgQ9KVbgPmJL","2026-09-25"
"New releases week 41 2026","3OwN09P2K4lUmVaj735G6i","spotify:track:6IUbrDr53HHBstdh5f7qzA","I'm A Slave 4 U - Thunderpuss Dark Dub","Britney Spears, Thunderpuss (Chris Cox & Barry Harris)","26dSoYclwsYLMAKD3tpOr4|29vgcq90v8C018MjTEbW1h","sp:54qixC064sfgQ9KVbgPmJL","2026-09-25"
"New releases week 41 2026","3OwN09P2K4lUmVaj735G6i","spotify:track:45eP0QHub4tnHdu8igraRc","I'm A Slave 4 U - Miguel Migs Petalpusher Vocal","Britney Spears, Miguel Migs","26dSoYclwsYLMAKD3tpOr4|6sqqGHyJ1Dnt1qKKe9iGAi","sp:54qixC064sfgQ9KVbgPmJL","2026-09-25"
"New releases week 41 2026","3OwN09P2K4lUmVaj735G6i","spotify:track:5K1WY9OcE3bgIbd3wMpVHX","I'm A Slave 4 U - Miguel Migs Petalpusher Vocal Edit","Britney Spears, Miguel Migs","26dSoYclwsYLMAKD3tpOr4|6sqqGHyJ1Dnt1qKKe9iGAi","sp:54qixC064sfgQ9KVbgPmJL","2026-09-25"
"New releases week 41 2026","3OwN09P2K4lUmVaj735G6i","spotify:track:6EfeTIWWHQRa6HAmG42pHI","I'm A Slave 4 U - Miguel Migs Petalpusher Dub","Britney Spears, Miguel Migs","26dSoYclwsYLMAKD3tpOr4|6sqqGHyJ1Dnt1qKKe9iGAi","sp:54qixC064sfgQ9KVbgPmJL","2026-09-25"
"New releases week 41 2026","3OwN09P2K4lUmVaj735G6i","spotify:track:4khLFeFKbB6HOYJeJU648J","I'm A Slave 4 U - The Light Remix","Britney Spears, The Light","26dSoYclwsYLMAKD3tpOr4|6Xeu2wj5BZmMtV7SiA7rOH","sp:54qixC064sfgQ9KVbgPmJL","2026-09-25"
"New releases week 41 2026","3OwN09P2K4lUmVaj735G6i","spotify:track:3RPs5cyPS1VKgAHBw0U8o4","I'm A Slave 4 U - Instrumental","Britney Spears","26dSoYclwsYLMAKD3tpOr4","sp:54qixC064sfgQ9KVbgPmJL","2026-09-25"
"New releases week 41 2026","3OwN09P2K4lUmVaj735G6i","spotify:track:3dHwliNsvq6ncq79fvfx0h","I'm A Slave 4 U - A cappella","Britney Spears","26dSoYclwsYLMAKD3tpOr4","sp:54qixC064sfgQ9KVbgPmJL","2026-09-25"
"New releases week 41 2026","3OwN09P2K4lUmVaj735G6i","spotify:track:7997izAfqONvq42211g0Vg","Helt Sheriff","Oral Bee","4QawfzCb5NbFRNn4BySXb1","sp:0li6xpID5vjEumkEFNOOOS","2026-09-25"
"New releases week 41 2026","3OwN09P2K4lUmVaj735G6i","spotify:track:2OjdP9iXuz0j88OvG9AmAs","Difference","Will Church","3PgE5GvG5WOLQgtrRydfuC","sp:50sAt15K9B2ORUJfvbpn26","2026-09-25"
"New releases week 41 2026","3OwN09P2K4lUmVaj735G6i","spotify:track:4VVWEwHBPQY3mTh94gJZCK","Green Flag Car","Will Church","3PgE5GvG5WOLQgtrRydfuC","sp:50sAt15K9B2ORUJfvbpn26","2026-09-25"
"New releases week 41 2026","3OwN09P2K4lUmVaj735G6i","spotify:track:21Ry7AnLvaYkwA9FME26YA","This Is My Goodbye","Lukas Larsson","1yM1N3MMtOlaXI7x3P5Lch","sp:4Bkg0m36U3ulSBV5bJiq8K","2026-09-25"
"New releases week 41 2026","3OwN09P2K4lUmVaj735G6i","spotify:track:7DSgUSSrVOJaW95zJu8V7A","The Land before Time","Mathias Fritsche","5V5dtgxeHu6JMxDTl0SRFO","sp:2nUXIa5n6IWjGeJFQZm6LE","2026-09-25"
"New releases week 41 2026","3OwN09P2K4lUmVaj735G6i","spotify:track:16ncbZzvuzln05JxuyFVNQ","So Hot","Matt Luneburg","1R1mzxpfcPbukGhfJDSQFo","sp:5kkI2QxjXwr8LKnK30BGBf","2026-09-25"
"New releases week 41 2026","3OwN09P2K4lUmVaj735G6i","spotify:track:0EFQAwX9DzMK0lAhbBXGPZ","Somebody Else - Sped Up","Elias Macy","2YamuVtQ36agHCoPeK6xuO","sp:42FX9J7oNl1mf5G9tSFAMC","2026-09-25"
"New releases week 41 2026","3OwN09P2K4lUmVaj735G6i","spotify:track:6tLEAS5IExbJC58oYiNoL8","Somebody Else","Elias Macy","2YamuVtQ36agHCoPeK6xuO","sp:42FX9J7oNl1mf5G9tSFAMC","2026-09-25"
"New releases week 41 2026","3OwN09P2K4lUmVaj735G6i","spotify:track:33lxj47LkkTn3hVHN0wgwZ","Cry Baby","John Morgan","7FetIwKD9uIJFiUwdHfq6g","sp:1faiHpRU4FKgWT3nFSc25D","2026-09-25"
"New releases week 41 2026","3OwN09P2K4lUmVaj735G6i","spotify:track:1aqbcxqJm2WfkpvAJDDIpx","Doors - SELLOUT EDIT","Brothers Osborne","39NR3AUhpbbqKM33vWn2fp","sp:7oFDfGaDzCrvbXRbUYwPCK","2026-09-25"
"New releases week 41 2026","3OwN09P2K4lUmVaj735G6i","spotify:track:6T5mVh3YkoXYv20B55iE9y","The Knife","Portair","5eNDu0xRakAeO0Za8pRIuG","sp:3jRMo0wiqoBmfP368vBt6p","2026-09-25"
"New releases week 41 2026","3OwN09P2K4lUmVaj735G6i","spotify:track:22a80wd5DJxtLz1H9gkNjs","So Easy (To Fall In Love) - Acoustic","Daniel Robinson, Bethany Barrie","1tlNtqr5jF7Z8pR9i4RWsa|0mqmQFBfbMXOzSINxSqqzQ","sp:5GUHjVuUtCyXbEc7c8TPAJ","2026-09-25"
"New releases week 41 2026","3OwN09P2K4lUmVaj735G6i","spotify:track:0oMcY1oUoX6AsmyVYZPsXE","Imaginations","Jayy, Chilling, Bross_ Jaja","6dTPKqSwZMSrU0kblRvMp9|4CxMEce28F62TU6F2VKwFu|4Nanf9dVnaBeSlCCBPrll1","sp:6qxDxE9R9yUSlrV7Jk1lYP","2026-09-25"
"New releases week 41 2026","3OwN09P2K4lUmVaj735G6i","spotify:track:4ZPVsCL0oEFCGDajQdhkuD","alibi","JAYY","5mVsGiQSO7DdGOtsXtEzQR","sp:39PBenjz04CcC9PByw6F39","2026-09-25"
"New releases week 41 2026","3OwN09P2K4lUmVaj735G6i","spotify:track:6Yd2adRVxwNyFnYF6I56Ft","Flyest","JAYY","1xEfzJy42IEfg7I0mqtyG9","sp:4hBz6X3yODQL7p7bOI9lTd","2026-09-25"
"New releases week 41 2026","3OwN09P2K4lUmVaj735G6i","spotify:track:6cLem2ZCWPtY9VLMk514tP","Wish","Keith Goodwin, LULLANAS","3Q1T3DDlR4lY9kqIQsDhMn|3b8jXMWK6VSV8FlQ4hbVkd","sp:2UMIv5aTKKFkdrJs6eQ8oo","2026-09-25"
"New releases week 41 2026","3OwN09P2K4lUmVaj735G6i","spotify:track:0OD4HfN2mgeoi6qPxzEFA5","Everlong","Clayton Scott","1RQzbh9sJb4ZRQUEjINezo","sp:3vj91lqRjamOiE2XdD4pMo","2026-09-25"
"New releases week 41 2026","3OwN09P2K4lUmVaj735G6i","spotify:track:0044jDc0h1Wy8F9NEmRjq6","Be With You","Nick Isham","3INQD45A4I7hWypSUOLyB6","sp:5fInSpiShxWshT4lIj7JDj","2026-09-25"
"New releases week 41 2026","3OwN09P2K4lUmVaj735G6i","spotify:track:5FUB6l7PscngrnUQ3rLt6G","piensa que cuando me de cuenta me va a doler","MAYBE","1zR4cHPB03yNadr8CfAL7J","sp:0P0li8snC3e1HWpJy16ITb","2026-09-25"
"New releases week 41 2026","3OwN09P2K4lUmVaj735G6i","spotify:track:5HZ4YsPQg0r4tIyJ4jzjTk","Chrome Bag","Maybe","5W0vGqI5ciQoidIVseZBor","sp:4OYLXewdIOvpDxLF1YOY5N","2026-09-25"
"New releases week 41 2026","3OwN09P2K4lUmVaj735G6i","spotify:track:63GJtX5Y6LqhNrIV2eW4Pg","On The Edge","Bradley Marshall","41l2yNxDG4VydqE4lvbm1y","sp:6sstHyt94tFKETGeHzFdz5","2026-09-25"
"New releases week 41 2026","3OwN09P2K4lUmVaj735G6i","spotify:track:4gXitvR3Qw0FI1Kkct90De","The Road That Never Ends","Marcel Kapteijn","6VTUhYONG3oqq10TWNLswp","sp:4WKnwntAZoVMgRtDhBBacz","2026-09-25"
"New releases week 41 2026","3OwN09P2K4lUmVaj735G6i","spotify:track:1fSkJe0fkPkkZTh7eFGqbN","I See What You're Saying","Jenna Raine","3aHe9rMa5HFTjXHw8tEz0A","sp:7DaF7sNtD0Nt1kUklt9iLX","2026-09-25"
"New releases week 41 2026","3OwN09P2K4lUmVaj735G6i","spotify:track:2WL3V5U4xXbqy7rPzUMLl6","Girl 2.0","Jonas Blue, Wh0","1HBjj22wzbscIZ9sEb5dyf|132Hhe61bhvXtkygENHZHA","sp:7kkOjVl0B61otBddwcdh0o","2026-09-25"
"New releases week 41 2026","3OwN09P2K4lUmVaj735G6i","spotify:track:2bY54l4aYOUXEya9IL82pQ","Girl 2.0 - Extended Mix","Jonas Blue, Wh0","1HBjj22wzbscIZ9sEb5dyf|132Hhe61bhvXtkygENHZHA","sp:7kkOjVl0B61otBddwcdh0o","2026-09-25"
"New releases week 41 2026","3OwN09P2K4lUmVaj735G6i","spotify:track:3WzAp9yLa4Tubap8fBrAjF","Pass It On","Claire Guerreso","4wQIiKAXCHptEuHSAeIeh7","sp:1Bu3lD2IogWPjkzSfEksc3","2026-09-25"
"New releases week 41 2026","3OwN09P2K4lUmVaj735G6i","spotify:track:1QZMXvrT66egXoa5FZXwfc","Over My Head (Cable Car)","EDENS, Luke James Shaffer","3ybVtZSLHOCstSIF9Qe9ul|5rhcXbjwP1pnyqjlNo4AoP","sp:2fpgR2OFesHsX4QWn8IjKw","2026-09-25"
"New releases week 41 2026","3OwN09P2K4lUmVaj735G6i","spotify:track:6FBysoHxNcpqiYz8nOcIbJ","You're Already There","Anna Vaus","3ftsk3ROAgHws85G83ppw1","sp:6ouIo2cSY03JmfowzMYNxS","2026-09-25"
"New releases week 41 2026","3OwN09P2K4lUmVaj735G6i","spotify:track:5uPOtliXnpf0UrQZgGiGfb","Mountain","EIVIND, Knut Marius","0pPAmiADWG8j1l766UchyQ|3TJPh0fdh43ILheLWkYDHv","sp:1Iqiof7Ix4orclSnlXhrRY","2026-09-25"
"New releases week 41 2026","3OwN09P2K4lUmVaj735G6i","spotify:track:7qzuPqsJAudT2kBTHOA8co","love is like a garden","Matt Hansen","6wlhqnATSJIc0NQ64VxOVJ","sp:0cTairXEsvN4pe3dc3jF3g","2026-09-25"
"New releases week 41 2026","3OwN09P2K4lUmVaj735G6i","spotify:track:4IxHwO746e6gFerroPQNcH","something to remember","Matt Hansen","6wlhqnATSJIc0NQ64VxOVJ","sp:0cTairXEsvN4pe3dc3jF3g","2026-09-25"
"New releases week 41 2026","3OwN09P2K4lUmVaj735G6i","spotify:track:3cLSCDCCkshnaju8eS3Vi6","SOMEWHERE IN BETWEEN","Matt Hansen","6wlhqnATSJIc0NQ64VxOVJ","sp:0cTairXEsvN4pe3dc3jF3g","2026-09-25"
"New releases week 41 2026","3OwN09P2K4lUmVaj735G6i","spotify:track:0PSO9v6BrkWbjsucuSpOE1","GRAVITY","Matt Hansen","6wlhqnATSJIc0NQ64VxOVJ","sp:0cTairXEsvN4pe3dc3jF3g","2026-09-25"
"New releases week 41 2026","3OwN09P2K4lUmVaj735G6i","spotify:track:1gvAwijUxm6T7GOoOQOrpO","VERSIONS OF FOREVER","Matt Hansen","6wlhqnATSJIc0NQ64VxOVJ","sp:0cTairXEsvN4pe3dc3jF3g","2026-09-25"
"New releases week 41 2026","3OwN09P2K4lUmVaj735G6i","spotify:track:6cAyWGBwAjoFWvltz9XRGm","LET EM GO","Matt Hansen","6wlhqnATSJIc0NQ64VxOVJ","sp:0cTairXEsvN4pe3dc3jF3g","2026-09-25"
"New releases week 41 2026","3OwN09P2K4lUmVaj735G6i","spotify:track:2cGXRVrWLfw2tJ88KyjlWV","BEFORE WE KNOW IT","Matt Hansen","6wlhqnATSJIc0NQ64VxOVJ","sp:0cTairXEsvN4pe3dc3jF3g","2026-09-25"
"New releases week 41 2026","3OwN09P2K4lUmVaj735G6i","spotify:track:6IYueAbiaVxqJl2zWVCBk1","yellowstone (holding you)","Matt Hansen","6wlhqnATSJIc0NQ64VxOVJ","sp:0cTairXEsvN4pe3dc3jF3g","2026-09-25"
"New releases week 41 2026","3OwN09P2K4lUmVaj735G6i","spotify:track:7mQccPMGvl0Vt8sA2ufbB7","COMPASS","Matt Hansen","6wlhqnATSJIc0NQ64VxOVJ","sp:0cTairXEsvN4pe3dc3jF3g","2026-09-25"
"New releases week 41 2026","3OwN09P2K4lUmVaj735G6i","spotify:track:3gv4IhtOTNfhHV62V6htaM","VISION","Matt Hansen","6wlhqnATSJIc0NQ64VxOVJ","sp:0cTairXEsvN4pe3dc3jF3g","2026-09-25"
"New releases week 41 2026","3OwN09P2K4lUmVaj735G6i","spotify:track:0HeV2SaWihno4Rd5PMlx7B","DON'T LOOK BACK","Matt Hansen","6wlhqnATSJIc0NQ64VxOVJ","sp:0cTairXEsvN4pe3dc3jF3g","2026-09-25"
"New releases week 41 2026","3OwN09P2K4lUmVaj735G6i","spotify:track:3m7U0ZWVVcBE8yliVoW4md","whirlwind","Matt Hansen","6wlhqnATSJIc0NQ64VxOVJ","sp:0cTairXEsvN4pe3dc3jF3g","2026-09-25"
"New releases week 41 2026","3OwN09P2K4lUmVaj735G6i","spotify:track:6l3r1AsyJ5S2CPXgjwzids","FIRST TIME","Matt Hansen","6wlhqnATSJIc0NQ64VxOVJ","sp:0cTairXEsvN4pe3dc3jF3g","2026-09-25"
"New releases week 41 2026","3OwN09P2K4lUmVaj735G6i","spotify:track:7pc0SlRZ04qXMouo1qnLKA","Orchid","Matt Hansen","6wlhqnATSJIc0NQ64VxOVJ","sp:0cTairXEsvN4pe3dc3jF3g","2026-09-25"
"New releases week 41 2026","3OwN09P2K4lUmVaj735G6i","spotify:track:6LHEh11aJGZqWB36RlJkhJ","UNSPOKEN","Matt Hansen","6wlhqnATSJIc0NQ64VxOVJ","sp:0cTairXEsvN4pe3dc3jF3g","2026-09-25"
"New releases week 41 2026","3OwN09P2K4lUmVaj735G6i","spotify:track:5TO0gTgBbNZKXbR3S57uqb","canary","Matt Hansen","6wlhqnATSJIc0NQ64VxOVJ","sp:0cTairXEsvN4pe3dc3jF3g","2026-09-25"
"New releases week 41 2026","3OwN09P2K4lUmVaj735G6i","spotify:track:0SU3cUJRXi7RbWoVPC5kD6","unforgettable","Matt Hansen","6wlhqnATSJIc0NQ64VxOVJ","sp:0cTairXEsvN4pe3dc3jF3g","2026-09-25"
"New releases week 41 2026","3OwN09P2K4lUmVaj735G6i","spotify:track:6NbWgWYKKGerXlx8Nl9T2M","Over Tonight","CHASE WRIGHT","4P70LmF7PJwBGS9BV5dk2c","sp:3jKon9YgY18astdoE9eHMF","2026-09-25"
"New releases week 41 2026","3OwN09P2K4lUmVaj735G6i","spotify:track:50QHSQzgnLsJjF1kbs59or","Lituya","Nall","1TTP6vJbLEjFnjflpE4ahI","sp:4qcjn4O4159aMOCnYhwa3t","2026-09-25"
"New releases week 41 2026","3OwN09P2K4lUmVaj735G6i","spotify:track:3YufF9Kgbmv6O5gAdWDxTa","I'm so happy I can't stop crying","OSTON","4PR77KtW5drJXCsqcyfuzJ","sp:3wqrUSyblqilEKanMoRpWw","2026-09-25"
"New releases week 41 2026","3OwN09P2K4lUmVaj735G6i","spotify:track:78oD9LTfxkf4Lgitw07olr","Couldn't it be me?","OSTON","4PR77KtW5drJXCsqcyfuzJ","sp:3wqrUSyblqilEKanMoRpWw","2026-09-25"
"New releases week 41 2026","3OwN09P2K4lUmVaj735G6i","spotify:track:04RPHi8Gc5sqtqXEGx3WFk","True-ish","OSTON","4PR77KtW5drJXCsqcyfuzJ","sp:3wqrUSyblqilEKanMoRpWw","2026-09-25"
"New releases week 41 2026","3OwN09P2K4lUmVaj735G6i","spotify:track:7gnVFla1Ea7zIQZ9E53Iu9","Young & on drugs","OSTON","4PR77KtW5drJXCsqcyfuzJ","sp:3wqrUSyblqilEKanMoRpWw","2026-09-25"
"New releases week 41 2026","3OwN09P2K4lUmVaj735G6i","spotify:track:4Xm86XQlgCnh7dG9a8I7UV","I want it, I want it","OSTON","4PR77KtW5drJXCsqcyfuzJ","sp:3wqrUSyblqilEKanMoRpWw","2026-09-25"
"New releases week 41 2026","3OwN09P2K4lUmVaj735G6i","spotify:track:0z9aZUn7aWTm2pzeVh7YRj","White knuckling","OSTON","4PR77KtW5drJXCsqcyfuzJ","sp:3wqrUSyblqilEKanMoRpWw","2026-09-25"
"New releases week 41 2026","3OwN09P2K4lUmVaj735G6i","spotify:track:3Upct5fD1ec5RSOqEvJJut","Sorta, kinda","OSTON","4PR77KtW5drJXCsqcyfuzJ","sp:3wqrUSyblqilEKanMoRpWw","2026-09-25"
"New releases week 41 2026","3OwN09P2K4lUmVaj735G6i","spotify:track:7K9IB4sDlJx62XoAsxesv5","I think the drugs are working now","OSTON","4PR77KtW5drJXCsqcyfuzJ","sp:3wqrUSyblqilEKanMoRpWw","2026-09-25"
"New releases week 41 2026","3OwN09P2K4lUmVaj735G6i","spotify:track:24JVfwmffnSrgMIAqPkUn4","Placebo effect","OSTON","4PR77KtW5drJXCsqcyfuzJ","sp:3wqrUSyblqilEKanMoRpWw","2026-09-25"
"New releases week 41 2026","3OwN09P2K4lUmVaj735G6i","spotify:track:5bXMhXfLXAVmTP2gng78mX","Pancakes","OSTON","4PR77KtW5drJXCsqcyfuzJ","sp:3wqrUSyblqilEKanMoRpWw","2026-09-25"
"New releases week 41 2026","3OwN09P2K4lUmVaj735G6i","spotify:track:2iFY1oZ0dtyKPMjkfcEfrb","Unstuck","OSTON","4PR77KtW5drJXCsqcyfuzJ","sp:3wqrUSyblqilEKanMoRpWw","2026-09-25"
"New releases week 41 2026","3OwN09P2K4lUmVaj735G6i","spotify:track:64IaWr5hpuUzZfHKFjKeWK","I used to like that girl","OSTON","4PR77KtW5drJXCsqcyfuzJ","sp:3wqrUSyblqilEKanMoRpWw","2026-09-25"
"New releases week 41 2026","3OwN09P2K4lUmVaj735G6i","spotify:track:5RvuhExNimB6fks8ySl65m","No me without you","OSTON","4PR77KtW5drJXCsqcyfuzJ","sp:3wqrUSyblqilEKanMoRpWw","2026-09-25"
"New releases week 41 2026","3OwN09P2K4lUmVaj735G6i","spotify:track:5GhtKpX3Qbm9uo6kPMrdp9","Silverline","MOD SUN","3u2R8st1bb6zfBqNWceRXG","sp:0OmWHv7RbUlhFD1xJdxkEF","2026-09-25"
"New releases week 41 2026","3OwN09P2K4lUmVaj735G6i","spotify:track:1rnSOkxKjpq53PDaskS3kq","Nicht wie alle andern","Katha Rosa, Joel Brandenstein","767iqRy8U8T4rAdDscZt57|0VUeSHZjbneQ8Ti7whkL9A","sp:74sueFxdbIW3guMJDphffX","2026-09-25"
"New releases week 41 2026","3OwN09P2K4lUmVaj735G6i","spotify:track:3yJRY12DCaVXVSekXGnZLi","Black Light - Den sista riktiga Bond-filmen - Official Theme","Mariette","76nW12AUcUVEiC8fwFoAns","sp:7HStUuEuRXsnW2G4qqu1oL","2026-09-25"
"New releases week 41 2026","3OwN09P2K4lUmVaj735G6i","spotify:track:5fs8VoBnWDBeUCSKsF9E8c","Chandelier","Kurt Nilsen","49HPMFWsosCuRf810Ay1Vv","sp:7ck7SQRBXIIYKDzDQejV5D","2026-09-25"
"New releases week 41 2026","3OwN09P2K4lUmVaj735G6i","spotify:track:0w3UotDynXyxTaJAa78F7O","Memory Lane","Jay Putty","0XIjLSi3fr8On0Dwq208Lp","sp:5KmSnXjUU4wVVg8RgExz2l","2026-09-25"
"New releases week 41 2026","3OwN09P2K4lUmVaj735G6i","spotify:track:1xhLgDdiOjZafgHaO364et","Worship","Jay Putty","0XIjLSi3fr8On0Dwq208Lp","sp:5KmSnXjUU4wVVg8RgExz2l","2026-09-25"
"New releases week 41 2026","3OwN09P2K4lUmVaj735G6i","spotify:track:3NEmhzjh0iXZle60C0LuFn","Growing Old","Jay Putty","0XIjLSi3fr8On0Dwq208Lp","sp:5KmSnXjUU4wVVg8RgExz2l","2026-09-25"
"New releases week 41 2026","3OwN09P2K4lUmVaj735G6i","spotify:track:6RE3pc3jfWQitKcJKzENKr","What We Meant","Jay Putty, Matt Macleod","0XIjLSi3fr8On0Dwq208Lp|2LQECtmyOlgEtHAODmUgdb","sp:5KmSnXjUU4wVVg8RgExz2l","2026-09-25"
"New releases week 41 2026","3OwN09P2K4lUmVaj735G6i","spotify:track:4DhyEtvytGEPAiFzhJFPPp","Lost In You","Jay Putty","0XIjLSi3fr8On0Dwq208Lp","sp:5KmSnXjUU4wVVg8RgExz2l","2026-09-25"
"New releases week 41 2026","3OwN09P2K4lUmVaj735G6i","spotify:track:28Ls0YtyQu3yTGNP3JQGmy","Wild Hearts","Jay Putty","0XIjLSi3fr8On0Dwq208Lp","sp:5KmSnXjUU4wVVg8RgExz2l","2026-09-25"
"New releases week 41 2026","3OwN09P2K4lUmVaj735G6i","spotify:track:13dTalOlQ8KjXKq0Y4efpG","End With You","Jay Putty, Matt Macleod","0XIjLSi3fr8On0Dwq208Lp|2LQECtmyOlgEtHAODmUgdb","sp:5KmSnXjUU4wVVg8RgExz2l","2026-09-25"
"New releases week 41 2026","3OwN09P2K4lUmVaj735G6i","spotify:track:1PGJS2TlYiSy3rIhItf2e4","The Mood","All Is Fine, Vinil","4oWonABFu4oZ9gks7oST80|4B9njk5H0MezHq02ZrF6SA","sp:3Ib5x9IEIPBrBpxdsnDLDx","2026-09-25"
"New releases week 41 2026","3OwN09P2K4lUmVaj735G6i","spotify:track:5IfeVZSi9Tr1EQ8g7pPZOw","Love You into Loving Me","Sam Drysdale","6zWCrZExrSgGtBjCO1jkjY","sp:5HPMlYoh02QVBozK2CFx1L","2026-09-25"
"New releases week 41 2026","3OwN09P2K4lUmVaj735G6i","spotify:track:6UYkkaluhybwhZGDvqahzw","Here To California","Nicotine Dolls","72gC2IIj21UAPKneFwl4NM","sp:5XB43uSJhu8ZdFyaZJP3IG","2026-09-25"
"New releases week 41 2026","3OwN09P2K4lUmVaj735G6i","spotify:track:1m9XLxRGy6nF4RdngTUpNq","Fly To Mykonos","EFA, Lacey","1Xg5tMFTyvI9QTMVltBcjy|0jrXDZPbZ53MWEkAR5Gghz","sp:1hnCT8LsgQ0zucDLqsfcQn","2026-09-25"
"New releases week 41 2026","3OwN09P2K4lUmVaj735G6i","spotify:track:393UTiIno6xiJuajpwA3Nb","Easy Like This","EFA, Taste Good","1Xg5tMFTyvI9QTMVltBcjy|0qkfuOKd6e0aOZY7P74oiC","sp:0AUEYp8YfTPxQ6uQL3Duxv","2026-09-25"
"New releases week 41 2026","3OwN09P2K4lUmVaj735G6i","spotify:track:0ebSs979k07yYMAw5LLPGt","What A God","Anthem Worship, Ri-An, Mass Anthem, BIBLOFI","71LGmy4toAaXKJP7IK8xvG|0q8s2UD3GPKFfYuXWbvRVo|0KVR8D2dx5Td8ONhNZRLkM|2AA6N08kzBF4jRWBfk9dmz","sp:6hUJZewMt1eafMJVuPyLVw","2026-09-25"
"New releases week 41 2026","3OwN09P2K4lUmVaj735G6i","spotify:track:12vl8IumIEBWu6CxfAQHFG","Ruin","Shawn Mendes","7n2wHs1TKAczGzO7Dd2rGr","sp:33NdfsbflGrwmKRMBq16Oz","2026-09-25"
"New releases week 41 2026","3OwN09P2K4lUmVaj735G6i","spotify:track:6c3JZTEuAgtwlGf8DsioXa","Three Empty Words","Shawn Mendes","7n2wHs1TKAczGzO7Dd2rGr","sp:33NdfsbflGrwmKRMBq16Oz","2026-09-25"
"New releases week 41 2026","3OwN09P2K4lUmVaj735G6i","spotify:track:2bKGMgMUU70LLdiN2B6imb","Don't Be A Fool","Shawn Mendes","7n2wHs1TKAczGzO7Dd2rGr","sp:33NdfsbflGrwmKRMBq16Oz","2026-09-25"
"New releases week 41 2026","3OwN09P2K4lUmVaj735G6i","spotify:track:6iZXZ1MGpDK1QZ5nKZF99c","Like This","Shawn Mendes","7n2wHs1TKAczGzO7Dd2rGr","sp:33NdfsbflGrwmKRMBq16Oz","2026-09-25"
"New releases week 41 2026","3OwN09P2K4lUmVaj735G6i","spotify:track:1dyn6EyvemkL9cYQljDCEG","No Promises","Shawn Mendes","7n2wHs1TKAczGzO7Dd2rGr","sp:33NdfsbflGrwmKRMBq16Oz","2026-09-25"
"New releases week 41 2026","3OwN09P2K4lUmVaj735G6i","spotify:track:5dIAs0ZlvTkaFsTPilwOTz","Lights On","Shawn Mendes","7n2wHs1TKAczGzO7Dd2rGr","sp:33NdfsbflGrwmKRMBq16Oz","2026-09-25"
"New releases week 41 2026","3OwN09P2K4lUmVaj735G6i","spotify:track:2knh7KA4Cb9WQzxDlL1BXP","Honest","Shawn Mendes","7n2wHs1TKAczGzO7Dd2rGr","sp:33NdfsbflGrwmKRMBq16Oz","2026-09-25"
"New releases week 41 2026","3OwN09P2K4lUmVaj735G6i","spotify:track:6pgmw0Tww1lyCMfg3XYb86","Patience","Shawn Mendes","7n2wHs1TKAczGzO7Dd2rGr","sp:33NdfsbflGrwmKRMBq16Oz","2026-09-25"
"New releases week 41 2026","3OwN09P2K4lUmVaj735G6i","spotify:track:1lLVFOuNHRik3Di0fpiebT","Bad Reputation","Shawn Mendes","7n2wHs1TKAczGzO7Dd2rGr","sp:33NdfsbflGrwmKRMBq16Oz","2026-09-25"
"New releases week 41 2026","3OwN09P2K4lUmVaj735G6i","spotify:track:2Lfs98dcommulfY63XJzGr","Understand","Shawn Mendes","7n2wHs1TKAczGzO7Dd2rGr","sp:33NdfsbflGrwmKRMBq16Oz","2026-09-25"
"New releases week 41 2026","3OwN09P2K4lUmVaj735G6i","spotify:track:1NKUlAA8KoNjfdBoJEkZPf","Hold On","Shawn Mendes","7n2wHs1TKAczGzO7Dd2rGr","sp:33NdfsbflGrwmKRMBq16Oz","2026-09-25"
"New releases week 41 2026","3OwN09P2K4lUmVaj735G6i","spotify:track:2yYZok9ehYTHkv4tyEAxm9","Roses","Shawn Mendes","7n2wHs1TKAczGzO7Dd2rGr","sp:33NdfsbflGrwmKRMBq16Oz","2026-09-25"
"New releases week 41 2026","3OwN09P2K4lUmVaj735G6i","spotify:track:4A22LWVkhCKE7DvcRCfMdJ","Cold In California (2016 Demo)","Shawn Mendes","7n2wHs1TKAczGzO7Dd2rGr","sp:33NdfsbflGrwmKRMBq16Oz","2026-09-25"
"New releases week 41 2026","3OwN09P2K4lUmVaj735G6i","spotify:track:7p1YqD9zi8T6uBpCB6v06O","Treat You Better (Live From New York)","Shawn Mendes","7n2wHs1TKAczGzO7Dd2rGr","sp:33NdfsbflGrwmKRMBq16Oz","2026-09-25"
"New releases week 41 2026","3OwN09P2K4lUmVaj735G6i","spotify:track:721Mmu6InRXr4RFtQdhC8Y","Ruin (Live From Boston)","Shawn Mendes","7n2wHs1TKAczGzO7Dd2rGr","sp:33NdfsbflGrwmKRMBq16Oz","2026-09-25"
"New releases week 41 2026","3OwN09P2K4lUmVaj735G6i","spotify:track:63J2mM3w6Zk2VDe1N7ArFP","Mercy (Live From Montreal)","Shawn Mendes","7n2wHs1TKAczGzO7Dd2rGr","sp:33NdfsbflGrwmKRMBq16Oz","2026-09-25"
"New releases week 41 2026","3OwN09P2K4lUmVaj735G6i","spotify:track:5naE2RTuFzv12BDWROZCSL","Need That Love","Sam Feldt, ÁSDÍS","20gsENnposVs2I4rQ5kvrf|28y5ZcfpdZAfeEE5ftCfUg","sp:61s6hSUjCklbKFsw1Pmmx1","2026-09-25"
"New releases week 41 2026","3OwN09P2K4lUmVaj735G6i","spotify:track:1UB93eRRceiqF3JfMdfNN3","Dead! - Live from Hoboken","My Chemical Romance","7FBcuc1gsnv6Y1nwFtNRCb","sp:3mZ3d3xr9O4triXsLuxriT","2026-09-25"
"New releases week 41 2026","3OwN09P2K4lUmVaj735G6i","spotify:track:1qVV2XcULgnQfZnoCCBx4r","Sunflower","Sunkisses, Shoby, ABBY M.","2mNp6bL3EZi26mUwlqNish|1VF2jmv5aWGszBtIVPt2fT|7ctrKlHGrafDZ9LvSneAAM","sp:3bPcl7RKekTNmyTZlDlJC0","2026-09-25"
"New releases week 41 2026","3OwN09P2K4lUmVaj735G6i","spotify:track:3dAZjFANXGiJyUclEcuDAT","These Damn Kids","Brady James","3XU7E0lGWCesxeHPq2x2hd","sp:6KOlkcidefN8zjOLOK4HxX","2026-09-25"
"New releases week 41 2026","3OwN09P2K4lUmVaj735G6i","spotify:track:056qYqoHHEDJVsqvbnw9Ko","Sweeter","Samuel Jack","78rEst9B8h5utylmzIoUgb","sp:3oTiakBGBOvb6K9YvvSHre","2026-09-25"
"New releases week 41 2026","3OwN09P2K4lUmVaj735G6i","spotify:track:7z3alFA17r46IFG2MOm77h","Tennessee","Samuel Jack","78rEst9B8h5utylmzIoUgb","sp:3oTiakBGBOvb6K9YvvSHre","2026-09-25"
"New releases week 41 2026","3OwN09P2K4lUmVaj735G6i","spotify:track:21safAuUaJvKpMqycCa91X","Wonderful","Samuel Jack","78rEst9B8h5utylmzIoUgb","sp:3oTiakBGBOvb6K9YvvSHre","2026-09-25"
"New releases week 41 2026","3OwN09P2K4lUmVaj735G6i","spotify:track:05eN516sJPKImPeeGs0rPM","Bad Love","Samuel Jack","78rEst9B8h5utylmzIoUgb","sp:3oTiakBGBOvb6K9YvvSHre","2026-09-25"
"New releases week 41 2026","3OwN09P2K4lUmVaj735G6i","spotify:track:4i7MtQMOe66Hy95zM8BquM","California Sun","Samuel Jack","78rEst9B8h5utylmzIoUgb","sp:3oTiakBGBOvb6K9YvvSHre","2026-09-25"
"New releases week 41 2026","3OwN09P2K4lUmVaj735G6i","spotify:track:0k9GskLx1EOft68jy2Bznd","Where Would I Be Right Now?","Samuel Jack","78rEst9B8h5utylmzIoUgb","sp:3oTiakBGBOvb6K9YvvSHre","2026-09-25"
"New releases week 41 2026","3OwN09P2K4lUmVaj735G6i","spotify:track:0A7F98iTEK79VZOturfpj9","Brighter Days","Samuel Jack","78rEst9B8h5utylmzIoUgb","sp:3oTiakBGBOvb6K9YvvSHre","2026-09-25"
"New releases week 41 2026","3OwN09P2K4lUmVaj735G6i","spotify:track:3mhDghDvwQqv7J3tfEsl36","Hold On","Samuel Jack","78rEst9B8h5utylmzIoUgb","sp:3oTiakBGBOvb6K9YvvSHre","2026-09-25"
"New releases week 41 2026","3OwN09P2K4lUmVaj735G6i","spotify:track:5YMe5uaO2y1cjuZiHxCVa9","Forever On My Mind","Samuel Jack","78rEst9B8h5utylmzIoUgb","sp:3oTiakBGBOvb6K9YvvSHre","2026-09-25"
"New releases week 41 2026","3OwN09P2K4lUmVaj735G6i","spotify:track:215RXw5dd4yFloBUprkoCW","Feels Like Summer (...Again)","Samuel Jack","78rEst9B8h5utylmzIoUgb","sp:3oTiakBGBOvb6K9YvvSHre","2026-09-25"
"New releases week 41 2026","3OwN09P2K4lUmVaj735G6i","spotify:track:5ZXABpJLZmQe7Wy16Syk8h","At The Higher Ground","Samuel Jack","78rEst9B8h5utylmzIoUgb","sp:3oTiakBGBOvb6K9YvvSHre","2026-09-25"
"New releases week 41 2026","3OwN09P2K4lUmVaj735G6i","spotify:track:0RCSCFkBQN5Bq2u0GG5z0q","Easy To Me","Samuel Jack","78rEst9B8h5utylmzIoUgb","sp:3oTiakBGBOvb6K9YvvSHre","2026-09-25"
"New releases week 41 2026","3OwN09P2K4lUmVaj735G6i","spotify:track:3E32k88Baz8v5sUPtgmzSI","It's A Mad Mad World","Samuel Jack","78rEst9B8h5utylmzIoUgb","sp:3oTiakBGBOvb6K9YvvSHre","2026-09-25"
"New releases week 41 2026","3OwN09P2K4lUmVaj735G6i","spotify:track:2wS9kt1rRW6zhdLh0CRly9","Stare kino pusty bar","wiktoria","1ZKIwuIjbG5y7ojhL5uRd3","sp:4xazTay64gBZmEo4QjtALK","2026-09-25"
"New releases week 41 2026","3OwN09P2K4lUmVaj735G6i","spotify:track:2ZkttKSKlTpX36OuVUj0w0","Saint Clare","Philip Klein","3zCRsgYimWW3rYsaEgXIeG","sp:49OBFWGAt8kfiUFh8euZNE","2026-09-25"
"New releases week 41 2026","3OwN09P2K4lUmVaj735G6i","spotify:track:0XvSHsnxP65wA3ofTxZCo5","The Missing Girl","Philip Klein","3zCRsgYimWW3rYsaEgXIeG","sp:49OBFWGAt8kfiUFh8euZNE","2026-09-25"
"New releases week 41 2026","3OwN09P2K4lUmVaj735G6i","spotify:track:1lTzpjv6MfLdbNsmGAEu3z","The Forest","Philip Klein","3zCRsgYimWW3rYsaEgXIeG","sp:49OBFWGAt8kfiUFh8euZNE","2026-09-25"
"New releases week 41 2026","3OwN09P2K4lUmVaj735G6i","spotify:track:4xdC250w7q1L0GUjAHq19C","No More Killing","Philip Klein","3zCRsgYimWW3rYsaEgXIeG","sp:49OBFWGAt8kfiUFh8euZNE","2026-09-25"
"New releases week 41 2026","3OwN09P2K4lUmVaj735G6i","spotify:track:1Fp6SZg9fcXXjaPrEBsXJ0","Research","Philip Klein","3zCRsgYimWW3rYsaEgXIeG","sp:49OBFWGAt8kfiUFh8euZNE","2026-09-25"
"New releases week 41 2026","3OwN09P2K4lUmVaj735G6i","spotify:track:3Po0Kf8ZUfniYqHLD49G6o","The House On Oak Street","Philip Klein","3zCRsgYimWW3rYsaEgXIeG","sp:49OBFWGAt8kfiUFh8euZNE","2026-09-25"
"New releases week 41 2026","3OwN09P2K4lUmVaj735G6i","spotify:track:5F5t8zpvvzZ0mck3L3w0dN","The Confession","Philip Klein","3zCRsgYimWW3rYsaEgXIeG","sp:49OBFWGAt8kfiUFh8euZNE","2026-09-25"
"New releases week 41 2026","3OwN09P2K4lUmVaj735G6i","spotify:track:0MJ2Q5YkXruxjrbBctPm6h","The Interrogation","Philip Klein","3zCRsgYimWW3rYsaEgXIeG","sp:49OBFWGAt8kfiUFh8euZNE","2026-09-25"
"New releases week 41 2026","3OwN09P2K4lUmVaj735G6i","spotify:track:6IjG9MwI2rCBIUCBPKf1VY","Remembering Mom","Philip Klein","3zCRsgYimWW3rYsaEgXIeG","sp:49OBFWGAt8kfiUFh8euZNE","2026-09-25"
"New releases week 41 2026","3OwN09P2K4lUmVaj735G6i","spotify:track:3C0OLlJiZAxoJgSdsgQYGI","The Proposal","Philip Klein","3zCRsgYimWW3rYsaEgXIeG","sp:49OBFWGAt8kfiUFh8euZNE","2026-09-25"
"New releases week 41 2026","3OwN09P2K4lUmVaj735G6i","spotify:track:4JyTFBHY71QLXw0OCuJ2La","Rebirth","Philip Klein","3zCRsgYimWW3rYsaEgXIeG","sp:49OBFWGAt8kfiUFh8euZNE","2026-09-25"
"New releases week 41 2026","3OwN09P2K4lUmVaj735G6i","spotify:track:3PzHROHrxG6YDLOK8XDR3t","Code 1713","Philip Klein","3zCRsgYimWW3rYsaEgXIeG","sp:49OBFWGAt8kfiUFh8euZNE","2026-09-25"
"New releases week 41 2026","3OwN09P2K4lUmVaj735G6i","spotify:track:1s0XBcC1R7Fib9PJChiQPx","All's Well That Ends Well","Philip Klein","3zCRsgYimWW3rYsaEgXIeG","sp:49OBFWGAt8kfiUFh8euZNE","2026-09-25"
"New releases week 41 2026","3OwN09P2K4lUmVaj735G6i","spotify:track:3N7nomr3lQ8x9GPMVYSbKf","Kontrollen & förlusten av den","Den svenska björnstammen","0NyrvUybTePmsuED5vZi4G","sp:7JPUfsQrBO9S6Z6vY9PcI7","2026-09-25"
"New releases week 41 2026","3OwN09P2K4lUmVaj735G6i","spotify:track:6B4cSBANDx7N0ma0sOfnKb","Natten är så tveklöst svart","Den svenska björnstammen","0NyrvUybTePmsuED5vZi4G","sp:7JPUfsQrBO9S6Z6vY9PcI7","2026-09-25"
"New releases week 41 2026","3OwN09P2K4lUmVaj735G6i","spotify:track:0VJeHmkqkoT5Dwj3BIt97D","Det jag såg i din spegel såg inte ut som mig","Den svenska björnstammen","0NyrvUybTePmsuED5vZi4G","sp:7JPUfsQrBO9S6Z6vY9PcI7","2026-09-25"
"New releases week 41 2026","3OwN09P2K4lUmVaj735G6i","spotify:track:6ZzcD09NWwt0yFCwaW3srU","Ibland blir jag arg","Den svenska björnstammen","0NyrvUybTePmsuED5vZi4G","sp:7JPUfsQrBO9S6Z6vY9PcI7","2026-09-25"
"New releases week 41 2026","3OwN09P2K4lUmVaj735G6i","spotify:track:5HmmiFrKp2N38LGIqqtOx8","För dig är jag en krusning","Den svenska björnstammen","0NyrvUybTePmsuED5vZi4G","sp:7JPUfsQrBO9S6Z6vY9PcI7","2026-09-25"
"New releases week 41 2026","3OwN09P2K4lUmVaj735G6i","spotify:track:3cEsEJfOOYlN0cUUjNisGc","VÅR+SNÖ=TÖ","Den svenska björnstammen","0NyrvUybTePmsuED5vZi4G","sp:7JPUfsQrBO9S6Z6vY9PcI7","2026-09-25"
"New releases week 41 2026","3OwN09P2K4lUmVaj735G6i","spotify:track:43tCi0oMp7cEAcbTv9jiwr","Inga ärliga människor säljer sina känslor","Den svenska björnstammen","0NyrvUybTePmsuED5vZi4G","sp:7JPUfsQrBO9S6Z6vY9PcI7","2026-09-25"
"New releases week 41 2026","3OwN09P2K4lUmVaj735G6i","spotify:track:64CHKMWc4JqqYFLz6XlxxT","När tankarna lägger sig som dimma","Den svenska björnstammen","0NyrvUybTePmsuED5vZi4G","sp:7JPUfsQrBO9S6Z6vY9PcI7","2026-09-25"
"New releases week 41 2026","3OwN09P2K4lUmVaj735G6i","spotify:track:0UjcYP4EM5tRIjbSEHTgTZ","Himmelen ser ut som Hageby","Den svenska björnstammen","0NyrvUybTePmsuED5vZi4G","sp:7JPUfsQrBO9S6Z6vY9PcI7","2026-09-25"
"New releases week 41 2026","3OwN09P2K4lUmVaj735G6i","spotify:track:5GAPxPBmFGf4hlht6PuBId","Bra ändå","Den svenska björnstammen","0NyrvUybTePmsuED5vZi4G","sp:7JPUfsQrBO9S6Z6vY9PcI7","2026-09-25"
"New releases week 41 2026","3OwN09P2K4lUmVaj735G6i","spotify:track:0nf9Gt7VgvhhRxIgNDdFsq","Rear View","STW, Bingx","6mOfSTydJDEcq7PL3XAFoi|5LPwm04da6G9yR3c0GmVqL","sp:0wKSARcpopqJpZc32Z2DSg","2026-09-25"
"New releases week 41 2026","3OwN09P2K4lUmVaj735G6i","spotify:track:3QccKBnXSU5kRXqJpgbbym","İKİ SHOT","SHERID, MOİ","7sCZWmyvWCooqMEm12Acm2|5JOPn8TLaN7IMVZ7JIWOmC","sp:74BaXRTPzNKwpYs9mNI09n","2026-09-25"
"New releases week 41 2026","3OwN09P2K4lUmVaj735G6i","spotify:track:36MDCj4mUSxA3z8p6fn8Mg","Little Bit More - Acoustic","Myles Erlick, Heather Carpenter","66j659Hro81qoa1vgG75Ae|3Doyq0NhUjAGbwLBmwMUub","sp:1IocRXr6oi1O4lgRImGzvi","2026-09-25"
"New releases week 41 2026","3OwN09P2K4lUmVaj735G6i","spotify:track:0n10fdgS5K787WBBawTFAS","Dancing in The Sky","Drake McCain","55zx7AihSM91XuqPqofoct","sp:76VFfUssJkSUInlIwLUrWp","2026-09-25"
"New releases week 41 2026","3OwN09P2K4lUmVaj735G6i","spotify:track:6qcomCNWd8QLF5UYMKalUl","Down","The Satellite Station","3Cz6z3clgPkPz84faABaDS","sp:7FJ7wshKYBxfFjpHPo2rfI","2026-09-25"
"New releases week 41 2026","3OwN09P2K4lUmVaj735G6i","spotify:track:0PBkx2ffqFqpTUhV3pbEV2","The Wrong Person","Spencer Crandall","6to2NJmRWY1h7rLU4c9TyG","sp:5PC0yev2vbhcjemFTBh8qW","2026-09-25"
"New releases week 41 2026","3OwN09P2K4lUmVaj735G6i","spotify:track:1VJrxqd2iOOP9PZzDtQThQ","Oregon","Brendan Abernathy","39ETOzAilLp4bcJAUU8mmW","sp:3dqbUgOyiDygsPGAuoJ5en","2026-09-25"
"New releases week 41 2026","3OwN09P2K4lUmVaj735G6i","spotify:track:13QmTGZyNnQ0CsM7K63dVd","All I See","Trevor Martin","1FeE27dT4UOntdjYV9uUgt","sp:27w9WgypN6aLpQPANAAQ1r","2026-09-25"
"New releases week 41 2026","3OwN09P2K4lUmVaj735G6i","spotify:track:0iqqzr63bEvopMRovqNd4J","Good Is On The Way","Michael Franti & Spearhead","1mHuZMOP8FG5ip4yAb1vrB","sp:4GlPN19cxRuxlrHxdL2Uba","2026-09-25"
"New releases week 41 2026","3OwN09P2K4lUmVaj735G6i","spotify:track:73FRja0HuSpVUiDBaGn22t","BUSY BEE","DANIEL SAINT BLACK","6BcKS2QML7xQKdB61anBsL","sp:4xlTRyY0WqoTW6aXac0uWt","2026-09-25"
"New releases week 41 2026","3OwN09P2K4lUmVaj735G6i","spotify:track:5vTJrmnmJMAvFjrUpUWxyy","Ashke","Karan Aujla, Mxrci","6DARBhWbfcS9E4yJzcliqQ|5Us2dsq4VHlfLbKOrskg7K","sp:7rBIioPKNbFbedgP6iioLN","2026-09-25"
"New releases week 41 2026","3OwN09P2K4lUmVaj735G6i","spotify:track:7gx9kUZiakNPhgCsJejw7A","Real Bad Man","Karan Aujla","6DARBhWbfcS9E4yJzcliqQ","sp:7rBIioPKNbFbedgP6iioLN","2026-09-25"
"New releases week 41 2026","3OwN09P2K4lUmVaj735G6i","spotify:track:3fky26FqPkMmTyg8wXJXp0","Straight Up","Karan Aujla, Mxrci","6DARBhWbfcS9E4yJzcliqQ|5Us2dsq4VHlfLbKOrskg7K","sp:7rBIioPKNbFbedgP6iioLN","2026-09-25"
"New releases week 41 2026","3OwN09P2K4lUmVaj735G6i","spotify:track:3B6vLmcMBl772iLn9AWgWw","Rap Killa","Karan Aujla, Mxrci, Azaad 4L","6DARBhWbfcS9E4yJzcliqQ|5Us2dsq4VHlfLbKOrskg7K|1ldpy9FewJ95Fk8xniyxU6","sp:7rBIioPKNbFbedgP6iioLN","2026-09-25"
"New releases week 41 2026","3OwN09P2K4lUmVaj735G6i","spotify:track:6FA6lEbtWNxknRtaok2Ua4","Aujla Szn","Karan Aujla, Mxrci","6DARBhWbfcS9E4yJzcliqQ|5Us2dsq4VHlfLbKOrskg7K","sp:7rBIioPKNbFbedgP6iioLN","2026-09-25"
"New releases week 41 2026","3OwN09P2K4lUmVaj735G6i","spotify:track:2RCWGzmumudT4mimAZnj57","We're in Danger","The Sweeplings","3fTedgf4fh8D3s41dP0HWt","sp:6jjkIXNUEMP4C9m0X05Yc3","2026-09-25"
"New releases week 41 2026","3OwN09P2K4lUmVaj735G6i","spotify:track:4bW61owcCI5jP9gcr65pTb","Young Again","Shinedown","70BYFdaZbEKbeauJ670ysI","sp:2YfHoHOnfIc2ilp8YLEDyB","2026-05-29"
"New releases week 41 2026","3OwN09P2K4lUmVaj735G6i","spotify:track:1HFCDHOp4J8uzNxt4DnwI2","How Rare, How Beautiful","Only Little Clouds","609oUDC1ffDczoYZPdmnRl","sp:3COhatWKiaPxkCGWftELqy","2026-09-25"
"New releases week 41 2026","3OwN09P2K4lUmVaj735G6i","spotify:track:1qRaCoBSw1kuHUW4WwnQnR","Watch You Leave","Keir Gibson","7ey2WoBWg8ibvFA69UNy0M","sp:6bcyNXyFr4DOTA6MBCh3zH","2026-09-25"
"New releases week 41 2026","3OwN09P2K4lUmVaj735G6i","spotify:track:4RDJePvro9z2X1r8FFgSxt","Nothing Lasts Forever","BUNT., RØAM","2CpLIMBoE2ZzyY3ZBCRZ7j|0zNaA2cfs2SIGgbIxmoCIC","sp:47BE4e1BngBcpD7dhh9IhE","2026-09-25"
"New releases week 41 2026","3OwN09P2K4lUmVaj735G6i","spotify:track:4K1tc8uE6LVcG53EMIa9BF","Anyone","Wyn Starks","3rXMN9AbcZXln8vo79ufNQ","sp:61UzRhruEkU3OnUV09E0Z5","2026-09-25"
"New releases week 41 2026","3OwN09P2K4lUmVaj735G6i","spotify:track:0rXEZxeUQKmOPsPCUzvzkr","Raised By The Radio (A Reintroduction)","Joy Oladokun","7rrTqtOUOwva4sgTx9C9F9","sp:4q8V0cVboa6VtjCYoPHTm9","2026-09-25"
"New releases week 41 2026","3OwN09P2K4lUmVaj735G6i","spotify:track:7sg33uya6t8yAh0WvMrZw5","Dear Maria","Joy Oladokun","7rrTqtOUOwva4sgTx9C9F9","sp:4q8V0cVboa6VtjCYoPHTm9","2026-09-25"
"New releases week 41 2026","3OwN09P2K4lUmVaj735G6i","spotify:track:6En20OZbeLSvH97lc4q9bv","Easy Company","Joy Oladokun","7rrTqtOUOwva4sgTx9C9F9","sp:4q8V0cVboa6VtjCYoPHTm9","2026-09-25"
"New releases week 41 2026","3OwN09P2K4lUmVaj735G6i","spotify:track:7o6Y9qaxUXCrL1qIrH4Myz","Kind","Joy Oladokun","7rrTqtOUOwva4sgTx9C9F9","sp:4q8V0cVboa6VtjCYoPHTm9","2026-09-25"
"New releases week 41 2026","3OwN09P2K4lUmVaj735G6i","spotify:track:54hGhxFr67d2A4Sg5Ep602","TOGIAIM","Joy Oladokun","7rrTqtOUOwva4sgTx9C9F9","sp:4q8V0cVboa6VtjCYoPHTm9","2026-09-25"
"New releases week 41 2026","3OwN09P2K4lUmVaj735G6i","spotify:track:1VgAbcvqG0iYFPnCMSo8nN","Sage (Feat. Adekunle Gold)","Joy Oladokun, Adekunle Gold","7rrTqtOUOwva4sgTx9C9F9|2IK173RXLiCSQ8fhDlAb3s","sp:4q8V0cVboa6VtjCYoPHTm9","2026-09-25"
"New releases week 41 2026","3OwN09P2K4lUmVaj735G6i","spotify:track:7hVJSOZBIGN78RFyiq9ILw","The End Of The World","Joy Oladokun","7rrTqtOUOwva4sgTx9C9F9","sp:4q8V0cVboa6VtjCYoPHTm9","2026-09-25"
"New releases week 41 2026","3OwN09P2K4lUmVaj735G6i","spotify:track:2HQ40NIsPFly82nSrF6N9g","Zombie","Joy Oladokun","7rrTqtOUOwva4sgTx9C9F9","sp:4q8V0cVboa6VtjCYoPHTm9","2026-09-25"
"New releases week 41 2026","3OwN09P2K4lUmVaj735G6i","spotify:track:0mZUDdU5PMBv3AmlLDLOne","Toothache","Joy Oladokun","7rrTqtOUOwva4sgTx9C9F9","sp:4q8V0cVboa6VtjCYoPHTm9","2026-09-25"
"New releases week 41 2026","3OwN09P2K4lUmVaj735G6i","spotify:track:35dRdWSK7Av7SnZbDbJVgN","Don’t Call Me Baby!","Joy Oladokun","7rrTqtOUOwva4sgTx9C9F9","sp:4q8V0cVboa6VtjCYoPHTm9","2026-09-25"
"New releases week 41 2026","3OwN09P2K4lUmVaj735G6i","spotify:track:5lV9dGRfSpo5MvdvBDlnBf","Die Young","Joy Oladokun","7rrTqtOUOwva4sgTx9C9F9","sp:4q8V0cVboa6VtjCYoPHTm9","2026-09-25"
"New releases week 41 2026","3OwN09P2K4lUmVaj735G6i","spotify:track:6UsgsliuU5gTLxKkfCfPFN","Time Is A River","Joy Oladokun","7rrTqtOUOwva4sgTx9C9F9","sp:4q8V0cVboa6VtjCYoPHTm9","2026-09-25"
"New releases week 41 2026","3OwN09P2K4lUmVaj735G6i","spotify:track:3lcThUtlyfFc4b6jgW4yGo","Sailing Back to Souris","The East Pointers","0YAZ2nVxNnOeiGmNOxe8U3","sp:2aU33NZEZ6Zt5Do80Vuch8","2026-09-25"
"New releases week 41 2026","3OwN09P2K4lUmVaj735G6i","spotify:track:6sJfJO3MilNSPJVfUzoipj","Say You Remember","Gabriel Benedek","0BBZxotcIVnEEPhjA4iSiu","sp:7DT7yCD9G58Oe1W4pZkLPJ","2026-09-25"
"New releases week 41 2026","3OwN09P2K4lUmVaj735G6i","spotify:track:4l5UQGsR65FOr7wsZDdqvh","The Way I Talk","Jessi Alexander, Travis Denning","0reoezffSStQ3LSDaF15AS|6CegFHnUqJcOBipgphZ2CJ","sp:4q4FZNo9SfOabSPozqvCfJ","2026-09-25"
"New releases week 41 2026","3OwN09P2K4lUmVaj735G6i","spotify:track:0oGOe6wJ69ymgMfOpza5h5","These Hands","Ethan Rivers","0S37sTOx7ThsbjmrFRKErL","sp:3fA76vzEyi8FrnpTVaZMPi","2026-09-25"
"New releases week 41 2026","3OwN09P2K4lUmVaj735G6i","spotify:track:5IvcPw5flZH9Hh1na0ieZA","Rocket Man","Phil Vassar","1XhhO2dTs2fKyhILj0aam6","sp:4wDrhBCdbxCqmnbbvKjNAI","2026-09-25"
"New releases week 41 2026","3OwN09P2K4lUmVaj735G6i","spotify:track:7jym2QTekCnZKJ4L2eREXX","My Girl","Leah Marlene","51WaYKBXeKKZuI5XLnD39k","sp:1pnxaLwpDhwkAoj1042iXI","2026-09-25"
"New releases week 41 2026","3OwN09P2K4lUmVaj735G6i","spotify:track:4Q9xZisTBUsEhyrxugdOrL","Always Somewhere Close - Bonus Track","Lifehouse","5PokPZn11xzZXyXSfnvIM3","sp:7qKXOttYLn4vXaN3p6CYvi","2026-09-25"
"New releases week 41 2026","3OwN09P2K4lUmVaj735G6i","spotify:track:59rr7Kq2I5ijk55woODda0","Who I Am","Cheat Codes","7DMveApC7UnC2NPfPvlHSU","sp:1qD01TQrJDe2jx0YGwKnYu","2026-09-25"
"New releases week 41 2026","3OwN09P2K4lUmVaj735G6i","spotify:track:3G1hTUddM2diIyYA0yy9kS","Light the Way","Leon Bridges","3qnGvpP8Yth1AqSBMqON5x","sp:2TSVHmU9pkzCVaJk3GGXGO","2026-09-25"
"New releases week 41 2026","3OwN09P2K4lUmVaj735G6i","spotify:track:0dpOEdvO4svCDCi9REcOPY","Tears of Joy","Leon Bridges","3qnGvpP8Yth1AqSBMqON5x","sp:2TSVHmU9pkzCVaJk3GGXGO","2026-09-25"
"New releases week 41 2026","3OwN09P2K4lUmVaj735G6i","spotify:track:0s5BMQdvag1LRB6Y1SF6WA","Illusion","Leon Bridges","3qnGvpP8Yth1AqSBMqON5x","sp:2TSVHmU9pkzCVaJk3GGXGO","2026-09-25"
"New releases week 41 2026","3OwN09P2K4lUmVaj735G6i","spotify:track:4XPCZ9kqAO38vWXCUfkMAn","Your Love Is Electric","Leon Bridges","3qnGvpP8Yth1AqSBMqON5x","sp:2TSVHmU9pkzCVaJk3GGXGO","2026-09-25"
"New releases week 41 2026","3OwN09P2K4lUmVaj735G6i","spotify:track:5Bdn8RyTqz4dV7F07EFBP5","Talk It Over","Leon Bridges","3qnGvpP8Yth1AqSBMqON5x","sp:2TSVHmU9pkzCVaJk3GGXGO","2026-09-25"
"New releases week 41 2026","3OwN09P2K4lUmVaj735G6i","spotify:track:2YzjIuvIwL8qCNxcQDYVIs","Happiness Anytime","Leon Bridges","3qnGvpP8Yth1AqSBMqON5x","sp:2TSVHmU9pkzCVaJk3GGXGO","2026-09-25"
"New releases week 41 2026","3OwN09P2K4lUmVaj735G6i","spotify:track:0rbIDCUSDwxZHaBzgUyevf","All Day, All Night (feat. Lydia Kitto)","Leon Bridges, Lydia Kitto","3qnGvpP8Yth1AqSBMqON5x|7uYscr8hQYNxhyyvJ4m2PA","sp:2TSVHmU9pkzCVaJk3GGXGO","2026-09-25"
"New releases week 41 2026","3OwN09P2K4lUmVaj735G6i","spotify:track:6tObiiprRmFGg6QRp3Uyk8","Fly Baby","Leon Bridges","3qnGvpP8Yth1AqSBMqON5x","sp:2TSVHmU9pkzCVaJk3GGXGO","2026-09-25"
"New releases week 41 2026","3OwN09P2K4lUmVaj735G6i","spotify:track:4wvV1SnYUP4SG9nzX8ja0t","Watch You Dance","Leon Bridges","3qnGvpP8Yth1AqSBMqON5x","sp:2TSVHmU9pkzCVaJk3GGXGO","2026-09-25"
"New releases week 41 2026","3OwN09P2K4lUmVaj735G6i","spotify:track:5SMNTKTX3oI0GYA2blIwvy","The Way It Goes","Leon Bridges","3qnGvpP8Yth1AqSBMqON5x","sp:2TSVHmU9pkzCVaJk3GGXGO","2026-09-25"
"New releases week 41 2026","3OwN09P2K4lUmVaj735G6i","spotify:track:47uy9EQlRbDdNMEF9V01Ge","Take My Hand","Leon Bridges","3qnGvpP8Yth1AqSBMqON5x","sp:2TSVHmU9pkzCVaJk3GGXGO","2026-09-25"
"New releases week 41 2026","3OwN09P2K4lUmVaj735G6i","spotify:track:36LXE1YiCOA0v36VL7lqSi","Please Don't Say Goodbye","Leon Bridges","3qnGvpP8Yth1AqSBMqON5x","sp:2TSVHmU9pkzCVaJk3GGXGO","2026-09-25"
"New releases week 41 2026","3OwN09P2K4lUmVaj735G6i","spotify:track:5P9U1gHw09Jx9jPnfXbAxh","Know By Now","Foy Vance","4bUqnkrDrb4f7rqmDR9yDu","sp:1kDxewOjZxvBtzkC2q1MtV","2026-09-25"
"New releases week 41 2026","3OwN09P2K4lUmVaj735G6i","spotify:track:2uV2SKjbklho6UWVfFqXQi","Fatal Eyes","Patrik Jean","5QCf1Qb08Q4E3EPnyo8mw1","sp:4d4ZokMyvDooWBOSaaGYcy","2026-09-25"
"New releases week 41 2026","3OwN09P2K4lUmVaj735G6i","spotify:track:3AaDSU2FT3Iq5FQchhmYKL","Don't Be That Guy","Haley Mae Campbell","2NDqx1z4TTkFr0QOnk8nX3","sp:6by3aP99ZkTuF0SvIxrgai","2026-09-25"
"New releases week 41 2026","3OwN09P2K4lUmVaj735G6i","spotify:track:6tfERGm53W3d63me5HRSBI","Is It Really Love?","BLUTH","0gemmZ2Ruimn75T84xdjlq","sp:3ri9kXGpZw1LGvhQJ5GSFu","2026-09-25"
"New releases week 41 2026","3OwN09P2K4lUmVaj735G6i","spotify:track:0fh9KisyOciquifVrB7lmd","All In","Seph Schlueter","3rdJD72bitczKtW5yNgAA4","sp:43sB8hIB7HyFj06HtYM5PQ","2026-09-25"
"New releases week 41 2026","3OwN09P2K4lUmVaj735G6i","spotify:track:1lhRQVH3yyvqkywiaQjbk4","Bye Bye","Seph Schlueter","3rdJD72bitczKtW5yNgAA4","sp:43sB8hIB7HyFj06HtYM5PQ","2026-09-25"
"New releases week 41 2026","3OwN09P2K4lUmVaj735G6i","spotify:track:2znfSVTia8eczAjf1rjqhW","Valley Of Worship","Seph Schlueter","3rdJD72bitczKtW5yNgAA4","sp:43sB8hIB7HyFj06HtYM5PQ","2026-09-25"
"New releases week 41 2026","3OwN09P2K4lUmVaj735G6i","spotify:track:6Sw3NHEco4bpZRfz4qaw9y","BETTER BACK THEN","David J","3PO1jRVb0lsv2140VTXOQo","sp:4uCe9y9vBtqrDuCs4r8AIk","2026-09-25"
"New releases week 41 2026","3OwN09P2K4lUmVaj735G6i","spotify:track:3nxbXvIXIWAtFlEookm5xv","Sweet Sound","Bob Schneider","4YOxTnmYogOpUPxrNTacvQ","sp:4Ue7jSgVTA6mJu0sKApwdM","2026-09-25"
"New releases week 41 2026","3OwN09P2K4lUmVaj735G6i","spotify:track:0nxX810PVXfqv5hm8lAwc1","Banging on the Buddah","Bob Schneider","4YOxTnmYogOpUPxrNTacvQ","sp:4Ue7jSgVTA6mJu0sKApwdM","2026-09-25"
"New releases week 41 2026","3OwN09P2K4lUmVaj735G6i","spotify:track:0MQsOoFXJTMt8FvHukV1lH","Pencil Me In","Bob Schneider","4YOxTnmYogOpUPxrNTacvQ","sp:4Ue7jSgVTA6mJu0sKApwdM","2026-09-25"
"New releases week 41 2026","3OwN09P2K4lUmVaj735G6i","spotify:track:0UsgC6HHeB2HVN28UnPeou","Cashville","Bob Schneider","4YOxTnmYogOpUPxrNTacvQ","sp:4Ue7jSgVTA6mJu0sKApwdM","2026-09-25"
"New releases week 41 2026","3OwN09P2K4lUmVaj735G6i","spotify:track:5TPHuqu4FZmMg85h9biAXs","Trouble Down the Line","Bob Schneider","4YOxTnmYogOpUPxrNTacvQ","sp:4Ue7jSgVTA6mJu0sKApwdM","2026-09-25"
"New releases week 41 2026","3OwN09P2K4lUmVaj735G6i","spotify:track:649CsPi903allbfs0ruT3A","Hearts Got a Hole in It","Bob Schneider","4YOxTnmYogOpUPxrNTacvQ","sp:4Ue7jSgVTA6mJu0sKApwdM","2026-09-25"
"New releases week 41 2026","3OwN09P2K4lUmVaj735G6i","spotify:track:15Y99qP4WXjvwrnawcAwZi","The Bullet and the Gun","Bob Schneider","4YOxTnmYogOpUPxrNTacvQ","sp:4Ue7jSgVTA6mJu0sKApwdM","2026-09-25"
"New releases week 41 2026","3OwN09P2K4lUmVaj735G6i","spotify:track:2Z5tVeSre9eNLPWjFVIqCz","Let It Go","Bob Schneider","4YOxTnmYogOpUPxrNTacvQ","sp:4Ue7jSgVTA6mJu0sKApwdM","2026-09-25"
"New releases week 41 2026","3OwN09P2K4lUmVaj735G6i","spotify:track:3bxpw84rG0oOqUechQQoKh","The Label of the Lord","Bob Schneider","4YOxTnmYogOpUPxrNTacvQ","sp:4Ue7jSgVTA6mJu0sKApwdM","2026-09-25"
"New releases week 41 2026","3OwN09P2K4lUmVaj735G6i","spotify:track:2VnhPSs7zUYC15lfgKgnws","Good Luck","Bob Schneider","4YOxTnmYogOpUPxrNTacvQ","sp:4Ue7jSgVTA6mJu0sKApwdM","2026-09-25"
"New releases week 41 2026","3OwN09P2K4lUmVaj735G6i","spotify:track:42Cwu9BGHnGBBNjK7BDPCC","Hillbilly Elephant","Bob Schneider","4YOxTnmYogOpUPxrNTacvQ","sp:4Ue7jSgVTA6mJu0sKApwdM","2026-09-25"
"New releases week 41 2026","3OwN09P2K4lUmVaj735G6i","spotify:track:5r8xumLMgg5srShCu1DV9F","You Are So Beautiful","Bob Schneider","4YOxTnmYogOpUPxrNTacvQ","sp:4Ue7jSgVTA6mJu0sKApwdM","2026-09-25"
"New releases week 41 2026","3OwN09P2K4lUmVaj735G6i","spotify:track:56kALjOLDqDHmZzE5vHi2e","Maya Maya","Ehrling","5wo7dlNLNdFmaaU7NTtdoT","sp:5YsoEQLXvqikqN0SWerf5t","2026-09-25"
"New releases week 41 2026","3OwN09P2K4lUmVaj735G6i","spotify:track:1uDE1i0vKShnfiUdVoMjzw","Radiate","Ehrling","5wo7dlNLNdFmaaU7NTtdoT","sp:5YsoEQLXvqikqN0SWerf5t","2026-09-25"
"New releases week 41 2026","3OwN09P2K4lUmVaj735G6i","spotify:track:35VhxqZ2blPTOoFk8hViY2","Never Let Me Go","Ehrling","5wo7dlNLNdFmaaU7NTtdoT","sp:5YsoEQLXvqikqN0SWerf5t","2026-09-25"
"New releases week 41 2026","3OwN09P2K4lUmVaj735G6i","spotify:track:3MvHDvgZwf5dUZ35SvpIxs","Bounce","Ehrling","5wo7dlNLNdFmaaU7NTtdoT","sp:5YsoEQLXvqikqN0SWerf5t","2026-09-25"
"New releases week 41 2026","3OwN09P2K4lUmVaj735G6i","spotify:track:7u9xZBASmAXC8s7yUaDH5q","Amor","Ehrling","5wo7dlNLNdFmaaU7NTtdoT","sp:5YsoEQLXvqikqN0SWerf5t","2026-09-25"
"New releases week 41 2026","3OwN09P2K4lUmVaj735G6i","spotify:track:5nFshUkEaI3poh7xBQtGUY","(Sittin' On) the Dock of the Bay","Ehrling","5wo7dlNLNdFmaaU7NTtdoT","sp:5YsoEQLXvqikqN0SWerf5t","2026-09-25"
"New releases week 41 2026","3OwN09P2K4lUmVaj735G6i","spotify:track:2tsAEqBQQxgzTkRLIU5XDR","Blues","Ehrling","5wo7dlNLNdFmaaU7NTtdoT","sp:5YsoEQLXvqikqN0SWerf5t","2026-09-25"
"New releases week 41 2026","3OwN09P2K4lUmVaj735G6i","spotify:track:1HtMJ9Dy3wLuj0VMtfwrtf","Fearless","Ehrling","5wo7dlNLNdFmaaU7NTtdoT","sp:5YsoEQLXvqikqN0SWerf5t","2026-09-25"
"New releases week 41 2026","3OwN09P2K4lUmVaj735G6i","spotify:track:1O0TR6Rqdc89pI7ORUK78d","Sun's Out","Ehrling","5wo7dlNLNdFmaaU7NTtdoT","sp:5YsoEQLXvqikqN0SWerf5t","2026-09-25"
"New releases week 41 2026","3OwN09P2K4lUmVaj735G6i","spotify:track:1rKkvu7qHmZfZbHOXo8aH0","Flares","Ehrling","5wo7dlNLNdFmaaU7NTtdoT","sp:5YsoEQLXvqikqN0SWerf5t","2026-09-25"
"New releases week 41 2026","3OwN09P2K4lUmVaj735G6i","spotify:track:20EYFJ84YGFrzvT0ahXr4g","Velocity","Ehrling","5wo7dlNLNdFmaaU7NTtdoT","sp:5YsoEQLXvqikqN0SWerf5t","2026-09-25"
"New releases week 41 2026","3OwN09P2K4lUmVaj735G6i","spotify:track:78BPtaDsUBE8BFkwVChfCS","Rebels In The Town","Roy Tosh","7JjM4ZFJffM5vti5m241ye","sp:0PsFmkddTM01glYKEXUGWk","2026-09-25"
"New releases week 41 2026","3OwN09P2K4lUmVaj735G6i","spotify:track:76V37AfGM3pfp8RZqmBGiL","Voicenote","Cozmic","3GrVzvy9sNlUSaocuRrifW","sp:3Mg76I1GFtDXmZQYgeGyvd","2026-09-25"
"New releases week 41 2026","3OwN09P2K4lUmVaj735G6i","spotify:track:0DLliAWDGze05iDWhYKHpm","Cinnamon Sugar (It’s Love)","Flatland Cavalry","4SfGzWmeoNPKIOmiyc7Pav","sp:1s5nMFsfpXks97M1AT4YhT","2026-09-25"
